Date Time,DO conc (mg/L)  #21755292,Temp (°C)  #21755292,DO Adj (mg/L) c:1 2,DO Percent (%),Salinity (ppt)
05/07/24 09:00:00.0,8.57,19.10,,,
05/07/24 09:10:00.0,8.55,19.04,,,
05/07/24 09:20:00.0,8.59,19.16,,,
05/07/24 09:30:00.0,8.58,19.22,,,
05/07/24 09:40:00.0,8.58,19.18,,,
05/07/24 09:50:00.0,8.56,19.30,,,
05/07/24 10:00:00.0,8.51,19.74,,,
05/07/24 10:10:00.0,8.43,20.34,,,
05/07/24 10:20:00.0,8.33,20.94,,,
05/07/24 10:30:00.0,8.22,21.60,,,
05/07/24 10:40:00.0,8.10,22.32,,,
05/07/24 10:50:00.0,7.95,23.12,,,
05/07/24 11:00:00.0,7.80,23.98,,,
05/07/24 11:10:00.0,7.63,24.78,,,
05/07/24 11:20:00.0,7.64,25.80,,,
05/07/24 11:30:00.0,9.04,18.84,,,
05/07/24 11:40:00.0,10.46,15.90,,,
05/07/24 11:50:00.0,10.46,15.94,,,
05/07/24 12:00:00.0,10.52,16.04,,,
05/07/24 12:10:00.0,10.38,16.32,,,
05/07/24 12:20:00.0,10.48,17.48,,,
05/07/24 12:30:00.0,10.29,20.06,,,
05/07/24 12:40:00.0,9.85,22.02,,,
05/07/24 12:50:00.0,8.67,22.04,,,
05/07/24 13:00:00.0,10.40,14.60,9.15,108.3,30.1471
05/07/24 13:10:00.0,11.21,13.12,9.83,113.0,30.2823
05/07/24 13:20:00.0,11.55,12.66,10.13,115.2,30.2208
05/07/24 13:30:00.0,11.77,12.82,10.33,117.8,30.0953
05/07/24 13:40:00.0,11.70,13.14,10.28,117.9,29.9359
05/07/24 13:50:00.0,11.75,13.50,10.34,119.4,29.7686
05/07/24 14:00:00.0,11.72,13.86,10.33,120.0,29.6140
05/07/24 14:10:00.0,11.36,13.90,10.02,116.4,29.5383
05/07/24 14:20:00.0,11.46,13.46,10.08,116.3,29.7695
05/07/24 14:30:00.0,11.35,13.16,9.98,114.4,29.7950
05/07/24 14:40:00.0,11.57,13.38,10.18,117.2,29.7112
05/07/24 14:50:00.0,11.35,13.96,10.02,116.5,29.3585
05/07/24 15:00:00.0,11.20,14.12,9.89,115.3,29.3769
05/07/24 15:10:00.0,10.94,14.02,9.66,112.4,29.3302
05/07/24 15:20:00.0,11.28,14.10,9.96,116.1,29.3324
05/07/24 15:30:00.0,11.63,13.98,10.26,119.4,29.4163
05/07/24 15:40:00.0,11.77,13.98,10.39,120.8,29.3662
05/07/24 15:50:00.0,11.75,14.16,10.38,121.1,29.2779
05/07/24 16:00:00.0,11.71,14.04,10.33,120.3,29.3465
05/07/24 16:10:00.0,12.13,13.70,10.68,123.7,29.5797
05/07/24 16:20:00.0,12.23,13.12,10.74,123.1,29.8473
05/07/24 16:30:00.0,12.39,12.78,10.87,123.8,29.9616
05/07/24 16:40:00.0,12.36,12.62,10.83,123.0,30.0586
05/07/24 16:50:00.0,12.48,12.54,10.93,124.0,30.0917
05/07/24 17:00:00.0,12.42,12.68,10.89,123.8,29.9730
05/07/24 17:10:00.0,12.24,12.48,10.72,121.4,30.1241
05/07/24 17:20:00.0,12.18,12.30,10.66,120.3,30.2306
05/07/24 17:30:00.0,12.03,12.20,10.52,118.6,30.2445
05/07/24 17:40:00.0,12.09,12.04,10.57,118.7,30.3106
05/07/24 17:50:00.0,11.96,11.84,10.44,116.9,30.4677
05/07/24 18:00:00.0,11.92,11.66,10.39,116.0,30.5661
05/07/24 18:10:00.0,11.97,11.50,10.43,116.1,30.7065
05/07/24 18:20:00.0,12.24,11.28,10.65,118.1,30.8285
05/07/24 18:30:00.0,12.52,11.10,10.88,120.3,30.9561
05/07/24 18:40:00.0,12.46,11.02,10.82,119.5,31.0129
05/07/24 18:50:00.0,12.51,10.94,10.86,119.8,31.0546
05/07/24 19:00:00.0,12.50,10.96,10.85,119.7,31.0363
05/07/24 19:10:00.0,12.28,10.94,10.66,117.5,31.0664
05/07/24 19:20:00.0,12.15,10.96,10.54,116.3,31.0673
05/07/24 19:30:00.0,12.13,10.98,10.53,116.2,31.0591
05/07/24 19:40:00.0,12.11,11.02,10.51,116.1,31.0717
05/07/24 19:50:00.0,12.06,11.08,10.47,115.8,31.0434
05/07/24 20:00:00.0,12.00,11.10,10.42,115.2,31.0512
05/07/24 20:10:00.0,11.97,11.10,10.39,115.0,31.0708
05/07/24 20:20:00.0,11.97,11.14,10.39,115.1,31.0374
05/07/24 20:30:00.0,11.93,11.20,10.36,114.8,31.0345
05/07/24 20:40:00.0,11.86,11.26,10.30,114.3,30.9949
05/07/24 20:50:00.0,11.85,11.36,10.29,114.5,30.9451
05/07/24 21:00:00.0,11.82,11.36,10.27,114.2,30.9174
05/07/24 21:10:00.0,11.81,11.30,10.27,113.9,30.8140
05/07/24 21:20:00.0,11.77,11.28,10.22,113.5,30.9568
05/07/24 21:30:00.0,11.75,11.26,10.20,113.2,30.9893
05/07/24 21:40:00.0,11.73,11.26,10.18,113.0,30.9748
05/07/24 21:50:00.0,11.70,11.28,10.16,112.8,30.9875
05/07/24 22:00:00.0,11.66,11.30,10.12,112.4,30.9907
05/07/24 22:10:00.0,11.61,11.30,10.08,111.9,30.9494
05/07/24 22:20:00.0,11.57,11.32,10.04,111.6,30.9595
05/07/24 22:30:00.0,11.53,11.32,10.01,111.2,30.9728
05/07/24 22:40:00.0,11.51,11.32,9.99,111.0,30.9667
05/07/24 22:50:00.0,11.47,11.34,9.95,110.7,30.9801
05/07/24 23:00:00.0,11.53,11.38,10.01,111.3,30.9147
05/07/24 23:10:00.0,11.51,11.50,10.00,111.4,30.8325
05/07/24 23:20:00.0,11.38,11.82,9.90,111.0,30.6652
05/07/24 23:30:00.0,11.40,11.86,9.92,111.3,30.6762
05/07/24 23:40:00.0,11.35,11.86,9.87,110.8,30.6810
05/07/24 23:50:00.0,11.37,11.86,9.89,111.0,30.6723
05/08/24 00:00:00.0,11.36,11.90,9.88,111.0,30.6574
05/08/24 00:10:00.0,11.34,11.96,9.87,110.9,30.6368
05/08/24 00:20:00.0,11.34,12.04,9.87,111.1,30.5910
05/08/24 00:30:00.0,11.28,12.16,9.83,110.8,30.4799
05/08/24 00:40:00.0,11.21,12.28,9.77,110.4,30.4474
05/08/24 00:50:00.0,11.13,12.36,9.70,109.8,30.4192
05/08/24 01:00:00.0,11.07,12.40,9.65,109.3,30.3876
05/08/24 01:10:00.0,11.03,12.40,9.62,108.9,30.3849
05/08/24 01:20:00.0,10.95,12.40,9.55,108.1,30.3954
05/08/24 01:30:00.0,10.91,12.36,9.51,107.6,30.4244
05/08/24 01:40:00.0,11.04,12.32,9.62,108.8,30.4424
05/08/24 01:50:00.0,11.05,12.38,9.63,109.1,30.3633
05/08/24 02:00:00.0,10.99,12.52,9.59,108.8,30.2511
05/08/24 02:10:00.0,10.92,12.64,9.53,108.4,30.2105
05/08/24 02:20:00.0,10.88,12.68,9.50,108.1,30.2008
05/08/24 02:30:00.0,10.85,12.72,9.47,107.9,30.1764
05/08/24 02:40:00.0,10.81,12.78,9.44,107.6,30.1193
05/08/24 02:50:00.0,10.77,12.80,9.41,107.3,30.1315
05/08/24 03:00:00.0,10.71,12.78,9.35,106.6,30.1369
05/08/24 03:10:00.0,10.64,12.78,9.29,105.9,30.1470
05/08/24 03:20:00.0,10.59,12.76,9.24,105.4,30.1615
05/08/24 03:30:00.0,10.53,12.76,9.19,104.8,30.1487
05/08/24 03:40:00.0,10.73,12.84,9.37,106.9,30.0754
05/08/24 03:50:00.0,10.74,12.92,9.38,107.2,30.0433
05/08/24 04:00:00.0,10.73,12.94,9.37,107.2,30.0487
05/08/24 04:10:00.0,10.72,12.94,9.36,107.1,30.0450
05/08/24 04:20:00.0,10.72,12.94,9.36,107.0,30.0515
05/08/24 04:30:00.0,10.64,12.90,9.29,106.1,30.0798
05/08/24 04:40:00.0,10.69,12.82,9.33,106.4,30.1216
05/08/24 04:50:00.0,10.59,12.80,9.24,105.4,30.1157
05/08/24 05:00:00.0,10.36,12.78,9.04,103.1,30.1338
05/08/24 05:10:00.0,10.27,12.76,8.96,102.1,30.1189
05/08/24 05:20:00.0,10.29,12.76,8.98,102.3,30.1288
05/08/24 05:30:00.0,10.32,12.76,9.00,102.6,30.1397
05/08/24 05:40:00.0,10.37,12.76,9.05,103.1,30.1474
05/08/24 05:50:00.0,10.48,12.72,9.14,104.1,30.1690
05/08/24 06:00:00.0,10.35,12.70,9.03,102.7,30.1494
05/08/24 06:10:00.0,10.30,12.68,8.98,102.2,30.2559
05/08/24 06:20:00.0,10.40,12.34,9.06,102.4,30.2706
05/08/24 06:30:00.0,10.17,12.34,8.84,100.1,30.5545
05/08/24 06:40:00.0,10.44,12.00,9.06,102.0,30.6591
05/08/24 06:50:00.0,10.42,11.90,9.04,101.5,30.6928
05/08/24 07:00:00.0,10.43,11.86,9.05,101.5,30.7057
05/08/24 07:10:00.0,10.53,11.72,9.13,102.2,30.8326
05/08/24 07:20:00.0,10.67,11.54,9.24,103.1,30.9156
05/08/24 07:30:00.0,10.65,11.46,9.22,102.7,30.9282
05/08/24 07:40:00.0,10.73,11.48,9.29,103.5,30.9267
05/08/24 07:50:00.0,10.68,11.40,9.24,102.9,30.9809
05/08/24 08:00:00.0,10.71,11.28,9.26,102.9,31.0256
05/08/24 08:10:00.0,10.75,11.12,9.29,102.9,31.0911
05/08/24 08:20:00.0,10.81,10.92,9.33,103.0,31.2122
05/08/24 08:30:00.0,10.82,10.68,9.33,102.5,31.2355
05/08/24 08:40:00.0,10.87,10.54,9.37,102.6,31.3749
05/08/24 08:50:00.0,10.87,10.50,9.36,102.5,31.3947
05/08/24 09:00:00.0,10.85,10.52,9.35,102.4,31.3728
05/08/24 09:10:00.0,10.88,10.88,9.40,103.5,31.0855
05/08/24 09:20:00.0,10.95,11.06,9.46,104.6,31.0387
05/08/24 09:30:00.0,10.93,11.12,9.44,104.5,31.0612
05/08/24 09:40:00.0,10.95,11.12,9.46,104.7,31.0536
05/08/24 09:50:00.0,10.97,11.12,9.48,104.9,31.0491
05/08/24 10:00:00.0,11.04,11.14,9.54,105.6,31.0301
05/08/24 10:10:00.0,11.04,11.18,9.54,105.7,31.0120
05/08/24 10:20:00.0,11.04,11.22,9.54,105.8,31.0045
05/08/24 10:30:00.0,11.04,11.24,9.54,105.8,30.9462
05/08/24 10:40:00.0,11.02,11.24,9.52,105.6,31.0079
05/08/24 10:50:00.0,11.03,11.20,9.53,105.6,30.9692
05/08/24 11:00:00.0,10.99,11.18,9.50,105.2,30.9794
05/08/24 11:10:00.0,10.97,11.24,9.48,105.1,30.9738
05/08/24 11:20:00.0,10.95,11.28,9.46,105.0,30.9393
05/08/24 11:30:00.0,10.89,11.34,9.41,104.6,30.8899
05/08/24 11:40:00.0,10.91,11.36,9.43,104.8,30.8741
05/08/24 11:50:00.0,10.95,11.38,9.47,105.3,30.8643
05/08/24 12:00:00.0,10.93,11.50,9.46,105.4,30.7500
05/08/24 12:10:00.0,10.88,11.70,9.42,105.4,30.6661
05/08/24 12:20:00.0,10.86,11.82,9.41,105.4,30.6001
05/08/24 12:30:00.0,10.87,11.84,9.42,105.6,30.6363
05/08/24 12:40:00.0,10.86,11.86,9.41,105.5,30.6171
05/08/24 12:50:00.0,10.89,11.88,9.43,105.9,30.6316
05/08/24 13:00:00.0,10.87,11.86,9.42,105.6,30.5726
05/08/24 13:10:00.0,10.86,11.82,9.40,105.4,30.6796
05/08/24 13:20:00.0,10.84,11.86,9.39,105.3,30.6183
05/08/24 13:30:00.0,10.82,11.92,9.37,105.3,30.6205
05/08/24 13:40:00.0,10.87,11.92,9.41,105.7,30.6329
05/08/24 13:50:00.0,10.89,11.92,9.43,105.9,30.6432
05/08/24 14:00:00.0,10.88,11.92,9.42,105.8,30.6332
05/08/24 14:10:00.0,10.92,11.96,9.46,106.3,30.6209
05/08/24 14:20:00.0,10.97,12.02,9.50,106.9,30.5744
05/08/24 14:30:00.0,10.93,12.08,9.47,106.7,30.5210
05/08/24 14:40:00.0,10.86,12.24,9.42,106.4,30.4157
05/08/24 14:50:00.0,10.86,12.32,9.42,106.6,30.3712
05/08/24 15:00:00.0,10.86,12.36,9.42,106.6,30.3741
05/08/24 15:10:00.0,10.88,12.38,9.44,106.9,30.3531
05/08/24 15:20:00.0,10.88,12.42,9.44,107.0,30.3613
05/08/24 15:30:00.0,10.87,12.44,9.43,106.9,30.3533
05/08/24 15:40:00.0,10.89,12.44,9.45,107.1,30.3449
05/08/24 15:50:00.0,10.87,12.44,9.43,106.9,30.3481
05/08/24 16:00:00.0,10.84,12.46,9.41,106.7,30.3143
05/08/24 16:10:00.0,10.81,12.48,9.38,106.4,30.2936
05/08/24 16:20:00.0,10.79,12.50,9.36,106.2,30.3136
05/08/24 16:30:00.0,10.77,12.50,9.35,106.0,30.3109
05/08/24 16:40:00.0,10.75,12.50,9.33,105.8,30.3198
05/08/24 16:50:00.0,10.76,12.52,9.34,106.0,30.3126
05/08/24 17:00:00.0,10.76,12.48,9.33,105.9,30.3958
05/08/24 17:10:00.0,10.79,12.40,9.36,106.0,30.3413
05/08/24 17:20:00.0,10.83,12.42,9.39,106.4,30.3697
05/08/24 17:30:00.0,10.92,12.32,9.46,107.0,30.4600
05/08/24 17:40:00.0,10.96,12.26,9.49,107.3,30.4914
05/08/24 17:50:00.0,10.95,12.26,9.49,107.2,30.4633
05/08/24 18:00:00.0,10.92,12.26,9.46,106.9,30.4744
05/08/24 18:10:00.0,10.58,12.24,9.16,103.5,30.5636
05/08/24 18:20:00.0,10.61,11.94,9.17,103.1,30.7227
05/08/24 18:30:00.0,10.61,11.76,9.17,102.7,30.7488
05/08/24 18:40:00.0,10.71,12.10,9.27,104.4,30.5797
05/08/24 18:50:00.0,10.58,12.10,9.15,103.2,30.6498
05/08/24 19:00:00.0,10.52,11.68,9.08,101.6,30.9061
05/08/24 19:10:00.0,10.65,11.28,9.17,101.9,31.0764
05/08/24 19:20:00.0,10.89,11.08,9.37,103.7,31.1425
05/08/24 19:30:00.0,10.97,11.02,9.44,104.3,31.1340
05/08/24 19:40:00.0,11.04,10.82,9.48,104.5,31.3249
05/08/24 19:50:00.0,11.10,10.62,9.52,104.6,31.4261
05/08/24 20:00:00.0,11.13,10.44,9.54,104.4,31.5046
05/08/24 20:10:00.0,11.17,10.36,9.57,104.6,31.5373
05/08/24 20:20:00.0,11.17,10.30,9.57,104.4,31.5669
05/08/24 20:30:00.0,11.15,10.28,9.55,104.2,31.5386
05/08/24 20:40:00.0,11.21,10.32,9.61,104.8,31.5021
05/08/24 20:50:00.0,11.12,10.30,9.52,103.9,31.5749
05/08/24 21:00:00.0,11.12,10.32,9.53,104.0,31.4485
05/08/24 21:10:00.0,11.10,10.38,9.51,103.9,31.4845
05/08/24 21:20:00.0,11.08,10.48,9.50,104.0,31.4320
05/08/24 21:30:00.0,11.01,10.56,9.44,103.5,31.4274
05/08/24 21:40:00.0,11.02,10.56,9.45,103.6,31.4087
05/08/24 21:50:00.0,11.01,10.58,9.44,103.5,31.3580
05/08/24 22:00:00.0,10.99,10.60,9.43,103.4,31.3674
05/08/24 22:10:00.0,10.99,10.64,9.43,103.5,31.3456
05/08/24 22:20:00.0,11.01,10.72,9.45,103.9,31.2839
05/08/24 22:30:00.0,11.01,10.86,9.46,104.2,31.1917
05/08/24 22:40:00.0,10.98,10.90,9.43,104.0,31.1825
05/08/24 22:50:00.0,10.95,10.86,9.40,103.6,31.2213
05/08/24 23:00:00.0,10.92,10.92,9.38,103.5,31.2175
05/08/24 23:10:00.0,10.91,10.94,9.37,103.4,31.1944
05/08/24 23:20:00.0,10.93,10.96,9.39,103.7,31.2008
05/08/24 23:30:00.0,10.85,10.98,9.32,102.9,31.1452
05/08/24 23:40:00.0,10.79,10.96,9.27,102.3,31.1754
05/08/24 23:50:00.0,10.76,10.92,9.24,101.9,31.2258
05/09/24 00:00:00.0,10.73,10.74,9.20,101.2,31.3310
05/09/24 00:10:00.0,10.76,10.90,9.24,101.9,31.1696
05/09/24 00:20:00.0,10.74,11.18,9.24,102.3,31.0017
05/09/24 00:30:00.0,10.77,11.36,9.27,103.0,30.9218
05/09/24 00:40:00.0,10.76,11.38,9.26,103.0,30.9357
05/09/24 00:50:00.0,10.75,11.36,9.25,102.8,30.9365
05/09/24 01:00:00.0,10.72,11.38,9.22,102.6,30.9137
05/09/24 01:10:00.0,10.73,11.44,9.24,102.8,30.7868
05/09/24 01:20:00.0,10.61,11.64,9.15,102.1,30.6869
05/09/24 01:30:00.0,10.47,11.80,9.03,101.2,30.6296
05/09/24 01:40:00.0,10.42,11.86,8.99,100.8,30.6158
05/09/24 01:50:00.0,10.43,11.84,9.00,100.8,30.6121
05/09/24 02:00:00.0,10.42,11.86,8.99,100.8,30.5782
05/09/24 02:10:00.0,10.33,11.84,8.91,99.9,30.6079
05/09/24 02:20:00.0,10.34,11.80,8.92,99.9,30.6042
05/09/24 02:30:00.0,10.35,11.82,8.93,100.0,30.5886
05/09/24 02:40:00.0,10.33,11.86,8.91,99.9,30.5958
05/09/24 02:50:00.0,10.32,11.86,8.90,99.8,30.5853
05/09/24 03:00:00.0,10.17,11.78,8.76,98.2,30.6567
05/09/24 03:10:00.0,10.23,11.78,8.82,98.7,30.6301
05/09/24 03:20:00.0,10.08,11.76,8.69,97.2,30.6424
05/09/24 03:30:00.0,10.05,11.84,8.67,97.1,30.5705
05/09/24 03:40:00.0,10.14,11.90,8.74,98.1,30.5486
05/09/24 03:50:00.0,10.03,11.84,8.65,96.9,30.5720
05/09/24 04:00:00.0,10.25,11.86,8.84,99.1,30.5335
05/09/24 04:10:00.0,10.18,11.94,8.78,98.6,30.4276
05/09/24 04:20:00.0,10.19,11.96,8.79,98.7,30.4429
05/09/24 04:30:00.0,10.09,11.96,8.71,97.7,30.4392
05/09/24 04:40:00.0,10.09,11.94,8.71,97.7,30.4220
05/09/24 04:50:00.0,9.83,11.88,8.48,95.0,30.4833
05/09/24 05:00:00.0,9.89,11.82,8.53,95.5,30.4861
05/09/24 05:10:00.0,9.64,11.74,8.31,92.9,30.5676
05/09/24 05:20:00.0,9.64,11.82,8.31,93.1,30.4531
05/09/24 05:30:00.0,9.58,11.92,8.27,92.7,30.3498
05/09/24 05:40:00.0,9.75,12.08,8.42,94.7,30.2056
05/09/24 05:50:00.0,9.83,12.22,8.50,95.7,30.1334
05/09/24 06:00:00.0,9.80,12.24,8.47,95.5,30.1602
05/09/24 06:10:00.0,9.81,12.22,8.48,95.5,30.1431
05/09/24 06:20:00.0,9.81,12.22,8.48,95.5,30.1306
05/09/24 06:30:00.0,9.86,12.22,8.52,96.0,30.1395
05/09/24 06:40:00.0,9.57,12.18,8.26,93.1,30.2642
05/09/24 06:50:00.0,9.74,12.20,8.41,94.8,30.2296
05/09/24 07:00:00.0,9.57,12.14,8.26,93.0,30.3273
05/09/24 07:10:00.0,9.46,12.02,8.15,91.7,30.5371
05/09/24 07:20:00.0,9.31,11.78,8.01,89.7,30.6890
05/09/24 07:30:00.0,9.27,11.64,7.97,89.0,30.7790
05/09/24 07:40:00.0,9.64,11.44,8.27,92.2,31.0167
05/09/24 07:50:00.0,9.81,11.14,8.41,93.1,31.1223
05/09/24 08:00:00.0,9.96,10.94,8.53,94.1,31.1748
05/09/24 08:10:00.0,10.07,10.86,8.62,95.0,31.2757
05/09/24 08:20:00.0,10.14,10.86,8.67,95.6,31.3029
05/09/24 08:30:00.0,10.14,10.88,8.68,95.7,31.2208
05/09/24 08:40:00.0,10.28,10.86,8.79,96.9,31.2807
05/09/24 08:50:00.0,10.26,10.98,8.78,97.0,31.1886
05/09/24 09:00:00.0,10.20,11.16,8.74,96.9,31.0841
05/09/24 09:10:00.0,10.18,11.18,8.72,96.7,31.0972
05/09/24 09:20:00.0,10.28,11.16,8.80,97.6,31.1281
05/09/24 09:30:00.0,10.37,11.14,8.88,98.4,31.1476
05/09/24 09:40:00.0,10.44,11.12,8.94,99.0,31.1846
05/09/24 09:50:00.0,10.84,11.00,9.27,102.5,31.3205
05/09/24 10:00:00.0,11.10,10.68,9.48,104.2,31.3314
05/09/24 10:10:00.0,11.20,10.62,9.56,105.0,31.4348
05/09/24 10:20:00.0,11.05,10.64,9.44,103.6,31.3104
05/09/24 10:30:00.0,10.97,10.72,9.37,103.1,31.3964
05/09/24 10:40:00.0,10.95,10.78,9.35,103.0,31.3660
05/09/24 10:50:00.0,11.01,10.86,9.41,103.8,31.3311
05/09/24 11:00:00.0,10.96,10.96,9.37,103.5,31.3048
05/09/24 11:10:00.0,11.17,10.98,9.55,105.5,31.3142
05/09/24 11:20:00.0,11.24,10.94,9.61,106.1,31.3150
05/09/24 11:30:00.0,11.18,10.86,9.55,105.3,31.3283
05/09/24 11:40:00.0,11.26,10.82,9.62,106.0,31.3472
05/09/24 11:50:00.0,11.17,11.10,9.56,105.8,31.1028
05/09/24 12:00:00.0,11.25,10.92,9.61,106.1,31.2930
05/09/24 12:10:00.0,11.34,10.80,9.68,106.7,31.3282
05/09/24 12:20:00.0,11.25,10.82,9.60,105.9,31.4037
05/09/24 12:30:00.0,11.24,10.86,9.60,105.9,31.3524
05/09/24 12:40:00.0,11.36,10.86,9.71,107.0,31.2624
05/09/24 12:50:00.0,11.23,10.96,9.59,106.0,31.3068
05/09/24 13:00:00.0,11.31,11.04,9.67,106.9,31.2448
05/09/24 13:10:00.0,11.33,11.18,9.69,107.5,31.1787
05/09/24 13:20:00.0,11.21,11.36,9.59,106.8,31.1024
05/09/24 13:30:00.0,11.23,11.34,9.61,106.9,31.1373
05/09/24 13:40:00.0,11.41,11.42,9.77,108.8,30.9931
05/09/24 13:50:00.0,11.25,11.42,9.63,107.3,31.0580
05/09/24 14:00:00.0,11.48,11.46,9.82,109.6,31.0739
05/09/24 14:10:00.0,11.46,11.52,9.81,109.5,31.0328
05/09/24 14:20:00.0,11.33,11.56,9.70,108.4,31.0182
05/09/24 14:30:00.0,11.32,11.66,9.70,108.5,30.9406
05/09/24 14:40:00.0,11.33,11.72,9.71,108.8,30.9244
05/09/24 14:50:00.0,11.27,11.78,9.66,108.3,30.7983
05/09/24 15:00:00.0,11.30,11.92,9.69,109.0,30.7442
05/09/24 15:10:00.0,10.99,12.28,9.45,106.8,30.4873
05/09/24 15:20:00.0,10.85,12.46,9.33,105.9,30.4679
05/09/24 15:30:00.0,10.91,12.56,9.39,106.7,30.4061
05/09/24 15:40:00.0,10.91,12.62,9.39,106.9,30.3886
05/09/24 15:50:00.0,11.01,12.60,9.47,107.8,30.4340
05/09/24 16:00:00.0,11.17,12.64,9.61,109.4,30.4196
05/09/24 16:10:00.0,11.35,12.70,9.77,111.3,30.3868
05/09/24 16:20:00.0,11.76,12.78,10.12,115.6,30.4011
05/09/24 16:30:00.0,12.00,12.82,10.33,118.0,30.4098
05/09/24 16:40:00.0,11.38,12.62,9.78,111.4,30.5412
05/09/24 16:50:00.0,11.48,12.48,9.86,112.0,30.5575
05/09/24 17:00:00.0,11.52,12.54,9.91,112.6,30.4116
05/09/24 17:10:00.0,11.69,12.56,10.05,114.3,30.5297
05/09/24 17:20:00.0,11.73,12.48,10.07,114.5,30.5922
05/09/24 17:30:00.0,11.47,12.24,9.84,111.3,30.7631
05/09/24 17:40:00.0,11.36,12.10,9.74,109.9,30.7959
05/09/24 17:50:00.0,11.14,11.90,9.54,107.3,30.8522
05/09/24 18:00:00.0,11.25,11.84,9.63,108.2,30.8665
05/09/24 18:10:00.0,11.20,11.86,9.59,107.7,30.8554
05/09/24 18:20:00.0,11.30,11.94,9.68,108.9,30.7519
05/09/24 18:30:00.0,11.37,11.98,9.74,109.6,30.7667
05/09/24 18:40:00.0,11.34,11.96,9.71,109.3,30.8217
05/09/24 18:50:00.0,11.25,11.86,9.63,108.2,30.8035
05/09/24 19:00:00.0,11.21,11.82,9.60,107.7,30.8160
05/09/24 19:10:00.0,11.22,11.84,9.61,107.8,30.8154
05/09/24 19:20:00.0,11.15,11.84,9.55,107.2,30.8076
05/09/24 19:30:00.0,11.12,11.80,9.52,106.8,30.8485
05/09/24 19:40:00.0,11.06,11.76,9.46,106.1,30.8794
05/09/24 19:50:00.0,11.14,11.56,9.52,106.4,31.0479
05/09/24 20:00:00.0,11.22,11.36,9.57,106.6,31.1931
05/09/24 20:10:00.0,11.34,11.12,9.66,107.2,31.3359
05/09/24 20:20:00.0,11.46,11.04,9.76,108.1,31.3749
05/09/24 20:30:00.0,11.46,10.98,9.76,107.9,31.3865
05/09/24 20:40:00.0,11.51,10.92,9.80,108.2,31.4138
05/09/24 20:50:00.0,11.51,10.86,9.79,108.1,31.4647
05/09/24 21:00:00.0,11.57,10.86,9.84,108.6,31.4492
05/09/24 21:10:00.0,11.55,10.94,9.83,108.7,31.4056
05/09/24 21:20:00.0,11.55,10.96,9.83,108.7,31.3660
05/09/24 21:30:00.0,11.53,10.96,9.81,108.5,31.4059
05/09/24 21:40:00.0,11.50,10.94,9.79,108.2,31.3990
05/09/24 21:50:00.0,11.47,10.98,9.77,108.0,31.3345
05/09/24 22:00:00.0,11.54,11.02,9.83,108.7,31.3315
05/09/24 22:10:00.0,11.47,10.98,9.76,108.0,31.4134
05/09/24 22:20:00.0,11.41,10.96,9.71,107.3,31.4431
05/09/24 22:30:00.0,11.38,10.90,9.68,106.9,31.4393
05/09/24 22:40:00.0,11.30,10.86,9.61,106.0,31.4675
05/09/24 22:50:00.0,11.37,10.88,9.67,106.7,31.4208
05/09/24 23:00:00.0,11.25,10.94,9.57,105.8,31.4279
05/09/24 23:10:00.0,11.34,10.96,9.65,106.7,31.3758
05/09/24 23:20:00.0,11.33,10.96,9.64,106.6,31.3595
05/09/24 23:30:00.0,11.16,10.94,9.49,104.9,31.4034
05/09/24 23:40:00.0,11.06,10.96,9.41,104.0,31.3902
05/09/24 23:50:00.0,11.06,10.96,9.41,104.0,31.3863
05/10/24 00:00:00.0,11.06,10.96,9.41,104.0,31.3990
05/10/24 00:10:00.0,11.16,10.98,9.49,105.0,31.3983
05/10/24 00:20:00.0,11.11,10.96,9.45,104.4,31.3867
05/10/24 00:30:00.0,10.93,10.92,9.29,102.7,31.4516
05/10/24 00:40:00.0,11.01,10.92,9.36,103.4,31.4064
05/10/24 00:50:00.0,11.03,10.94,9.38,103.6,31.3955
05/10/24 01:00:00.0,11.06,10.94,9.40,103.9,31.4043
05/10/24 01:10:00.0,11.07,10.96,9.41,104.0,31.3305
05/10/24 01:20:00.0,11.11,11.00,9.45,104.5,31.3532
05/10/24 01:30:00.0,11.18,11.06,9.51,105.3,31.2422
05/10/24 01:40:00.0,11.15,11.06,9.48,105.0,31.3410
05/10/24 01:50:00.0,11.14,11.04,9.47,104.9,31.3434
05/10/24 02:00:00.0,11.13,11.04,9.46,104.8,31.3824
05/10/24 02:10:00.0,11.08,11.02,9.42,104.2,31.3452
05/10/24 02:20:00.0,11.08,11.02,9.42,104.2,31.3632
05/10/24 02:30:00.0,11.01,11.00,9.36,103.5,31.3648
05/10/24 02:40:00.0,11.02,11.00,9.36,103.6,31.3790
05/10/24 02:50:00.0,11.05,10.98,9.39,103.8,31.3082
05/10/24 03:00:00.0,10.97,11.08,9.33,103.3,31.2234
05/10/24 03:10:00.0,10.82,11.36,9.21,102.6,31.0952
05/10/24 03:20:00.0,10.75,11.42,9.16,102.0,31.0808
05/10/24 03:30:00.0,10.66,11.50,9.09,101.4,30.9868
05/10/24 03:40:00.0,10.59,11.52,9.03,100.7,30.9807
05/10/24 03:50:00.0,10.54,11.54,8.98,100.3,30.9893
05/10/24 04:00:00.0,10.53,11.66,8.98,100.5,30.8900
05/10/24 04:10:00.0,10.46,11.64,8.92,99.8,30.8568
05/10/24 04:20:00.0,10.40,11.70,8.87,99.3,30.8418
05/10/24 04:30:00.0,10.35,11.78,8.83,99.0,30.7819
05/10/24 04:40:00.0,10.23,11.72,8.73,97.7,30.8622
05/10/24 04:50:00.0,10.39,11.46,8.84,98.7,31.1462
05/10/24 05:00:00.0,10.32,11.66,8.81,98.4,30.7101
05/10/24 05:10:00.0,10.33,11.90,8.82,99.1,30.6643
05/10/24 05:20:00.0,10.29,12.10,8.80,99.1,30.5833
05/10/24 05:30:00.0,10.33,12.02,8.83,99.3,30.6372
05/10/24 05:40:00.0,10.64,11.80,9.07,101.8,30.8981
05/10/24 05:50:00.0,10.58,11.70,9.02,101.0,30.9389
05/10/24 06:00:00.0,10.59,11.62,9.02,100.9,30.9936
05/10/24 06:10:00.0,10.64,11.58,9.06,101.3,31.0141
05/10/24 06:20:00.0,10.62,11.56,9.04,101.0,31.0002
05/10/24 06:30:00.0,10.53,11.54,8.97,100.1,30.9742
05/10/24 06:40:00.0,10.37,11.60,8.83,98.7,30.9466
05/10/24 06:50:00.0,10.33,11.62,8.80,98.4,30.9628
05/10/24 07:00:00.0,10.47,11.58,8.91,99.6,31.0245
05/10/24 07:10:00.0,10.46,11.52,8.90,99.4,31.0288
05/10/24 07:20:00.0,10.43,11.48,8.87,99.0,31.0633
05/10/24 07:30:00.0,10.20,11.30,8.67,96.4,31.1468
05/10/24 07:40:00.0,10.18,11.24,8.65,96.1,31.1483
05/10/24 07:50:00.0,10.16,11.22,8.63,95.8,31.1593
05/10/24 08:00:00.0,10.15,11.24,8.62,95.8,31.1503
05/10/24 08:10:00.0,10.17,11.22,8.64,95.9,31.1765
05/10/24 08:20:00.0,10.28,11.30,8.74,97.1,31.1177
05/10/24 08:30:00.0,10.38,11.36,8.82,98.2,31.1404
05/10/24 08:40:00.0,10.30,11.32,8.75,97.4,31.1789
05/10/24 08:50:00.0,10.30,11.30,8.75,97.3,31.1952
05/10/24 09:00:00.0,10.44,11.32,8.87,98.7,31.1384
05/10/24 09:10:00.0,10.59,11.32,8.99,100.1,31.2750
05/10/24 09:20:00.0,10.79,11.16,9.15,101.6,31.3461
05/10/24 09:30:00.0,10.99,11.06,9.31,103.2,31.4504
05/10/24 09:40:00.0,10.81,11.06,9.16,101.5,31.3820
05/10/24 09:50:00.0,10.66,11.10,9.04,100.2,31.3558
05/10/24 10:00:00.0,10.68,11.10,9.05,100.4,31.3769
05/10/24 10:10:00.0,10.91,11.04,9.24,102.4,31.4751
05/10/24 10:20:00.0,11.30,10.86,9.56,105.6,31.5659
05/10/24 10:30:00.0,11.41,10.76,9.65,106.4,31.6266
05/10/24 10:40:00.0,11.56,10.72,9.78,107.7,31.5670
05/10/24 10:50:00.0,11.59,10.72,9.80,108.0,31.6403
05/10/24 11:00:00.0,11.59,10.74,9.80,108.0,31.6363
05/10/24 11:10:00.0,11.53,10.78,9.75,107.5,31.6043
05/10/24 11:20:00.0,11.59,10.82,9.80,108.2,31.5830
05/10/24 11:30:00.0,11.74,10.86,9.93,109.7,31.5534
05/10/24 11:40:00.0,11.41,10.90,9.65,106.7,31.5222
05/10/24 11:50:00.0,11.79,10.94,9.98,110.3,31.4941
05/10/24 12:00:00.0,11.81,10.98,10.00,110.6,31.4913
05/10/24 12:10:00.0,11.87,11.02,10.05,111.3,31.4452
05/10/24 12:20:00.0,11.92,11.06,10.09,111.9,31.4416
05/10/24 12:30:00.0,11.69,11.14,9.90,109.9,31.4373
05/10/24 12:40:00.0,11.91,11.10,10.08,111.8,31.4347
05/10/24 12:50:00.0,11.94,11.06,10.10,112.0,31.5240
05/10/24 13:00:00.0,12.01,11.14,10.17,112.9,31.4303
05/10/24 13:10:00.0,11.87,11.22,10.05,111.8,31.4528
05/10/24 13:20:00.0,12.02,11.08,10.17,112.8,31.4884
05/10/24 13:30:00.0,12.14,11.08,10.27,113.9,31.4932
05/10/24 13:40:00.0,12.18,11.12,10.31,114.4,31.4841
05/10/24 13:50:00.0,12.12,11.30,10.27,114.3,31.2386
05/10/24 14:00:00.0,11.85,11.42,10.04,112.1,31.2790
05/10/24 14:10:00.0,11.73,11.52,9.95,111.2,31.0831
05/10/24 14:20:00.0,11.72,11.62,9.94,111.3,31.2195
05/10/24 14:30:00.0,11.80,11.72,10.01,112.3,31.2059
05/10/24 14:40:00.0,11.90,11.84,10.10,113.6,31.1516
05/10/24 14:50:00.0,12.05,11.92,10.23,115.2,31.1475
05/10/24 15:00:00.0,11.99,11.92,10.17,114.6,31.1638
05/10/24 15:10:00.0,11.94,11.98,10.14,114.3,31.1147
05/10/24 15:20:00.0,12.00,12.08,10.19,115.1,31.0557
05/10/24 15:30:00.0,12.06,12.12,10.24,115.8,31.0362
05/10/24 15:40:00.0,11.93,12.26,10.14,114.9,30.8801
05/10/24 15:50:00.0,11.72,12.38,9.99,113.2,30.5787
05/10/24 16:00:00.0,11.44,12.46,9.75,110.7,30.5467
05/10/24 16:10:00.0,11.22,12.50,9.57,108.7,30.4853
05/10/24 16:20:00.0,11.01,12.50,9.39,106.6,30.4327
05/10/24 16:30:00.0,11.02,12.50,9.40,106.7,30.4736
05/10/24 16:40:00.0,10.99,12.48,9.37,106.4,30.4851
05/10/24 16:50:00.0,11.01,12.46,9.38,106.5,30.4953
05/10/24 17:00:00.0,11.03,12.44,9.40,106.6,30.5134
05/10/24 17:10:00.0,11.05,12.44,9.42,106.8,30.5141
05/10/24 17:20:00.0,11.10,12.48,9.46,107.4,30.5238
05/10/24 17:30:00.0,11.10,12.48,9.46,107.4,30.5292
05/10/24 17:40:00.0,11.21,12.50,9.55,108.5,30.5240
05/10/24 17:50:00.0,11.16,12.52,9.51,108.1,30.5305
05/10/24 18:00:00.0,11.20,12.48,9.53,108.3,30.6210
05/10/24 18:10:00.0,11.53,12.26,9.80,111.0,30.7759
05/10/24 18:20:00.0,11.60,12.20,9.86,111.5,30.8345
05/10/24 18:30:00.0,11.43,12.08,9.70,109.6,30.9108
05/10/24 18:40:00.0,11.35,11.98,9.63,108.5,30.9581
05/10/24 18:50:00.0,11.32,11.94,9.61,108.1,30.9571
05/10/24 19:00:00.0,11.41,11.96,9.68,109.0,30.9267
05/10/24 19:10:00.0,11.43,12.04,9.70,109.4,30.8983
05/10/24 19:20:00.0,11.41,12.08,9.69,109.3,30.9025
05/10/24 19:30:00.0,11.26,12.00,9.55,107.7,30.9741
05/10/24 19:40:00.0,11.22,11.90,9.51,107.1,31.0240
05/10/24 19:50:00.0,11.10,11.82,9.41,105.7,30.9636
05/10/24 20:00:00.0,11.14,11.84,9.44,106.1,31.0425
05/10/24 20:10:00.0,11.15,11.88,9.46,106.3,30.9673
05/10/24 20:20:00.0,11.16,11.90,9.46,106.5,31.0085
05/10/24 20:30:00.0,11.18,11.92,9.48,106.7,31.0010
05/10/24 20:40:00.0,11.17,11.90,9.46,106.5,31.0827
05/10/24 20:50:00.0,11.20,11.88,9.49,106.8,31.1003
05/10/24 21:00:00.0,10.96,11.76,9.28,104.2,31.2103
05/10/24 21:10:00.0,10.97,11.62,9.27,103.9,31.3153
05/10/24 21:20:00.0,10.99,11.48,9.29,103.8,31.3630
05/10/24 21:30:00.0,11.06,11.38,9.34,104.2,31.4156
05/10/24 21:40:00.0,11.08,11.30,9.35,104.2,31.4473
05/10/24 21:50:00.0,11.28,11.30,9.52,106.1,31.4314
05/10/24 22:00:00.0,11.47,11.34,9.68,108.0,31.4285
05/10/24 22:10:00.0,11.46,11.32,9.67,107.8,31.4259
05/10/24 22:20:00.0,11.40,11.30,9.62,107.2,31.4526
05/10/24 22:30:00.0,11.48,11.30,9.69,107.9,31.4409
05/10/24 22:40:00.0,11.38,11.30,9.60,107.0,31.4479
05/10/24 22:50:00.0,11.24,11.28,9.49,105.6,31.4159
05/10/24 23:00:00.0,11.31,11.26,9.54,106.2,31.4683
05/10/24 23:10:00.0,11.31,11.20,9.54,106.1,31.5149
05/10/24 23:20:00.0,11.24,11.12,9.47,105.2,31.5992
05/10/24 23:30:00.0,11.40,11.02,9.60,106.5,31.6211
05/10/24 23:40:00.0,11.37,10.98,9.57,106.1,31.6535
05/10/24 23:50:00.0,11.41,10.96,9.61,106.4,31.6417
05/11/24 00:00:00.0,11.38,10.98,9.59,106.2,31.5537
05/11/24 00:10:00.0,11.42,10.98,9.62,106.5,31.6246
05/11/24 00:20:00.0,11.36,11.00,9.57,106.0,31.5822
05/11/24 00:30:00.0,11.37,11.00,9.58,106.1,31.5306
05/11/24 00:40:00.0,11.34,11.00,9.55,105.8,31.6116
05/11/24 00:50:00.0,11.22,11.00,9.45,104.7,31.6196
05/11/24 01:00:00.0,11.04,11.00,9.29,103.0,31.6048
05/11/24 01:10:00.0,10.96,11.00,9.23,102.2,31.5530
05/11/24 01:20:00.0,11.14,11.00,9.38,103.9,31.6152
05/11/24 01:30:00.0,11.20,11.02,9.43,104.5,31.5336
05/11/24 01:40:00.0,11.07,11.08,9.32,103.4,31.5481
05/11/24 01:50:00.0,11.06,11.12,9.32,103.4,31.4511
05/11/24 02:00:00.0,11.10,11.12,9.34,103.8,31.5854
05/11/24 02:10:00.0,11.07,11.14,9.32,103.6,31.5246
05/11/24 02:20:00.0,11.03,11.16,9.29,103.2,31.5192
05/11/24 02:30:00.0,11.04,11.22,9.30,103.5,31.4640
05/11/24 02:40:00.0,11.06,11.22,9.32,103.6,31.4531
05/11/24 02:50:00.0,11.05,11.22,9.31,103.5,31.4641
05/11/24 03:00:00.0,11.03,11.20,9.29,103.3,31.4585
05/11/24 03:10:00.0,10.98,11.20,9.25,102.8,31.4524
05/11/24 03:20:00.0,10.96,11.18,9.23,102.6,31.4430
05/11/24 03:30:00.0,10.92,11.16,9.19,102.2,31.4868
05/11/24 03:40:00.0,10.87,11.16,9.15,101.7,31.4925
05/11/24 03:50:00.0,10.82,11.16,9.11,101.2,31.5034
05/11/24 04:00:00.0,10.78,11.14,9.07,100.8,31.5082
05/11/24 04:10:00.0,10.86,11.14,9.14,101.5,31.4904
05/11/24 04:20:00.0,10.83,11.16,9.12,101.3,31.4655
05/11/24 04:30:00.0,10.74,11.16,9.04,100.4,31.4390
05/11/24 04:40:00.0,10.67,11.18,8.99,99.8,31.4040
05/11/24 04:50:00.0,10.65,11.34,8.98,100.0,31.2947
05/11/24 05:00:00.0,10.54,11.50,8.89,99.3,31.1819
05/11/24 05:10:00.0,10.61,11.56,8.96,100.1,31.0585
05/11/24 05:20:00.0,10.64,11.64,8.98,100.6,31.1399
05/11/24 05:30:00.0,10.49,11.62,8.85,99.1,31.1469
05/11/24 05:40:00.0,10.44,11.64,8.81,98.7,31.1435
05/11/24 05:50:00.0,10.36,11.66,8.74,98.0,31.1072
05/11/24 06:00:00.0,10.12,11.62,8.54,95.6,31.1215
05/11/24 06:10:00.0,10.33,11.54,8.71,97.4,31.1761
05/11/24 06:20:00.0,10.42,11.46,8.79,98.1,31.0728
05/11/24 06:30:00.0,10.40,11.46,8.77,97.9,31.2233
05/11/24 06:40:00.0,10.33,11.44,8.71,97.2,31.2279
05/11/24 06:50:00.0,10.33,11.42,8.71,97.1,31.2186
05/11/24 07:00:00.0,10.24,11.44,8.63,96.3,31.2843
05/11/24 07:10:00.0,10.17,11.46,8.57,95.7,31.2782
05/11/24 07:20:00.0,10.27,11.42,8.65,96.5,31.2571
05/11/24 07:30:00.0,10.44,11.44,8.81,98.2,31.0506
05/11/24 07:40:00.0,10.47,11.50,8.83,98.6,31.1535
05/11/24 07:50:00.0,10.58,11.58,8.92,99.8,31.1396
05/11/24 08:00:00.0,10.58,11.58,8.92,99.8,31.1640
05/11/24 08:10:00.0,10.63,11.54,8.96,100.2,31.1770
05/11/24 08:20:00.0,10.57,11.36,8.90,99.2,31.2297
05/11/24 08:30:00.0,10.87,11.14,9.14,101.5,31.4733
05/11/24 08:40:00.0,11.13,11.14,9.36,103.9,31.4650
05/11/24 08:50:00.0,11.02,11.20,9.27,103.0,31.4055
05/11/24 09:00:00.0,11.01,11.28,9.26,103.1,31.3799
05/11/24 09:10:00.0,11.08,11.30,9.32,103.8,31.3739
05/11/24 09:20:00.0,11.10,11.36,9.34,104.1,31.2627
05/11/24 09:30:00.0,11.04,11.36,9.29,103.5,31.3517
05/11/24 09:40:00.0,11.21,11.30,9.43,105.0,31.3781
05/11/24 09:50:00.0,11.40,11.36,9.59,106.9,31.3725
05/11/24 10:00:00.0,11.30,11.38,9.50,106.0,31.3954
05/11/24 10:10:00.0,11.15,11.40,9.38,104.6,31.3979
05/11/24 10:20:00.0,10.89,11.38,9.15,102.1,31.4268
05/11/24 10:30:00.0,11.23,11.20,9.43,104.9,31.6116
05/11/24 10:40:00.0,11.47,10.94,9.61,106.5,31.7500
05/11/24 10:50:00.0,11.56,10.88,9.70,107.2,31.6138
05/11/24 11:00:00.0,11.64,10.86,9.75,107.9,31.7549
05/11/24 11:10:00.0,11.66,10.86,9.77,108.0,31.7510
05/11/24 11:20:00.0,11.71,10.88,9.81,108.5,31.7085
05/11/24 11:30:00.0,11.86,10.84,9.94,109.8,31.7055
05/11/24 11:40:00.0,12.02,10.86,10.07,111.3,31.7253
05/11/24 11:50:00.0,12.08,10.84,10.12,111.8,31.7997
05/11/24 12:00:00.0,12.06,10.88,10.11,111.8,31.7003
05/11/24 12:10:00.0,12.04,10.92,10.09,111.7,31.6477
05/11/24 12:20:00.0,12.06,11.00,10.11,112.1,31.7247
05/11/24 12:30:00.0,12.10,11.02,10.14,112.5,31.7382
05/11/24 12:40:00.0,12.20,11.06,10.22,113.5,31.7108
05/11/24 12:50:00.0,12.23,11.10,10.26,113.9,31.5913
05/11/24 13:00:00.0,12.19,11.18,10.22,113.7,31.6488
05/11/24 13:10:00.0,12.04,11.20,10.09,112.4,31.6725
05/11/24 13:20:00.0,11.99,11.22,10.05,111.9,31.6607
05/11/24 13:30:00.0,12.19,11.20,10.22,113.7,31.6624
05/11/24 13:40:00.0,12.18,11.26,10.21,113.8,31.6292
05/11/24 13:50:00.0,12.06,11.22,10.11,112.6,31.6523
05/11/24 14:00:00.0,12.01,11.20,10.06,112.0,31.6657
05/11/24 14:10:00.0,12.24,11.22,10.26,114.2,31.5630
05/11/24 14:20:00.0,12.13,11.28,10.17,113.4,31.6070
05/11/24 14:30:00.0,12.13,11.36,10.17,113.6,31.5666
05/11/24 14:40:00.0,12.20,11.50,10.24,114.6,31.4996
05/11/24 14:50:00.0,12.31,11.60,10.34,115.9,31.4297
05/11/24 15:00:00.0,12.35,11.72,10.37,116.6,31.4622
05/11/24 15:10:00.0,12.42,11.76,10.43,117.3,31.4274
05/11/24 15:20:00.0,12.39,11.82,10.41,117.2,31.3940
05/11/24 15:30:00.0,12.46,11.90,10.47,118.1,31.3743
05/11/24 15:40:00.0,12.45,11.92,10.46,118.0,31.3148
05/11/24 15:50:00.0,12.49,11.94,10.49,118.4,31.3507
05/11/24 16:00:00.0,12.55,11.96,10.55,119.1,31.3240
05/11/24 16:10:00.0,12.61,11.98,10.60,119.7,31.2899
05/11/24 16:20:00.0,12.73,12.06,10.70,121.0,31.3041
05/11/24 16:30:00.0,12.79,12.14,10.75,121.8,31.2837
05/11/24 16:40:00.0,12.56,12.14,10.56,119.6,31.2733
05/11/24 16:50:00.0,12.43,12.18,10.45,118.5,31.2311
05/11/24 17:00:00.0,12.33,12.14,10.36,117.4,31.2704
05/11/24 17:10:00.0,12.13,12.20,10.20,115.7,31.1629
05/11/24 17:20:00.0,12.18,12.26,10.25,116.3,31.1643
05/11/24 17:30:00.0,12.16,12.34,10.23,116.3,31.0856
05/11/24 17:40:00.0,12.31,12.42,10.36,117.9,31.0883
05/11/24 17:50:00.0,12.31,12.50,10.36,118.1,31.0477
05/11/24 18:00:00.0,12.43,12.58,10.47,119.5,30.9382
05/11/24 18:10:00.0,12.32,12.62,10.38,118.5,30.9752
05/11/24 18:20:00.0,12.35,12.64,10.40,118.9,30.9538
05/11/24 18:30:00.0,12.28,12.64,10.35,118.2,30.9534
05/11/24 18:40:00.0,12.21,12.66,10.29,117.6,30.9613
05/11/24 18:50:00.0,12.11,12.66,10.20,116.6,30.9201
05/11/24 19:00:00.0,12.03,12.64,10.13,115.8,30.9446
05/11/24 19:10:00.0,11.79,12.60,9.93,113.3,30.9527
05/11/24 19:20:00.0,11.64,12.58,9.80,111.8,30.9385
05/11/24 19:30:00.0,11.45,12.56,9.65,110.0,30.8149
05/11/24 19:40:00.0,11.76,12.58,9.90,113.0,30.9436
05/11/24 19:50:00.0,11.33,12.56,9.54,108.8,30.9379
05/11/24 20:00:00.0,11.43,12.54,9.62,109.7,30.9489
05/11/24 20:10:00.0,11.32,12.48,9.52,108.5,31.0314
05/11/24 20:20:00.0,11.52,12.32,9.68,110.0,31.1015
05/11/24 20:30:00.0,11.50,12.30,9.66,109.8,31.1434
05/11/24 20:40:00.0,11.42,12.28,9.60,108.9,31.1540
05/11/24 20:50:00.0,11.18,12.18,9.39,106.4,31.2258
05/11/24 21:00:00.0,11.16,11.98,9.36,105.7,31.3144
05/11/24 21:10:00.0,11.01,11.92,9.24,104.2,31.2639
05/11/24 21:20:00.0,10.98,11.94,9.21,103.9,31.2504
05/11/24 21:30:00.0,11.06,12.00,9.28,104.8,31.2143
05/11/24 21:40:00.0,10.93,11.96,9.17,103.5,31.2015
05/11/24 21:50:00.0,10.97,11.94,9.20,103.8,31.2528
05/11/24 22:00:00.0,10.86,11.88,9.11,102.6,31.3084
05/11/24 22:10:00.0,11.07,11.84,9.28,104.5,31.3572
05/11/24 22:20:00.0,11.15,11.82,9.34,105.2,31.3627
05/11/24 22:30:00.0,11.22,11.80,9.41,105.8,31.2700
05/11/24 22:40:00.0,11.16,11.80,9.35,105.2,31.3273
05/11/24 22:50:00.0,11.13,11.76,9.33,104.8,31.3154
05/11/24 23:00:00.0,11.03,11.74,9.24,103.9,31.4183
05/11/24 23:10:00.0,10.83,11.64,9.06,101.7,31.5008
05/11/24 23:20:00.0,10.65,11.56,8.91,99.9,31.4163
05/11/24 23:30:00.0,10.93,11.54,9.14,102.4,31.5499
05/11/24 23:40:00.0,11.25,11.52,9.41,105.4,31.5418
05/11/24 23:50:00.0,11.05,11.44,9.24,103.3,31.5321
05/12/24 00:00:00.0,11.07,11.40,9.25,103.4,31.5810
05/12/24 00:10:00.0,11.14,11.30,9.31,103.8,31.6397
05/12/24 00:20:00.0,11.21,11.26,9.36,104.3,31.6687
05/12/24 00:30:00.0,11.38,11.24,9.50,105.9,31.6876
05/12/24 00:40:00.0,11.31,11.20,9.44,105.1,31.6405
05/12/24 00:50:00.0,11.33,11.14,9.45,105.1,31.7464
05/12/24 01:00:00.0,11.33,11.14,9.45,105.1,31.7543
05/12/24 01:10:00.0,11.36,11.14,9.48,105.4,31.6897
05/12/24 01:20:00.0,11.30,11.14,9.43,104.9,31.6353
05/12/24 01:30:00.0,11.27,11.12,9.40,104.5,31.7221
05/12/24 01:40:00.0,11.24,11.12,9.38,104.2,31.6867
05/12/24 01:50:00.0,11.14,11.14,9.29,103.3,31.6863
05/12/24 02:00:00.0,11.07,11.20,9.24,102.8,31.6743
05/12/24 02:10:00.0,10.99,11.28,9.17,102.3,31.6912
05/12/24 02:20:00.0,10.91,11.28,9.11,101.5,31.6180
05/12/24 02:30:00.0,10.99,11.34,9.18,102.4,31.4911
05/12/24 02:40:00.0,11.05,11.48,9.23,103.3,31.4892
05/12/24 02:50:00.0,11.11,11.56,9.29,104.0,31.4315
05/12/24 03:00:00.0,11.06,11.60,9.25,103.7,31.2840
05/12/24 03:10:00.0,11.03,11.60,9.22,103.4,31.3815
05/12/24 03:20:00.0,11.02,11.60,9.21,103.3,31.4530
05/12/24 03:30:00.0,10.96,11.58,9.16,102.7,31.4435
05/12/24 03:40:00.0,10.97,11.58,9.17,102.7,31.4477
05/12/24 03:50:00.0,10.94,11.58,9.14,102.5,31.4680
05/12/24 04:00:00.0,10.93,11.54,9.13,102.3,31.4222
05/12/24 04:10:00.0,10.93,11.54,9.13,102.3,31.3902
05/12/24 04:20:00.0,10.82,11.52,9.04,101.2,31.5005
05/12/24 04:30:00.0,10.74,11.50,8.97,100.4,31.5099
05/12/24 04:40:00.0,10.65,11.48,8.89,99.5,31.4990
05/12/24 04:50:00.0,10.77,11.48,8.99,100.6,31.5089
05/12/24 05:00:00.0,10.78,11.52,9.00,100.8,31.4166
05/12/24 05:10:00.0,10.74,11.58,8.97,100.5,31.3755
05/12/24 05:20:00.0,10.73,11.68,8.97,100.7,31.3492
05/12/24 05:30:00.0,10.71,11.76,8.96,100.7,31.1736
05/12/24 05:40:00.0,10.64,11.76,8.90,100.0,31.3054
05/12/24 05:50:00.0,10.74,11.84,8.99,101.1,31.1689
05/12/24 06:00:00.0,10.68,11.86,8.93,100.6,31.2446
05/12/24 06:10:00.0,10.71,11.88,8.97,100.9,31.1022
05/12/24 06:20:00.0,10.69,11.90,8.94,100.8,31.2245
05/12/24 06:30:00.0,10.64,11.92,8.90,100.3,31.2183
05/12/24 06:40:00.0,10.72,11.92,8.97,101.1,31.2248
05/12/24 06:50:00.0,10.73,11.86,8.97,101.0,31.3201
05/12/24 07:00:00.0,10.75,11.78,8.98,101.0,31.3707
05/12/24 07:10:00.0,10.85,11.74,9.06,101.9,31.3984
05/12/24 07:20:00.0,10.94,11.74,9.14,102.7,31.3998
05/12/24 07:30:00.0,10.88,11.76,9.09,102.2,31.3095
05/12/24 07:40:00.0,10.92,11.78,9.12,102.6,31.4138
05/12/24 07:50:00.0,11.14,11.80,9.31,104.7,31.3085
05/12/24 08:00:00.0,11.01,11.96,9.21,103.9,31.1328
05/12/24 08:10:00.0,10.73,12.10,8.98,101.5,31.0326
05/12/24 08:20:00.0,10.72,12.18,8.98,101.6,30.9181
05/12/24 08:30:00.0,10.79,12.24,9.04,102.4,31.0222
05/12/24 08:40:00.0,10.91,12.28,9.14,103.6,30.9271
05/12/24 08:50:00.0,10.95,12.32,9.17,104.1,30.9700
05/12/24 09:00:00.0,10.94,12.38,9.16,104.1,30.9575
05/12/24 09:10:00.0,10.77,12.46,9.03,102.7,30.8912
05/12/24 09:20:00.0,10.92,12.52,9.15,104.3,30.8557
05/12/24 09:30:00.0,11.05,12.56,9.26,105.6,30.8738
05/12/24 09:40:00.0,11.25,12.40,9.42,107.1,31.0440
05/12/24 09:50:00.0,11.37,12.20,9.51,107.8,31.1716
05/12/24 10:00:00.0,11.45,12.10,9.57,108.3,31.2379
05/12/24 10:10:00.0,11.47,12.06,9.58,108.4,31.2988
05/12/24 10:20:00.0,11.36,11.98,9.48,107.1,31.3330
05/12/24 10:30:00.0,11.33,11.94,9.47,106.7,31.2005
05/12/24 10:40:00.0,11.31,11.92,9.44,106.5,31.3789
05/12/24 10:50:00.0,11.35,11.94,9.47,106.9,31.3851
05/12/24 11:00:00.0,11.43,12.00,9.54,107.8,31.3402
05/12/24 11:10:00.0,11.44,12.02,9.55,107.9,31.2832
05/12/24 11:20:00.0,11.67,12.08,9.74,110.2,31.3360
05/12/24 11:30:00.0,11.73,12.12,9.80,110.9,31.1938
05/12/24 11:40:00.0,11.85,12.18,9.89,112.2,31.2760
05/12/24 11:50:00.0,12.00,12.26,10.03,113.8,31.1822
05/12/24 12:00:00.0,12.10,12.36,10.11,115.0,31.2027
05/12/24 12:10:00.0,11.82,12.46,9.88,112.6,31.1256
05/12/24 12:20:00.0,11.46,12.36,9.57,108.9,31.2327
05/12/24 12:30:00.0,11.57,12.34,9.66,109.9,31.2239
05/12/24 12:40:00.0,11.56,12.32,9.65,109.8,31.2213
05/12/24 12:50:00.0,11.60,12.30,9.68,110.1,31.2907
05/12/24 13:00:00.0,11.59,12.28,9.67,109.9,31.3202
05/12/24 13:10:00.0,11.55,12.30,9.64,109.6,31.2204
05/12/24 13:20:00.0,11.71,12.34,9.78,111.2,31.2349
05/12/24 13:30:00.0,11.65,12.34,9.73,110.6,31.1547
05/12/24 13:40:00.0,11.69,12.34,9.76,111.0,31.2230
05/12/24 13:50:00.0,11.64,12.34,9.71,110.5,31.3051
05/12/24 14:00:00.0,11.69,12.42,9.76,111.2,31.2131
05/12/24 14:10:00.0,11.72,12.50,9.79,111.7,31.1826
05/12/24 14:20:00.0,11.71,12.58,9.78,111.8,31.1713
05/12/24 14:30:00.0,11.72,12.66,9.79,112.1,31.1388
05/12/24 14:40:00.0,11.74,12.70,9.81,112.3,31.1149
05/12/24 14:50:00.0,11.71,12.74,9.79,112.1,31.0816
05/12/24 15:00:00.0,11.71,12.78,9.79,112.2,31.0413
05/12/24 15:10:00.0,11.74,12.82,9.83,112.6,30.8342
05/12/24 15:20:00.0,11.74,12.90,9.82,112.8,30.9562
05/12/24 15:30:00.0,11.76,12.92,9.84,113.1,30.9478
05/12/24 15:40:00.0,11.75,12.94,9.84,113.0,30.7855
05/12/24 15:50:00.0,11.72,12.94,9.82,112.7,30.7168
05/12/24 16:00:00.0,11.74,12.92,9.84,112.8,30.6667
05/12/24 16:10:00.0,11.77,12.94,9.86,113.2,30.6838
05/12/24 16:20:00.0,11.70,12.98,9.79,112.6,30.9392
05/12/24 16:30:00.0,11.65,12.98,9.76,112.1,30.6266
05/12/24 16:40:00.0,11.65,13.00,9.76,112.2,30.6147
05/12/24 16:50:00.0,11.61,13.04,9.73,111.9,30.5613
05/12/24 17:00:00.0,11.66,13.04,9.77,112.3,30.5956
05/12/24 17:10:00.0,11.67,13.08,9.76,112.5,30.9217
05/12/24 17:20:00.0,11.64,13.08,9.74,112.2,30.8535
05/12/24 17:30:00.0,11.56,13.08,9.67,111.5,30.9280
05/12/24 17:40:00.0,11.52,13.06,9.63,111.0,30.9278
05/12/24 17:50:00.0,11.70,13.10,9.79,112.8,30.8961
05/12/24 18:00:00.0,11.80,13.22,9.87,114.1,30.8763
05/12/24 18:10:00.0,11.77,13.16,9.84,113.7,30.9389
05/12/24 18:20:00.0,11.95,13.14,10.00,115.3,30.8705
05/12/24 18:30:00.0,11.89,13.08,9.94,114.6,30.9368
05/12/24 18:40:00.0,11.83,13.08,9.89,114.0,30.9118
05/12/24 18:50:00.0,11.71,13.02,9.79,112.7,30.9090
05/12/24 19:00:00.0,11.73,13.04,9.81,112.9,30.8890
05/12/24 19:10:00.0,11.79,13.10,9.85,113.7,30.9276
05/12/24 19:20:00.0,11.85,13.08,9.90,114.2,30.9669
05/12/24 19:30:00.0,11.75,13.06,9.82,113.2,30.9583
05/12/24 19:40:00.0,11.69,13.02,9.77,112.5,30.9626
05/12/24 19:50:00.0,11.67,13.02,9.75,112.3,30.9552
05/12/24 20:00:00.0,11.59,13.00,9.68,111.4,30.9771
05/12/24 20:10:00.0,11.54,12.98,9.64,110.9,30.9826
05/12/24 20:20:00.0,11.47,12.96,9.58,110.2,30.9952
05/12/24 20:30:00.0,11.45,12.94,9.56,109.9,30.9761
05/12/24 20:40:00.0,11.46,12.94,9.57,110.0,30.9419
05/12/24 20:50:00.0,11.40,12.92,9.52,109.4,30.9790
05/12/24 21:00:00.0,11.26,12.88,9.40,107.9,31.0045
05/12/24 21:10:00.0,11.17,12.84,9.32,107.0,30.9645
05/12/24 21:20:00.0,11.17,12.80,9.32,106.9,31.0345
05/12/24 21:30:00.0,11.12,12.78,9.27,106.3,31.0518
05/12/24 21:40:00.0,11.12,12.78,9.28,106.3,31.0351
05/12/24 21:50:00.0,11.06,12.76,9.22,105.7,31.0736
05/12/24 22:00:00.0,10.94,12.76,9.13,104.6,30.9549
05/12/24 22:10:00.0,11.01,12.74,9.18,105.2,31.0402
05/12/24 22:20:00.0,10.97,12.72,9.15,104.7,31.0587
05/12/24 22:30:00.0,10.95,12.70,9.13,104.5,31.0174
05/12/24 22:40:00.0,10.96,12.70,9.14,104.6,31.0323
05/12/24 22:50:00.0,11.01,12.70,9.18,105.0,31.0649
05/12/24 23:00:00.0,11.02,12.66,9.18,105.0,31.0953
05/12/24 23:10:00.0,11.02,12.66,9.18,105.0,31.0539
05/12/24 23:20:00.0,10.89,12.68,9.07,103.8,31.0757
05/12/24 23:30:00.0,10.94,12.68,9.12,104.3,31.0425
05/12/24 23:40:00.0,10.94,12.70,9.12,104.3,31.0575
05/12/24 23:50:00.0,10.39,12.44,8.64,98.5,31.2742
05/13/24 00:00:00.0,10.46,12.10,8.68,98.4,31.5302
05/13/24 00:10:00.0,10.58,11.94,8.78,99.2,31.5121
05/13/24 00:20:00.0,10.59,11.88,8.79,99.1,31.4815
05/13/24 00:30:00.0,10.67,11.86,8.85,99.8,31.5549
05/13/24 00:40:00.0,10.73,11.84,8.89,100.3,31.6037
05/13/24 00:50:00.0,10.95,11.82,9.08,102.3,31.4712
05/13/24 01:00:00.0,10.81,11.80,8.96,101.0,31.5777
05/13/24 01:10:00.0,10.87,11.74,9.01,101.4,31.6433
05/13/24 01:20:00.0,10.87,11.70,9.01,101.3,31.5024
05/13/24 01:30:00.0,10.96,11.74,9.08,102.2,31.5907
05/13/24 01:40:00.0,11.14,11.78,9.23,104.0,31.5361
05/13/24 01:50:00.0,11.07,11.78,9.17,103.3,31.5869
05/13/24 02:00:00.0,10.97,11.76,9.09,102.3,31.5753
05/13/24 02:10:00.0,10.97,11.76,9.09,102.3,31.5900
05/13/24 02:20:00.0,10.89,11.78,9.03,101.6,31.5052
05/13/24 02:30:00.0,10.79,11.82,8.94,100.8,31.6233
05/13/24 02:40:00.0,10.71,11.82,8.88,100.0,31.4815
05/13/24 02:50:00.0,10.72,11.84,8.88,100.2,31.5388
05/13/24 03:00:00.0,10.78,12.10,8.95,101.3,31.2612
05/13/24 03:10:00.0,10.68,12.28,8.87,100.8,31.2962
05/13/24 03:20:00.0,10.48,12.18,8.70,98.7,31.3764
05/13/24 03:30:00.0,10.55,12.16,8.75,99.3,31.4136
05/13/24 03:40:00.0,10.48,12.14,8.70,98.6,31.2405
05/13/24 03:50:00.0,10.62,12.32,8.82,100.3,31.2698
05/13/24 04:00:00.0,10.71,12.44,8.90,101.4,31.1929
05/13/24 04:10:00.0,10.71,12.48,8.90,101.5,31.1890
05/13/24 04:20:00.0,10.67,12.48,8.86,101.1,31.2218
05/13/24 04:30:00.0,10.79,12.40,8.96,102.0,31.2634
05/13/24 04:40:00.0,10.84,12.36,9.00,102.4,31.2825
05/13/24 04:50:00.0,10.89,12.32,9.04,102.8,31.3013
05/13/24 05:00:00.0,10.87,12.32,9.02,102.6,31.3211
05/13/24 05:10:00.0,10.85,12.30,9.00,102.4,31.3256
05/13/24 05:20:00.0,10.72,12.30,8.89,101.1,31.3171
05/13/24 05:30:00.0,10.68,12.30,8.86,100.7,31.3345
05/13/24 05:40:00.0,10.61,12.30,8.80,100.1,31.3296
05/13/24 05:50:00.0,10.64,12.30,8.83,100.4,31.3115
05/13/24 06:00:00.0,10.79,12.26,8.95,101.7,31.3103
05/13/24 06:10:00.0,10.78,12.24,8.94,101.5,31.3386
05/13/24 06:20:00.0,10.77,12.24,8.93,101.4,31.3254
05/13/24 06:30:00.0,10.69,12.26,8.86,100.7,31.3262
05/13/24 06:40:00.0,10.53,12.24,8.73,99.2,31.3376
05/13/24 06:50:00.0,10.66,12.24,8.84,100.4,31.3232
05/13/24 07:00:00.0,10.56,12.22,8.75,99.4,31.3482
05/13/24 07:10:00.0,10.44,12.18,8.65,98.2,31.3447
05/13/24 07:20:00.0,10.65,12.20,8.83,100.2,31.3442
05/13/24 07:30:00.0,10.62,12.26,8.81,100.0,31.1938
05/13/24 07:40:00.0,10.64,12.38,8.83,100.5,31.0765
05/13/24 07:50:00.0,10.61,12.48,8.82,100.4,30.9380
05/13/24 08:00:00.0,10.59,12.52,8.80,100.3,31.0541
05/13/24 08:10:00.0,10.87,12.52,9.02,102.9,31.1230
05/13/24 08:20:00.0,10.86,12.48,9.01,102.8,31.1475
05/13/24 08:30:00.0,10.93,12.48,9.07,103.4,31.1273
05/13/24 08:40:00.0,10.98,12.52,9.11,104.0,31.1359
05/13/24 08:50:00.0,10.94,12.64,9.09,103.9,31.0398
05/13/24 09:00:00.0,10.88,12.82,9.05,103.7,30.9125
05/13/24 09:10:00.0,11.13,13.02,9.27,106.6,30.6984
05/13/24 09:20:00.0,11.02,13.16,9.17,105.8,30.7561
05/13/24 09:30:00.0,11.10,13.28,9.25,106.9,30.7054
05/13/24 09:40:00.0,11.05,13.44,9.21,106.8,30.6146
05/13/24 09:50:00.0,10.99,13.54,9.17,106.4,30.5547
05/13/24 10:00:00.0,11.50,13.44,9.58,111.1,30.6751
05/13/24 10:10:00.0,11.50,13.52,9.59,111.3,30.5970
05/13/24 10:20:00.0,11.20,13.56,9.33,108.5,30.6278
05/13/24 10:30:00.0,11.60,13.42,9.65,112.0,30.8429
05/13/24 10:40:00.0,11.59,13.40,9.65,111.8,30.7599
05/13/24 10:50:00.0,11.69,13.30,9.72,112.6,30.8372
05/13/24 11:00:00.0,11.65,13.14,9.68,111.8,30.9463
05/13/24 11:10:00.0,11.79,13.06,9.79,112.9,31.0525
05/13/24 11:20:00.0,11.53,12.88,9.57,110.0,31.0840
05/13/24 11:30:00.0,11.38,12.78,9.43,108.3,31.2287
05/13/24 11:40:00.0,11.25,12.66,9.32,106.7,31.2561
05/13/24 11:50:00.0,11.21,12.62,9.28,106.3,31.2998
05/13/24 12:00:00.0,11.16,12.58,9.24,105.7,31.3363
05/13/24 12:10:00.0,11.20,12.58,9.27,106.1,31.3073
05/13/24 12:20:00.0,11.18,12.60,9.26,105.9,31.2289
05/13/24 12:30:00.0,11.26,12.56,9.32,106.6,31.3637
05/13/24 12:40:00.0,11.20,12.54,9.27,105.9,31.2961
05/13/24 12:50:00.0,11.10,12.50,9.19,104.9,31.3526
05/13/24 13:00:00.0,11.26,12.52,9.32,106.5,31.3592
05/13/24 13:10:00.0,11.36,12.56,9.40,107.5,31.3420
05/13/24 13:20:00.0,11.55,12.60,9.56,109.4,31.3261
05/13/24 13:30:00.0,11.66,12.68,9.66,110.6,31.2593
05/13/24 13:40:00.0,11.83,12.74,9.80,112.4,31.2589
05/13/24 13:50:00.0,12.02,12.84,9.96,114.4,31.1864
05/13/24 14:00:00.0,12.04,12.98,9.98,115.0,31.1498
05/13/24 14:10:00.0,11.85,13.10,9.84,113.5,30.9126
05/13/24 14:20:00.0,11.75,13.20,9.75,112.7,31.0066
05/13/24 14:30:00.0,11.56,13.38,9.60,111.4,30.8638
05/13/24 14:40:00.0,11.45,13.52,9.52,110.6,30.8249
05/13/24 14:50:00.0,11.47,13.62,9.54,111.1,30.7180
05/13/24 15:00:00.0,11.63,13.68,9.67,112.8,30.7860
05/13/24 15:10:00.0,11.71,13.72,9.74,113.6,30.7247
05/13/24 15:20:00.0,11.76,13.68,9.78,114.0,30.6419
05/13/24 15:30:00.0,11.77,13.66,9.79,114.0,30.7593
05/13/24 15:40:00.0,11.69,13.68,9.71,113.3,30.8424
05/13/24 15:50:00.0,11.63,13.72,9.67,112.8,30.7769
05/13/24 16:00:00.0,11.74,13.86,9.76,114.2,30.7565
05/13/24 16:10:00.0,11.71,13.98,9.74,114.2,30.6661
05/13/24 16:20:00.0,11.69,14.04,9.73,114.2,30.6777
05/13/24 16:30:00.0,11.67,14.06,9.71,114.0,30.6406
05/13/24 16:40:00.0,11.67,14.08,9.71,114.1,30.6354
05/13/24 16:50:00.0,11.62,14.12,9.67,113.7,30.6241
05/13/24 17:00:00.0,11.63,14.16,9.68,113.9,30.5572
05/13/24 17:10:00.0,11.70,14.20,9.74,114.6,30.5988
05/13/24 17:20:00.0,11.75,14.24,9.78,115.2,30.5557
05/13/24 17:30:00.0,11.70,14.24,9.74,114.7,30.5626
05/13/24 17:40:00.0,11.66,14.24,9.71,114.3,30.5705
05/13/24 17:50:00.0,11.70,14.28,9.75,114.8,30.4577
05/13/24 18:00:00.0,11.72,14.30,9.76,115.1,30.4977
05/13/24 18:10:00.0,11.89,14.38,9.90,116.9,30.5015
05/13/24 18:20:00.0,11.92,14.50,9.93,117.5,30.4351
05/13/24 18:30:00.0,11.85,14.44,9.87,116.7,30.4144
05/13/24 18:40:00.0,11.64,14.28,9.69,114.2,30.5490
05/13/24 18:50:00.0,11.54,14.20,9.60,113.0,30.5596
05/13/24 19:00:00.0,11.51,14.18,9.58,112.7,30.5088
05/13/24 19:10:00.0,11.61,14.18,9.66,113.6,30.5939
05/13/24 19:20:00.0,11.59,14.18,9.64,113.4,30.5691
05/13/24 19:30:00.0,11.48,14.18,9.55,112.3,30.5406
05/13/24 19:40:00.0,11.33,14.18,9.43,110.9,30.5415
05/13/24 19:50:00.0,11.27,14.16,9.37,110.2,30.5470
05/13/24 20:00:00.0,11.24,14.14,9.35,109.9,30.4843
05/13/24 20:10:00.0,11.22,14.12,9.33,109.6,30.4903
05/13/24 20:20:00.0,11.24,14.10,9.35,109.8,30.5608
05/13/24 20:30:00.0,11.14,14.10,9.27,108.8,30.4990
05/13/24 20:40:00.0,11.16,14.08,9.28,108.9,30.6050
05/13/24 20:50:00.0,11.11,14.08,9.24,108.4,30.5244
05/13/24 21:00:00.0,11.06,14.06,9.20,107.9,30.4882
05/13/24 21:10:00.0,10.99,14.06,9.14,107.2,30.5563
05/13/24 21:20:00.0,11.05,14.04,9.18,107.7,30.6109
05/13/24 21:30:00.0,11.08,14.00,9.20,107.9,30.6427
05/13/24 21:40:00.0,11.07,13.98,9.19,107.8,30.6627
05/13/24 21:50:00.0,11.01,13.96,9.14,107.1,30.6646
05/13/24 22:00:00.0,11.15,13.90,9.26,108.4,30.6937
05/13/24 22:10:00.0,11.16,13.88,9.26,108.4,30.7125
05/13/24 22:20:00.0,11.07,13.86,9.19,107.5,30.6574
05/13/24 22:30:00.0,10.72,13.88,8.90,104.1,30.6679
05/13/24 22:40:00.0,10.73,13.86,8.91,104.2,30.6042
05/13/24 22:50:00.0,10.86,13.84,9.01,105.4,30.6806
05/13/24 23:00:00.0,10.87,13.82,9.02,105.4,30.6741
05/13/24 23:10:00.0,10.78,13.82,8.94,104.5,30.6986
05/13/24 23:20:00.0,10.74,13.82,8.91,104.1,30.6618
05/13/24 23:30:00.0,10.79,13.80,8.95,104.6,30.6953
05/13/24 23:40:00.0,10.87,13.80,9.02,105.3,30.7015
05/13/24 23:50:00.0,10.93,13.72,9.06,105.7,30.7726
05/14/24 00:00:00.0,10.92,13.72,9.05,105.6,30.7514
05/14/24 00:10:00.0,10.89,13.74,9.03,105.4,30.6872
05/14/24 00:20:00.0,10.85,13.76,8.99,105.0,30.7467
05/14/24 00:30:00.0,10.91,13.76,9.04,105.6,30.7476
05/14/24 00:40:00.0,10.85,13.72,8.99,104.9,30.7940
05/14/24 00:50:00.0,10.88,13.62,9.01,105.0,30.7642
05/14/24 01:00:00.0,10.67,13.28,8.82,102.2,31.0571
05/14/24 01:10:00.0,10.71,13.12,8.85,102.2,31.0068
05/14/24 01:20:00.0,10.72,13.04,8.86,102.1,31.0581
05/14/24 01:30:00.0,10.79,13.10,8.91,102.9,31.0335
05/14/24 01:40:00.0,10.76,13.16,8.89,102.7,31.0757
05/14/24 01:50:00.0,10.64,12.98,8.78,101.2,31.1747
05/14/24 02:00:00.0,10.84,12.76,8.93,102.6,31.3284
05/14/24 02:10:00.0,10.75,12.66,8.85,101.5,31.3852
05/14/24 02:20:00.0,10.62,12.64,8.75,100.2,31.3253
05/14/24 02:30:00.0,10.93,12.78,9.01,103.4,31.2467
05/14/24 02:40:00.0,10.85,12.78,8.94,102.7,31.2572
05/14/24 02:50:00.0,10.59,12.76,8.73,100.2,31.2746
05/14/24 03:00:00.0,10.44,12.76,8.60,98.7,31.2755
05/14/24 03:10:00.0,10.55,12.78,8.70,99.8,31.2172
05/14/24 03:20:00.0,10.49,12.76,8.64,99.2,31.2961
05/14/24 03:30:00.0,10.54,12.72,8.69,99.6,31.2227
05/14/24 03:40:00.0,10.61,12.74,8.74,100.3,31.2695
05/14/24 03:50:00.0,10.63,12.80,8.76,100.6,31.1593
05/14/24 04:00:00.0,10.62,12.86,8.76,100.6,31.1719
05/14/24 04:10:00.0,10.58,12.94,8.73,100.4,31.0763
05/14/24 04:20:00.0,10.56,12.94,8.71,100.2,31.1443
05/14/24 04:30:00.0,10.55,12.98,8.71,100.2,31.0288
05/14/24 04:40:00.0,10.56,13.06,8.71,100.5,31.0615
05/14/24 04:50:00.0,10.61,13.12,8.75,101.1,31.0674
05/14/24 05:00:00.0,10.54,13.14,8.70,100.5,30.9954
05/14/24 05:10:00.0,10.61,13.16,8.75,101.2,31.0715
05/14/24 05:20:00.0,10.54,13.14,8.70,100.4,31.0193
05/14/24 05:30:00.0,10.52,13.14,8.68,100.3,30.9522
05/14/24 05:40:00.0,10.53,13.14,8.69,100.3,31.0646
05/14/24 05:50:00.0,10.43,13.12,8.60,99.3,31.0878
05/14/24 06:00:00.0,10.38,13.12,8.56,98.9,31.0486
05/14/24 06:10:00.0,10.35,13.12,8.54,98.6,30.9814
05/14/24 06:20:00.0,10.38,13.12,8.56,98.8,31.0538
05/14/24 06:30:00.0,10.46,13.10,8.63,99.6,31.0112
05/14/24 06:40:00.0,10.50,13.10,8.66,99.9,31.0520
05/14/24 06:50:00.0,10.48,13.08,8.64,99.7,31.0350
05/14/24 07:00:00.0,10.50,13.00,8.65,99.7,31.1334
05/14/24 07:10:00.0,10.64,13.00,8.77,101.0,31.1273
05/14/24 07:20:00.0,10.73,13.08,8.84,102.0,31.0661
05/14/24 07:30:00.0,10.84,13.16,8.94,103.3,31.0226
05/14/24 07:40:00.0,10.88,13.18,8.97,103.7,30.9614
05/14/24 07:50:00.0,10.92,13.22,9.02,104.2,30.7919
05/14/24 08:00:00.0,10.96,13.24,9.04,104.6,31.0127
05/14/24 08:10:00.0,10.97,13.28,9.05,104.8,30.8731
05/14/24 08:20:00.0,10.99,13.30,9.06,105.0,30.9923
05/14/24 08:30:00.0,11.05,13.32,9.12,105.6,30.9336
05/14/24 08:40:00.0,11.06,13.34,9.12,105.7,30.9264
05/14/24 08:50:00.0,11.13,13.34,9.18,106.4,30.9929
05/14/24 09:00:00.0,11.07,13.36,9.13,105.9,30.9706
05/14/24 09:10:00.0,11.04,13.40,9.10,105.7,30.9601
05/14/24 09:20:00.0,11.08,13.46,9.14,106.2,30.9591
05/14/24 09:30:00.0,11.12,13.48,9.18,106.6,30.8651
05/14/24 09:40:00.0,11.21,13.52,9.25,107.6,30.8620
05/14/24 09:50:00.0,11.26,13.58,9.29,108.2,30.8529
05/14/24 10:00:00.0,11.30,13.60,9.33,108.6,30.8002
05/14/24 10:10:00.0,11.30,13.68,9.33,108.8,30.8125
05/14/24 10:20:00.0,11.25,13.72,9.29,108.4,30.8080
05/14/24 10:30:00.0,11.24,13.74,9.28,108.4,30.7589
05/14/24 10:40:00.0,11.28,13.80,9.32,108.9,30.7410
05/14/24 10:50:00.0,11.21,13.82,9.26,108.2,30.6849
05/14/24 11:00:00.0,11.23,13.84,9.28,108.5,30.7266
05/14/24 11:10:00.0,11.28,13.88,9.32,109.0,30.7403
05/14/24 11:20:00.0,11.20,13.90,9.25,108.3,30.7561
05/14/24 11:30:00.0,11.34,13.94,9.37,109.8,30.7159
05/14/24 11:40:00.0,11.44,14.04,9.45,111.0,30.6398
05/14/24 11:50:00.0,11.59,14.16,9.58,112.7,30.6036
05/14/24 12:00:00.0,11.63,14.26,9.61,113.3,30.6350
05/14/24 12:10:00.0,11.80,14.32,9.76,115.1,30.5741
05/14/24 12:20:00.0,11.82,14.34,9.77,115.4,30.5830
05/14/24 12:30:00.0,11.85,14.38,9.80,115.8,30.5080
05/14/24 12:40:00.0,11.80,14.42,9.76,115.4,30.5817
05/14/24 12:50:00.0,11.64,14.40,9.62,113.7,30.6001
05/14/24 13:00:00.0,11.54,14.36,9.54,112.7,30.5220
05/14/24 13:10:00.0,11.47,14.36,9.48,112.0,30.5943
05/14/24 13:20:00.0,11.50,14.34,9.50,112.2,30.6044
05/14/24 13:30:00.0,11.47,14.36,9.48,112.0,30.6334
05/14/24 13:40:00.0,11.44,14.36,9.46,111.7,30.5273
05/14/24 13:50:00.0,11.47,14.42,9.48,112.1,30.6002
05/14/24 14:00:00.0,11.55,14.44,9.55,112.9,30.5881
05/14/24 14:10:00.0,11.59,14.48,9.58,113.4,30.5641
05/14/24 14:20:00.0,11.54,14.52,9.54,113.0,30.5541
05/14/24 14:30:00.0,11.41,14.46,9.43,111.6,30.5874
05/14/24 14:40:00.0,11.43,14.46,9.45,111.8,30.5299
05/14/24 14:50:00.0,11.48,14.48,9.49,112.3,30.5327
05/14/24 15:00:00.0,11.43,14.44,9.44,111.7,30.5982
05/14/24 15:10:00.0,11.38,14.44,9.40,111.2,30.5344
05/14/24 15:20:00.0,11.50,14.48,9.50,112.5,30.5464
05/14/24 15:30:00.0,11.46,14.48,9.47,112.1,30.4681
05/14/24 15:40:00.0,11.50,14.44,9.50,112.4,30.5503
05/14/24 15:50:00.0,11.54,14.38,9.53,112.6,30.6289
05/14/24 16:00:00.0,11.59,14.32,9.57,112.9,30.6063
05/14/24 16:10:00.0,11.62,14.28,9.59,113.1,30.6903
05/14/24 16:20:00.0,11.65,14.22,9.61,113.3,30.7056
05/14/24 16:30:00.0,11.70,14.16,9.65,113.6,30.7666
05/14/24 16:40:00.0,11.67,14.16,9.63,113.3,30.6966
05/14/24 16:50:00.0,11.69,14.16,9.64,113.5,30.6342
05/14/24 17:00:00.0,11.69,14.16,9.64,113.5,30.7428
05/14/24 17:10:00.0,11.71,14.18,9.65,113.7,30.7536
05/14/24 17:20:00.0,11.79,14.14,9.72,114.4,30.7624
05/14/24 17:30:00.0,11.69,14.12,9.64,113.3,30.7478
05/14/24 17:40:00.0,11.53,14.14,9.50,111.8,30.7500
05/14/24 17:50:00.0,11.53,14.20,9.50,112.0,30.7190
05/14/24 18:00:00.0,11.52,14.20,9.50,111.9,30.6566
05/14/24 18:10:00.0,11.56,14.22,9.53,112.3,30.6729
05/14/24 18:20:00.0,11.53,14.22,9.50,112.0,30.7315
05/14/24 18:30:00.0,11.51,14.24,9.49,111.9,30.6560
05/14/24 18:40:00.0,11.45,14.28,9.44,111.4,30.6386
05/14/24 18:50:00.0,11.43,14.30,9.42,111.2,30.6947
05/14/24 19:00:00.0,11.41,14.32,9.41,111.1,30.6788
05/14/24 19:10:00.0,11.36,14.34,9.38,110.6,30.4526
05/14/24 19:20:00.0,11.33,14.36,9.34,110.4,30.6122
05/14/24 19:30:00.0,11.31,14.38,9.33,110.2,30.5861
05/14/24 19:40:00.0,11.24,14.42,9.27,109.6,30.5440
05/14/24 19:50:00.0,11.21,14.42,9.25,109.3,30.5875
05/14/24 20:00:00.0,11.18,14.42,9.22,109.0,30.5947
05/14/24 20:10:00.0,11.10,14.40,9.15,108.2,30.6409
05/14/24 20:20:00.0,11.10,14.38,9.15,108.1,30.6366
05/14/24 20:30:00.0,11.08,14.42,9.14,108.0,30.5830
05/14/24 20:40:00.0,11.03,14.44,9.09,107.6,30.6204
05/14/24 20:50:00.0,11.01,14.44,9.08,107.4,30.6136
05/14/24 21:00:00.0,10.99,14.42,9.06,107.1,30.5995
05/14/24 21:10:00.0,10.89,14.42,8.98,106.1,30.6082
05/14/24 21:20:00.0,10.85,14.44,8.94,105.8,30.5802
05/14/24 21:30:00.0,10.82,14.44,8.92,105.5,30.6269
05/14/24 21:40:00.0,10.83,14.46,8.93,105.6,30.6026
05/14/24 21:50:00.0,10.92,14.44,9.00,106.5,30.5486
05/14/24 22:00:00.0,10.95,14.44,9.03,106.7,30.5649
05/14/24 22:10:00.0,10.97,14.44,9.04,106.9,30.6313
05/14/24 22:20:00.0,10.94,14.44,9.01,106.6,30.6190
05/14/24 22:30:00.0,10.86,14.42,8.95,105.8,30.5748
05/14/24 22:40:00.0,10.91,14.40,8.98,106.2,30.6438
05/14/24 22:50:00.0,10.86,14.38,8.95,105.7,30.5950
05/14/24 23:00:00.0,10.84,14.34,8.93,105.4,30.6314
05/14/24 23:10:00.0,10.81,14.32,8.90,105.1,30.6911
05/14/24 23:20:00.0,10.83,14.32,8.91,105.2,30.6612
05/14/24 23:30:00.0,10.76,14.34,8.86,104.6,30.6798
05/14/24 23:40:00.0,10.69,14.32,8.80,103.9,30.6895
05/14/24 23:50:00.0,10.69,14.32,8.80,103.9,30.6894
05/15/24 00:00:00.0,10.64,14.32,8.76,103.4,30.6584
05/15/24 00:10:00.0,10.66,14.30,8.77,103.5,30.6713
05/15/24 00:20:00.0,10.77,14.28,8.86,104.5,30.6063
05/15/24 00:30:00.0,10.74,14.26,8.83,104.2,30.7208
05/15/24 00:40:00.0,10.58,14.22,8.70,102.5,30.7630
05/15/24 00:50:00.0,10.58,14.20,8.70,102.5,30.7389
05/15/24 01:00:00.0,10.72,14.20,8.81,103.8,30.7416
05/15/24 01:10:00.0,10.56,14.20,8.68,102.3,30.7396
05/15/24 01:20:00.0,10.58,14.20,8.70,102.5,30.6758
05/15/24 01:30:00.0,10.56,14.20,8.68,102.3,30.7282
05/15/24 01:40:00.0,10.56,14.20,8.68,102.3,30.6789
05/15/24 01:50:00.0,10.54,14.20,8.66,102.1,30.7388
05/15/24 02:00:00.0,10.58,14.22,8.70,102.5,30.6839
05/15/24 02:10:00.0,10.61,14.22,8.72,102.8,30.7175
05/15/24 02:20:00.0,10.29,14.10,8.45,99.4,30.9121
05/15/24 02:30:00.0,9.69,13.68,7.94,92.7,31.1082
05/15/24 02:40:00.0,10.03,13.34,8.20,95.3,31.2652
05/15/24 02:50:00.0,10.26,13.14,8.39,97.0,31.3176
05/15/24 03:00:00.0,10.29,13.04,8.41,97.1,31.2660
05/15/24 03:10:00.0,10.33,13.00,8.44,97.4,31.3522
05/15/24 03:20:00.0,10.25,12.98,8.37,96.6,31.3483
05/15/24 03:30:00.0,10.22,12.98,8.35,96.3,31.3338
05/15/24 03:40:00.0,10.18,13.00,8.31,95.9,31.3264
05/15/24 03:50:00.0,10.20,13.06,8.34,96.2,31.2175
05/15/24 04:00:00.0,10.44,13.34,8.54,99.1,31.0788
05/15/24 04:10:00.0,10.71,13.56,8.77,102.2,30.9757
05/15/24 04:20:00.0,10.67,13.60,8.74,101.9,31.0622
05/15/24 04:30:00.0,10.59,13.60,8.67,101.1,31.0502
05/15/24 04:40:00.0,10.71,13.60,8.77,102.2,31.0412
05/15/24 04:50:00.0,10.72,13.66,8.78,102.5,30.9964
05/15/24 05:00:00.0,10.68,13.68,8.75,102.1,31.0034
05/15/24 05:10:00.0,10.52,13.66,8.61,100.5,31.0183
05/15/24 05:20:00.0,10.40,13.68,8.52,99.4,30.9915
05/15/24 05:30:00.0,10.36,13.72,8.49,99.1,30.9442
05/15/24 05:40:00.0,10.37,13.74,8.49,99.3,30.9572
05/15/24 05:50:00.0,10.37,13.80,8.50,99.4,30.8961
05/15/24 06:00:00.0,10.34,13.90,8.48,99.3,30.8437
05/15/24 06:10:00.0,10.39,14.06,8.52,100.1,30.7779
05/15/24 06:20:00.0,10.38,14.14,8.52,100.2,30.7412
05/15/24 06:30:00.0,10.35,14.20,8.49,100.1,30.7360
05/15/24 06:40:00.0,10.34,14.22,8.49,100.0,30.6190
05/15/24 06:50:00.0,10.27,14.22,8.43,99.3,30.7144
05/15/24 07:00:00.0,10.25,14.28,8.41,99.2,30.7063
05/15/24 07:10:00.0,10.25,14.24,8.41,99.2,30.7441
05/15/24 07:20:00.0,10.19,14.24,8.36,98.6,30.7169
05/15/24 07:30:00.0,10.09,14.26,8.28,97.6,30.7050
05/15/24 07:40:00.0,9.95,14.28,8.16,96.3,30.7238
05/15/24 07:50:00.0,10.37,14.30,8.51,100.4,30.6891
05/15/24 08:00:00.0,10.49,14.34,8.61,101.7,30.6965
05/15/24 08:10:00.0,10.57,14.38,8.67,102.5,30.6615
05/15/24 08:20:00.0,10.74,14.44,8.82,104.3,30.5938
05/15/24 08:30:00.0,10.77,14.52,8.84,104.8,30.6274
05/15/24 08:40:00.0,10.71,14.56,8.79,104.3,30.5999
05/15/24 08:50:00.0,10.77,14.62,8.84,105.0,30.5719
05/15/24 09:00:00.0,10.77,14.72,8.85,105.2,30.5247
05/15/24 09:10:00.0,10.91,14.84,8.97,106.8,30.3587
05/15/24 09:20:00.0,10.84,14.96,8.91,106.4,30.4361
05/15/24 09:30:00.0,10.83,15.02,8.91,106.5,30.3444
05/15/24 09:40:00.0,10.87,15.06,8.94,106.9,30.3538
05/15/24 09:50:00.0,10.83,15.14,8.91,106.7,30.3252
05/15/24 10:00:00.0,10.79,15.20,8.88,106.5,30.2998
05/15/24 10:10:00.0,10.75,15.30,8.85,106.3,30.2599
05/15/24 10:20:00.0,10.74,15.34,8.84,106.3,30.2167
05/15/24 10:30:00.0,10.72,15.38,8.83,106.2,30.1830
05/15/24 10:40:00.0,10.72,15.44,8.83,106.3,30.1734
05/15/24 10:50:00.0,10.74,15.50,8.86,106.6,29.9889
05/15/24 11:00:00.0,10.74,15.52,8.85,106.7,30.0689
05/15/24 11:10:00.0,10.76,15.52,8.86,106.9,30.1614
05/15/24 11:20:00.0,10.76,15.54,8.86,106.9,30.1462
05/15/24 11:30:00.0,10.79,15.56,8.89,107.2,30.1510
05/15/24 11:40:00.0,10.72,15.58,8.83,106.6,30.1113
05/15/24 11:50:00.0,10.74,15.60,8.85,106.8,30.1038
05/15/24 12:00:00.0,10.86,15.64,8.95,108.1,30.0850
05/15/24 12:10:00.0,10.77,15.66,8.87,107.2,30.0965
05/15/24 12:20:00.0,10.84,15.66,8.93,107.9,30.0427
05/15/24 12:30:00.0,10.85,15.70,8.94,108.1,30.0716
05/15/24 12:40:00.0,10.82,15.70,8.92,107.8,30.0394
05/15/24 12:50:00.0,11.05,15.68,9.11,110.0,29.9432
05/15/24 13:00:00.0,11.08,15.72,9.13,110.4,30.0196
05/15/24 13:10:00.0,11.04,15.70,9.09,110.0,30.0800
05/15/24 13:20:00.0,10.92,15.62,8.99,108.6,30.1289
