Date Time,DO conc (mg/L)  #21429547,Temp (Â°C)  #21429547,DO Adj Conc (mg/L) c:1 2,DO Percent Sat (%),Salinity (ppt)
2024-04-09T11:50:00Z,8.46,24.08,NA,NA,NA
2024-04-09T11:55:00Z,9.14,21.64,7.82,105.5,29.5771
2024-04-09T12:00:00Z,9.48,20.72,8.1,107.5,29.5316
2024-04-09T12:05:00Z,9.56,20.64,8.17,108.2,29.542
2024-04-09T12:10:00Z,9.68,20.64,8.27,109.6,29.5458
2024-04-09T12:15:00Z,9.7,20.64,8.29,109.8,29.5904
2024-04-09T12:20:00Z,9.73,20.6,8.31,110.1,29.6703
2024-04-09T12:25:00Z,9.62,20.5,8.21,108.6,29.7408
2024-04-09T12:30:00Z,9.71,20.4,8.29,109.5,29.7927
2024-04-09T12:35:00Z,9.73,20.44,8.31,109.8,29.766
2024-04-09T12:40:00Z,9.68,20.4,8.26,109.1,29.825
2024-04-09T12:45:00Z,9.47,20.42,8.08,106.8,29.8073
2024-04-09T12:50:00Z,9.3,20.32,7.93,104.7,29.8733
2024-04-09T12:55:00Z,9.78,20.52,8.35,110.5,29.7209
2024-04-09T13:00:00Z,9.75,20.44,8.32,110,29.9007
2024-04-09T13:05:00Z,10,20.68,8.55,113.4,29.5587
2024-04-09T13:10:00Z,9.77,21.12,8.36,111.7,29.5319
2024-04-09T13:15:00Z,10.1,21.1,8.65,115.5,29.3968
2024-04-09T13:20:00Z,10.24,21.34,8.78,117.6,29.2151
2024-04-09T13:25:00Z,10.45,21.14,8.95,119.6,29.4909
2024-04-09T13:30:00Z,10.5,21.34,9,120.6,29.2974
2024-04-09T13:35:00Z,10.55,21.26,9.04,121,29.3816
2024-04-09T13:40:00Z,10.57,21.24,9.06,121.2,29.382
2024-04-09T13:45:00Z,10.67,21.42,9.17,122.8,28.9878
2024-04-09T13:50:00Z,10.64,21.5,9.13,122.6,29.1618
2024-04-09T13:55:00Z,10.59,21.34,9.08,121.7,29.2899
2024-04-09T14:00:00Z,10.62,21.7,9.12,122.9,29.0539
2024-04-09T14:05:00Z,10.53,22.02,9.06,122.6,28.898
2024-04-09T14:10:00Z,10.45,22.12,8.99,121.9,28.87
2024-04-09T14:15:00Z,10.42,21.96,8.96,121.2,28.9464
2024-04-09T14:20:00Z,10.73,21.72,9.21,124.2,29.1792
2024-04-09T14:25:00Z,11.01,21.88,9.47,127.9,28.9696
2024-04-09T14:30:00Z,10.79,22,9.28,125.6,28.9346
2024-04-09T14:35:00Z,10.7,22.14,9.21,124.9,28.8272
2024-04-09T14:40:00Z,10.75,22.34,9.26,126,28.7284
2024-04-09T14:45:00Z,10.73,22.54,9.26,126.2,28.6198
2024-04-09T14:50:00Z,10.74,22.68,9.27,126.7,28.5431
2024-04-09T14:55:00Z,10.72,22.86,9.26,126.9,28.4282
2024-04-09T15:00:00Z,10.64,22.98,9.2,126.2,28.306
2024-04-09T15:05:00Z,10.58,23.24,9.16,126.2,28.1486
2024-04-09T15:10:00Z,10.59,23.48,9.18,126.9,27.9663
2024-04-09T15:15:00Z,10.34,23.58,8.97,124.1,27.9489
2024-04-09T15:20:00Z,10.13,23.6,8.79,121.6,27.8984
2024-04-09T15:25:00Z,10.13,23.4,8.78,121.2,28.085
2024-04-09T15:30:00Z,10.19,23.26,8.83,121.6,28.14
2024-04-09T15:35:00Z,10.15,23.58,8.81,121.8,27.8
2024-04-09T15:40:00Z,10.15,23.52,8.8,121.7,28.0189
2024-04-09T15:45:00Z,10.07,23.64,8.74,121,27.8201
2024-04-09T15:50:00Z,9.86,23.58,8.56,118.4,27.8721
2024-04-09T15:55:00Z,9.94,23.38,8.62,118.9,28.0564
2024-04-09T16:00:00Z,9.7,23.3,8.41,115.8,28.0693
2024-04-09T16:05:00Z,9.49,23.14,8.22,113,28.1939
2024-04-09T16:10:00Z,9.8,22.8,8.47,115.9,28.424
2024-04-09T16:15:00Z,10.01,22.56,8.64,117.9,28.5689
2024-04-09T16:20:00Z,9.99,22.5,8.62,117.5,28.6044
2024-04-09T16:25:00Z,9.93,22.44,8.57,116.7,28.5998
2024-04-09T16:30:00Z,9.72,22.38,8.39,114.1,28.6348
2024-04-09T16:35:00Z,10.13,22.26,8.74,118.6,28.721
2024-04-09T16:40:00Z,9.92,22.4,8.57,116.5,28.4932
2024-04-09T16:45:00Z,9.82,22.52,8.49,115.6,28.5018
2024-04-09T16:50:00Z,9.86,22.44,8.52,115.9,28.5305
2024-04-09T16:55:00Z,9.83,22.4,8.49,115.5,28.5288
2024-04-09T17:00:00Z,9.45,22.38,8.16,111,28.5691
2024-04-09T17:05:00Z,9.72,22.24,8.39,113.8,28.7181
2024-04-09T17:10:00Z,9.64,22.32,8.32,113.1,28.6188
2024-04-09T17:15:00Z,9.56,22.28,8.25,112.1,28.6145
2024-04-09T17:20:00Z,9.37,22.3,8.09,109.9,28.6203
2024-04-09T17:25:00Z,8.91,22.2,7.69,104.3,28.6506
2024-04-09T17:30:00Z,9.42,22.14,8.13,110.1,28.7403
2024-04-09T17:35:00Z,9.3,22.02,8.02,108.5,28.844
2024-04-09T17:40:00Z,9.36,21.96,8.07,109.1,28.8599
2024-04-09T17:45:00Z,9.22,21.9,7.95,107.3,28.8755
2024-04-09T17:50:00Z,9.22,21.84,7.95,107.2,28.9026
2024-04-09T17:55:00Z,9.28,21.8,7.99,107.8,28.9661
2024-04-09T18:00:00Z,9.34,21.72,8.04,108.3,29.0224
2024-04-09T18:05:00Z,9.33,21.66,8.03,108.1,29.0199
2024-04-09T18:10:00Z,9.29,21.48,7.99,107.3,29.1823
2024-04-09T18:15:00Z,9.27,21.38,7.97,106.8,29.1918
2024-04-09T18:20:00Z,9.32,21.22,8.01,107.1,29.2932
2024-04-09T18:25:00Z,9.34,21,8.02,106.9,29.4514
2024-04-09T18:30:00Z,9.38,20.8,8.05,106.9,29.5341
2024-04-09T18:35:00Z,9.54,20.62,8.17,108.3,29.6849
2024-04-09T18:40:00Z,9.56,20.48,8.19,108.3,29.7367
2024-04-09T18:45:00Z,9.59,20.38,8.21,108.4,29.7885
2024-04-09T18:50:00Z,9.59,20.34,8.21,108.3,29.8222
2024-04-09T18:55:00Z,9.54,20.32,8.17,107.7,29.8159
2024-04-09T19:00:00Z,9.37,20.32,8.02,105.8,29.8261
2024-04-09T19:05:00Z,9.16,20.34,7.84,103.5,29.8058
2024-04-09T19:10:00Z,9.18,20.34,7.86,103.7,29.8371
2024-04-09T19:15:00Z,9.02,20.34,7.72,101.9,29.8332
2024-04-09T19:20:00Z,9.1,20.86,7.82,103.9,29.3605
2024-04-09T19:25:00Z,9.08,20.88,7.79,103.7,29.5149
2024-04-09T19:30:00Z,9.03,20.74,7.75,102.8,29.5822
2024-04-09T19:35:00Z,8.95,20.78,7.68,102,29.4931
2024-04-09T19:40:00Z,8.84,20.92,7.59,101,29.4159
2024-04-09T19:45:00Z,8.73,21.04,7.51,100,29.2979
2024-04-09T19:50:00Z,8.61,21.28,7.42,99.1,28.9117
2024-04-09T19:55:00Z,8.51,21.58,7.34,98.5,28.9113
2024-04-09T20:00:00Z,8.52,21.62,7.35,98.7,28.8504
2024-04-09T20:05:00Z,8.47,21.64,7.31,98.2,28.9004
2024-04-09T20:10:00Z,8.39,21.56,7.23,97.1,28.9695
2024-04-09T20:15:00Z,8.41,21.48,7.25,97.2,28.9905
2024-04-09T20:20:00Z,8.39,21.48,7.23,97,28.9553
2024-04-09T20:25:00Z,8.27,21.44,7.13,95.5,29.0432
2024-04-09T20:30:00Z,8.19,21.38,7.06,94.5,29.0798
2024-04-09T20:35:00Z,8.15,21.24,7.02,93.8,29.1344
2024-04-09T20:40:00Z,8,21.3,6.89,92.2,29.0744
2024-04-09T20:45:00Z,8,21.36,6.9,92.3,29.0229
2024-04-09T20:50:00Z,7.98,21.3,6.89,91.9,28.731
2024-04-09T20:55:00Z,7.93,21.36,6.84,91.5,28.9492
2024-04-09T21:00:00Z,7.64,21.36,6.61,88.1,28.4052
2024-04-09T21:05:00Z,7.71,21.58,6.68,89.3,28.2792
2024-04-09T21:10:00Z,7.76,21.54,6.71,89.8,28.6676
2024-04-09T21:15:00Z,7.56,21.42,6.56,87.3,27.925
2024-04-09T21:20:00Z,7.5,21.44,6.51,86.7,27.7784
2024-04-09T21:25:00Z,7.42,21.56,6.45,86,27.7255
2024-04-09T21:30:00Z,7.44,21.7,6.45,86.4,28.1549
2024-04-09T21:35:00Z,7.16,21.88,6.2,83.5,28.3062
2024-04-09T21:40:00Z,6.88,21.86,5.96,80.2,28.3906
2024-04-09T21:45:00Z,7.39,21.76,6.39,86,28.6195
2024-04-09T21:50:00Z,7.41,21.7,6.41,86.1,28.6356
2024-04-09T21:55:00Z,7.32,21.64,6.33,84.9,28.7144
2024-04-09T22:00:00Z,7.17,21.48,6.22,83,28.1199
2024-04-09T22:05:00Z,7.83,21.74,6.78,91.1,28.3559
2024-04-09T22:10:00Z,7.67,21.94,6.66,89.5,28.1351
2024-04-09T22:15:00Z,7.17,21.92,6.22,83.7,28.2368
2024-04-09T22:20:00Z,7.52,21.86,6.52,87.7,28.3915
2024-04-09T22:25:00Z,7.36,21.78,6.37,85.7,28.5538
2024-04-09T22:30:00Z,7.59,21.66,6.57,88.1,28.6212
2024-04-09T22:35:00Z,7.74,21.7,6.7,90,28.606
2024-04-09T22:40:00Z,7.7,21.7,6.66,89.5,28.5894
2024-04-09T22:45:00Z,8.05,21.7,6.96,93.6,28.6487
2024-04-09T22:50:00Z,8.06,21.78,6.98,93.8,28.4748
2024-04-09T22:55:00Z,8.49,21.86,7.35,99,28.5667
2024-04-09T23:00:00Z,8.47,22.06,7.35,99.2,28.2912
2024-04-09T23:05:00Z,8.37,22.24,7.27,98.3,28.1623
2024-04-09T23:10:00Z,8.29,22.36,7.2,97.6,28.1358
2024-04-09T23:15:00Z,8.53,22.36,7.41,100.4,28.1015
2024-04-09T23:20:00Z,8.38,22.28,7.27,98.5,28.2441
2024-04-09T23:25:00Z,8.33,22.26,7.23,97.9,28.3015
2024-04-09T23:30:00Z,8.79,22.28,7.63,103.4,28.2753
2024-04-09T23:35:00Z,8.65,22.36,7.51,101.9,28.2369
2024-04-09T23:40:00Z,8.61,22.38,7.48,101.4,28.2312
2024-04-09T23:45:00Z,8.38,22.38,7.27,98.7,28.2913
2024-04-09T23:50:00Z,8.59,22.24,7.45,100.9,28.4054
2024-04-09T23:55:00Z,8.6,22.12,7.45,100.8,28.5682
2024-04-10T00:00:00Z,8.83,21.78,7.64,102.9,28.7749
2024-04-10T00:05:00Z,8.95,21.48,7.73,103.7,28.9508
2024-04-10T00:10:00Z,9.21,21.42,7.96,106.6,28.8761
2024-04-10T00:15:00Z,9.13,21.5,7.89,105.8,29.0152
2024-04-10T00:20:00Z,9.07,21.54,7.84,105.2,28.9915
2024-04-10T00:25:00Z,9.22,21.36,7.96,106.6,29.1293
2024-04-10T00:30:00Z,9.37,21.52,8.1,108.6,28.9249
2024-04-10T00:35:00Z,9.62,21.74,8.32,112,28.8279
2024-04-10T00:40:00Z,9.61,21.68,8.31,111.8,28.8654
2024-04-10T00:45:00Z,9.58,21.62,8.29,111.3,28.8422
2024-04-10T00:50:00Z,9.58,21.54,8.28,111.1,28.9233
2024-04-10T00:55:00Z,9.66,21.48,8.35,111.9,28.9466
2024-04-10T01:00:00Z,9.35,21.46,8.08,108.3,28.9925
2024-04-10T01:05:00Z,9.21,21.42,7.96,106.6,29.0594
2024-04-10T01:10:00Z,9.22,21.36,7.96,106.6,29.1346
2024-04-10T01:15:00Z,9.57,21.32,8.26,110.6,29.186
2024-04-10T01:20:00Z,9.54,21.36,8.23,110.3,29.1987
2024-04-10T01:25:00Z,9.44,21.42,8.15,109.3,29.1092
2024-04-10T01:30:00Z,9.45,21.42,8.16,109.4,29.2341
2024-04-10T01:35:00Z,9.96,21.62,8.61,115.8,28.9344
2024-04-10T01:40:00Z,10.01,22.24,8.68,117.7,28.6491
2024-04-10T01:45:00Z,9.67,21.7,8.36,112.6,29.0425
2024-04-10T01:50:00Z,9.97,21.66,8.62,116,28.9784
2024-04-10T01:55:00Z,10.2,21.74,8.83,118.8,28.871
2024-04-10T02:00:00Z,10.25,22.1,8.89,120.3,28.6428
2024-04-10T02:05:00Z,10.22,22.16,8.86,120.1,28.712
2024-04-10T02:10:00Z,10.48,22.18,9.09,123.2,28.6336
2024-04-10T02:15:00Z,10.47,22.26,9.08,123.2,28.5689
2024-04-10T02:20:00Z,10.44,22.34,9.06,123.1,28.5175
2024-04-10T02:25:00Z,10.33,22.36,8.97,121.8,28.5222
2024-04-10T02:30:00Z,10.43,22.58,9.07,123.5,28.3653
2024-04-10T02:35:00Z,10.41,22.62,9.05,123.4,28.4042
2024-04-10T02:40:00Z,10.54,22.6,9.16,124.9,28.3124
2024-04-10T02:45:00Z,10.41,22.62,9.05,123.4,28.3592
2024-04-10T02:50:00Z,10.51,22.74,9.15,124.9,28.1767
2024-04-10T02:55:00Z,10.52,22.86,9.16,125.3,28.1614
2024-04-10T03:00:00Z,10.41,23.02,9.08,124.4,27.8574
2024-04-10T03:05:00Z,10.42,23.26,9.09,125.1,27.8941
2024-04-10T03:10:00Z,10.46,23.44,9.13,126,27.7908
2024-04-10T03:15:00Z,10.35,23.56,9.04,124.9,27.7356
2024-04-10T03:20:00Z,10.4,23.84,9.1,126.2,27.5368
2024-04-10T03:25:00Z,10.35,23.96,9.06,125.9,27.5061
2024-04-10T03:30:00Z,10.37,24.32,9.1,127,27.0723
2024-04-10T03:35:00Z,10.23,24.44,8.98,125.6,27.174
2024-04-10T03:40:00Z,10.19,24.6,8.95,125.4,27.1327
2024-04-10T03:45:00Z,10.05,24.66,8.83,123.9,27.0783
2024-04-10T03:50:00Z,9.92,24.56,8.71,122,27.1534
2024-04-10T03:55:00Z,9.81,24.5,8.61,120.6,27.1648
2024-04-10T04:00:00Z,9.69,24.52,8.51,119.1,27.1594
2024-04-10T04:05:00Z,9.62,24.62,8.45,118.5,27.0874
2024-04-10T04:10:00Z,9.38,24.56,8.23,115.4,27.2141
2024-04-10T04:15:00Z,9.06,24.16,7.94,110.7,27.43
2024-04-10T04:20:00Z,8.64,24.18,7.57,105.6,27.3856
2024-04-10T04:25:00Z,8.8,24.12,7.71,107.4,27.4841
2024-04-10T04:30:00Z,8.94,23.98,7.82,108.8,27.6396
2024-04-10T04:35:00Z,8.68,23.9,7.59,105.5,27.7
2024-04-10T04:40:00Z,9.04,23.78,7.9,109.7,27.8985
2024-04-10T04:45:00Z,9.13,23.64,7.97,110.5,27.9441
2024-04-10T04:50:00Z,8.73,23.62,7.63,105.6,27.8841
2024-04-10T04:55:00Z,9.21,23.4,8.04,110.9,28.1009
2024-04-10T05:00:00Z,9,23.36,7.85,108.3,28.0665
2024-04-10T05:05:00Z,8.95,23.32,7.81,107.7,28.1327
2024-04-10T05:10:00Z,9.08,23.2,7.92,109,28.1826
2024-04-10T05:15:00Z,9.13,23.16,7.96,109.5,28.2165
2024-04-10T05:20:00Z,9.24,23.16,8.06,110.8,28.1881
2024-04-10T05:25:00Z,9,23.16,7.85,107.9,28.1931
2024-04-10T05:30:00Z,8.84,23.2,7.71,106.1,28.1137
2024-04-10T05:35:00Z,8.69,23.24,7.58,104.4,28.1013
2024-04-10T05:40:00Z,8.49,23.26,7.41,102,28.0943
2024-04-10T05:45:00Z,8.37,23.24,7.3,100.6,28.0898
2024-04-10T05:50:00Z,8.09,23.2,7.06,97.1,28.1304
2024-04-10T05:55:00Z,8.36,23.16,7.29,100.3,28.2107
2024-04-10T06:00:00Z,8.07,23.14,7.04,96.8,28.2369
2024-04-10T06:05:00Z,8.3,23.04,7.23,99.4,28.3774
2024-04-10T06:10:00Z,8.36,23,7.28,100,28.3861
2024-04-10T06:15:00Z,8.4,22.94,7.31,100.4,28.448
2024-04-10T06:20:00Z,8.63,22.84,7.51,102.9,28.5157
2024-04-10T06:25:00Z,8.78,22.72,7.64,104.5,28.5964
2024-04-10T06:30:00Z,8.7,22.64,7.57,103.4,28.6109
2024-04-10T06:35:00Z,8.83,22.52,7.68,104.7,28.6996
2024-04-10T06:40:00Z,8.72,22.26,7.57,102.9,28.8373
2024-04-10T06:45:00Z,8.8,22.12,7.64,103.5,28.9393
2024-04-10T06:50:00Z,8.82,21.98,7.65,103.5,29.0453
2024-04-10T06:55:00Z,8.74,21.78,7.57,102.2,29.1843
2024-04-10T07:00:00Z,8.9,21.62,7.7,103.7,29.2566
2024-04-10T07:05:00Z,9,21.48,7.79,104.6,29.3397
2024-04-10T07:10:00Z,8.99,21.36,7.78,104.3,29.3629
2024-04-10T07:15:00Z,9.1,21.24,7.86,105.3,29.4679
2024-04-10T07:20:00Z,9.14,21.1,7.89,105.5,29.5463
2024-04-10T07:25:00Z,8.87,21.04,7.66,102.2,29.612
2024-04-10T07:30:00Z,8.74,21.02,7.54,100.7,29.6782
2024-04-10T07:35:00Z,8.87,20.96,7.65,102.1,29.7274
2024-04-10T07:40:00Z,8.83,21.02,7.63,101.8,29.5549
2024-04-10T07:45:00Z,8.5,21.36,7.35,98.6,29.5136
2024-04-10T07:50:00Z,8.53,21.22,7.37,98.7,29.6014
2024-04-10T07:55:00Z,8.65,21.22,7.48,100.1,29.4792
2024-04-10T08:00:00Z,8.49,21.4,7.35,98.6,29.386
2024-04-10T08:05:00Z,8.32,21.4,7.19,96.6,29.5081
2024-04-10T08:10:00Z,8.36,21.34,7.23,97,29.4898
2024-04-10T08:15:00Z,8.32,21.3,7.19,96.4,29.4742
2024-04-10T08:20:00Z,8.27,21.34,7.15,95.9,29.5035
2024-04-10T08:25:00Z,8.16,21.36,7.06,94.7,29.465
2024-04-10T08:30:00Z,8.06,21.4,6.97,93.6,29.4732
2024-04-10T08:35:00Z,8.05,21.38,6.96,93.5,29.5086
2024-04-10T08:40:00Z,8.07,21.36,6.98,93.7,29.5392
2024-04-10T08:45:00Z,8.07,21.42,6.98,93.8,29.4483
2024-04-10T08:50:00Z,7.95,21.5,6.88,92.5,29.3666
2024-04-10T08:55:00Z,7.92,21.52,6.86,92.2,29.4001
2024-04-10T09:00:00Z,7.85,21.56,6.8,91.5,29.3465
2024-04-10T09:05:00Z,7.77,21.72,6.74,90.8,29.1537
2024-04-10T09:10:00Z,7.65,21.88,6.64,89.7,29.0953
2024-04-10T09:15:00Z,7.56,21.9,6.56,88.7,29.1053
2024-04-10T09:20:00Z,7.52,21.98,6.53,88.4,28.9845
2024-04-10T09:25:00Z,7.4,22.12,6.43,87.2,28.9218
2024-04-10T09:30:00Z,7.27,22.18,6.32,85.8,28.9323
2024-04-10T09:35:00Z,7.29,22.2,6.34,86,28.9084
2024-04-10T09:40:00Z,7.27,22.2,6.32,85.8,28.9181
2024-04-10T09:45:00Z,7.17,22.22,6.23,84.7,28.8832
2024-04-10T09:50:00Z,7.28,22.26,6.33,86,28.8552
2024-04-10T09:55:00Z,6.58,22.22,5.72,77.7,29.0285
2024-04-10T10:00:00Z,6.96,22.26,6.05,82.3,29.0464
2024-04-10T10:05:00Z,7.13,22.26,6.19,84.3,29.0792
2024-04-10T10:10:00Z,6.86,22.3,5.96,81.1,29.0981
2024-04-10T10:15:00Z,6.98,22.3,6.06,82.6,29.1332
2024-04-10T10:20:00Z,7.1,22.32,6.17,84,29.1325
2024-04-10T10:25:00Z,7.24,22.38,6.29,85.8,29.1056
2024-04-10T10:30:00Z,6.92,22.18,6,81.7,29.3991
2024-04-10T10:35:00Z,7.61,22.4,6.61,90.2,29.0888
2024-04-10T10:40:00Z,7.82,22.54,6.8,92.9,29.0818
2024-04-10T10:45:00Z,7.7,22.52,6.69,91.5,29.1738
2024-04-10T10:50:00Z,7.65,22.58,6.65,91,29.0521
2024-04-10T10:55:00Z,7.95,22.74,6.92,94.9,28.9892
2024-04-10T11:00:00Z,8.09,22.74,7.04,96.5,28.9026
2024-04-10T11:05:00Z,7.93,22.74,6.9,94.6,29.0015
2024-04-10T11:10:00Z,7.62,22.66,6.62,90.8,29.113
2024-04-10T11:15:00Z,8.3,22.84,7.22,99.2,28.951
2024-04-10T11:20:00Z,8.28,23.04,7.22,99.4,28.7839
2024-04-10T11:25:00Z,8.39,23.14,7.31,100.9,28.8019
2024-04-10T11:30:00Z,7.99,23.02,6.96,95.9,28.8783
2024-04-10T11:35:00Z,8.94,23.4,7.8,108.1,28.6058
2024-04-10T11:40:00Z,9.37,23.64,8.19,113.8,28.4676
2024-04-10T11:45:00Z,8.67,23.58,7.57,105.2,28.6973
2024-04-10T11:50:00Z,8.08,23.22,7.04,97.3,28.9313
2024-04-10T11:55:00Z,7.62,22.98,6.63,91.4,29.152
2024-04-10T12:00:00Z,7.88,22.88,6.85,94.3,29.1503
2024-04-10T12:05:00Z,8.39,23.04,7.3,100.7,29.0191
2024-04-10T12:10:00Z,8.25,23.06,7.18,99.1,29.0949
2024-04-10T12:15:00Z,8.57,23,7.46,102.8,29.1221
2024-04-10T12:20:00Z,8.64,22.98,7.52,103.6,29.1131
2024-04-10T12:25:00Z,8.76,22.9,7.62,104.9,29.2071
2024-04-10T12:30:00Z,8.72,22.78,7.58,104.2,29.2757
2024-04-10T12:35:00Z,8.87,22.62,7.71,105.7,29.3541
2024-04-10T12:40:00Z,8.97,22.66,7.79,107,29.3499
2024-04-10T12:45:00Z,9.23,22.68,8.02,110.1,29.3166
2024-04-10T12:50:00Z,9.36,22.64,8.13,111.6,29.3114
2024-04-10T12:55:00Z,9.48,22.54,8.24,112.8,29.2917
2024-04-10T13:00:00Z,9.6,22.62,8.34,114.4,29.3012
2024-04-10T13:05:00Z,9.47,22.48,8.22,112.6,29.437
2024-04-10T13:10:00Z,9.45,22.24,8.2,111.8,29.5468
2024-04-10T13:15:00Z,9.53,22.1,8.26,112.5,29.691
2024-04-10T13:20:00Z,9.48,22.04,8.22,111.8,29.7093
2024-04-10T13:25:00Z,9.45,22.1,8.19,111.5,29.6927
2024-04-10T13:30:00Z,9.39,22.14,8.14,110.9,29.6974
2024-04-10T13:35:00Z,9.28,22.12,8.04,109.6,29.7556
2024-04-10T13:40:00Z,9.32,22.08,8.08,110,29.7651
2024-04-10T13:45:00Z,9.32,22.12,8.08,110.1,29.7891
2024-04-10T13:50:00Z,9.03,22.08,7.82,106.6,29.8309
2024-04-10T13:55:00Z,9.45,22.06,8.18,111.5,29.8732
2024-04-10T14:00:00Z,9.44,22.02,8.18,111.3,29.8351
2024-04-10T14:05:00Z,9.69,22.44,8.42,115.2,29.4891
2024-04-10T14:10:00Z,9.8,22.68,8.52,117,29.3512
2024-04-10T14:15:00Z,9.44,22.7,8.2,112.7,29.4426
2024-04-10T14:20:00Z,9.71,22.56,8.43,115.7,29.5191
2024-04-10T14:25:00Z,9.71,22.54,8.43,115.6,29.5575
2024-04-10T14:30:00Z,9.94,22.56,8.63,118.4,29.5163
2024-04-10T14:35:00Z,9.97,22.7,8.67,119.1,29.3041
2024-04-10T14:40:00Z,9.97,22.86,8.68,119.5,29.2353
2024-04-10T14:45:00Z,9.85,22.78,8.57,117.9,29.3859
2024-04-10T14:50:00Z,9.8,22.6,8.52,116.9,29.3899
2024-04-10T14:55:00Z,9.76,22.7,8.49,116.6,29.2903
2024-04-10T15:00:00Z,9.79,22.88,8.53,117.4,29.1608
2024-04-10T15:05:00Z,9.89,23.06,8.62,119,29.0381
2024-04-10T15:10:00Z,9.71,23.06,8.46,116.8,29.0929
2024-04-10T15:15:00Z,9.73,22.96,8.48,116.8,29.1506
2024-04-10T15:20:00Z,9.71,22.96,8.46,116.6,29.0669
2024-04-10T15:25:00Z,9.67,23.1,8.44,116.4,28.9851
2024-04-10T15:30:00Z,9.61,23.32,8.39,116.2,28.8074
2024-04-10T15:35:00Z,9.45,23.48,8.26,114.6,28.7684
2024-04-10T15:40:00Z,9.37,23.48,8.19,113.7,28.7361
2024-04-10T15:45:00Z,9.43,23.6,8.25,114.7,28.5763
2024-04-10T15:50:00Z,9.4,23.84,8.24,114.8,28.3634
2024-04-10T15:55:00Z,9.3,24,8.16,113.9,28.2506
2024-04-10T16:00:00Z,9.25,24.14,8.12,113.6,28.1243
2024-04-10T16:05:00Z,9.12,24.24,8.01,112.2,28.0502
2024-04-10T16:10:00Z,8.93,24.26,7.84,109.9,28.112
2024-04-10T16:15:00Z,8.95,24.3,7.87,110.3,27.9559
2024-04-10T16:20:00Z,8.91,24.38,7.84,110,27.8495
2024-04-10T16:25:00Z,8.43,24.38,7.41,104,27.952
2024-04-10T16:30:00Z,8.47,24.36,7.45,104.5,27.8681
2024-04-10T16:35:00Z,7.99,24.32,7.02,98.5,28.1135
2024-04-10T16:40:00Z,8.11,24.24,7.12,99.8,28.1597
2024-04-10T16:45:00Z,7.78,24.06,6.82,95.5,28.3822
2024-04-10T16:50:00Z,7.79,23.8,6.82,95.1,28.5897
2024-04-10T16:55:00Z,8.3,23.54,7.26,100.9,28.7561
2024-04-10T17:00:00Z,8.31,23.52,7.27,100.9,28.7243
2024-04-10T17:05:00Z,8.2,23.5,7.17,99.6,28.7132
2024-04-10T17:10:00Z,7.82,23.46,6.84,94.9,28.7479
2024-04-10T17:15:00Z,7.59,23.38,6.64,92,28.8106
2024-04-10T17:20:00Z,8.44,23.24,7.37,102,28.9415
2024-04-10T17:25:00Z,8.46,23.14,7.39,102.1,28.9892
2024-04-10T17:30:00Z,8.36,23.06,7.3,100.7,29.0261
2024-04-10T17:35:00Z,8.48,22.98,7.4,102,29.0701
2024-04-10T17:40:00Z,8.1,23.22,7.09,97.9,28.7357
2024-04-10T17:45:00Z,8.28,23.22,7.24,100.1,28.8208
2024-04-10T17:50:00Z,8.08,23.22,7.07,97.6,28.7856
2024-04-10T17:55:00Z,7.51,23.12,6.56,90.6,28.9173
2024-04-10T18:00:00Z,8.18,23,7.14,98.4,29.0267
2024-04-10T18:05:00Z,8.06,23.06,7.04,97.1,28.9603
2024-04-10T18:10:00Z,7.63,23.04,6.67,91.9,28.9418
2024-04-10T18:15:00Z,7.42,22.96,6.48,89.2,28.9835
2024-04-10T18:20:00Z,7.79,22.86,6.8,93.5,29.1323
2024-04-10T18:25:00Z,8.11,22.76,7.07,97.2,29.2109
2024-04-10T18:30:00Z,7.96,22.7,6.94,95.3,29.1965
2024-04-10T18:35:00Z,8.11,22.76,7.08,97.2,29.0394
2024-04-10T18:40:00Z,8.08,22.74,7.05,96.8,29.1509
2024-04-10T18:45:00Z,7.74,22.84,6.76,92.9,28.9883
2024-04-10T18:50:00Z,7.5,23,6.56,90.3,28.8349
2024-04-10T18:55:00Z,7.64,23.06,6.69,92.1,28.724
2024-04-10T19:00:00Z,7.44,23.14,6.52,89.8,28.5375
2024-04-10T19:05:00Z,7.44,23.08,6.51,89.7,28.7325
2024-04-10T19:10:00Z,7.66,22.92,6.7,92.1,28.9191
2024-04-10T19:15:00Z,7.97,22.68,6.95,95.4,29.2747
2024-04-10T19:20:00Z,8.17,22.16,7.11,96.8,29.571
2024-04-10T19:25:00Z,8.26,21.68,7.17,97,29.8553
2024-04-10T19:30:00Z,8.3,21.38,7.2,96.9,30.0129
2024-04-10T19:35:00Z,8.29,21.2,7.18,96.5,30.0731
2024-04-10T19:40:00Z,8.1,21.18,7.02,94.2,30.0907
2024-04-10T19:45:00Z,8.16,21.16,7.07,94.9,30.0798
2024-04-10T19:50:00Z,8.21,21.14,7.11,95.4,30.1328
2024-04-10T19:55:00Z,7.96,21.26,6.9,92.7,30.047
2024-04-10T20:00:00Z,8.21,21.18,7.12,95.5,30.0873
2024-04-10T20:05:00Z,8,21.26,6.94,93.2,30.0108
2024-04-10T20:10:00Z,7.93,21.5,6.89,92.8,29.6913
2024-04-10T20:15:00Z,7.85,21.84,6.83,92.5,29.4927
2024-04-10T20:20:00Z,8.06,21.22,6.99,93.8,30.1192
2024-04-10T20:25:00Z,7.98,21.28,6.92,93,30.0155
2024-04-10T20:30:00Z,7.97,21.24,6.91,92.8,29.9767
2024-04-10T20:35:00Z,7.68,21.44,6.67,89.8,29.8036
2024-04-10T20:40:00Z,7.53,21.56,6.55,88.3,29.7187
2024-04-10T20:45:00Z,7.4,22.02,6.46,87.5,29.1684
2024-04-10T20:50:00Z,7.08,22.14,6.17,83.9,29.3032
2024-04-10T20:55:00Z,7.23,21.92,6.29,85.4,29.553
2024-04-10T21:00:00Z,7.34,21.8,6.39,86.5,29.6057
2024-04-10T21:05:00Z,7.3,21.7,6.35,85.8,29.7379
2024-04-10T21:10:00Z,7.21,22.26,6.29,85.7,29.2502
2024-04-10T21:15:00Z,6.88,22.32,6.01,81.9,28.966
2024-04-10T21:20:00Z,6.96,22.24,6.07,82.7,29.3143
2024-04-10T21:25:00Z,6.93,22.28,6.06,82.4,29.0152
2024-04-10T21:30:00Z,6.98,22.34,6.1,83.1,28.9475
2024-04-10T21:35:00Z,6.9,22.5,6.05,82.4,28.451
2024-04-10T21:40:00Z,6.89,22.56,6.05,82.4,28.4141
2024-04-10T21:45:00Z,6.88,22.54,6.04,82.2,28.3756
2024-04-10T21:50:00Z,6.85,22.54,6.01,81.9,28.5161
2024-04-10T21:55:00Z,6.85,22.56,6.01,81.9,28.3935
