Date Time,High Range (μS/cm)  #21095959,Temp (°C)  #21095959,Specific Conductance (μS/cm),Salinity (ppt)
09/17/24 09:50:00.0,0.0,26.98,,
09/17/24 10:00:00.0,0.0,28.75,,
09/17/24 10:10:00.0,23982.9,21.80,48479.0,31.6235
09/17/24 10:20:00.0,24140.6,21.84,48749.5,31.8212
09/17/24 10:30:00.0,24153.9,21.90,48708.1,31.7910
09/17/24 10:40:00.0,24155.6,21.98,48623.2,31.7289
09/17/24 10:50:00.0,24170.6,22.06,48565.2,31.6865
09/17/24 11:00:00.0,24189.0,22.08,48574.8,31.6935
09/17/24 11:10:00.0,24182.3,22.23,48402.9,31.5679
09/17/24 11:20:00.0,24185.7,22.26,48372.4,31.5457
09/17/24 11:30:00.0,24192.3,22.38,48258.2,31.4623
09/17/24 11:40:00.0,24199.0,22.51,48134.6,31.3721
09/17/24 11:50:00.0,24202.4,22.71,47935.6,31.2269
09/17/24 12:00:00.0,24219.1,22.78,47892.4,31.1955
09/17/24 12:10:00.0,24207.4,23.00,47645.9,31.0158
09/17/24 12:20:00.0,24219.1,23.19,47476.3,30.8923
09/17/24 12:30:00.0,24229.1,23.29,47391.7,30.8308
09/17/24 12:40:00.0,24227.5,23.44,47236.4,30.7178
09/17/24 12:50:00.0,24160.6,23.65,46897.7,30.4716
09/17/24 13:00:00.0,24143.9,23.81,46706.1,30.3325
09/17/24 13:10:00.0,24143.9,23.96,46557.2,30.2244
09/17/24 13:20:00.0,24157.3,24.13,46416.0,30.1220
09/17/24 13:30:00.0,24167.3,24.20,46362.8,30.0834
09/17/24 13:40:00.0,24190.7,24.13,46466.6,30.1587
09/17/24 13:50:00.0,24182.3,24.03,46537.9,30.2104
09/17/24 14:00:00.0,24197.4,24.05,46541.3,30.2129
09/17/24 14:10:00.0,24197.4,24.32,46281.1,30.0241
09/17/24 14:20:00.0,24199.0,24.39,46212.0,29.9741
09/17/24 14:30:00.0,24214.1,24.47,46159.6,29.9361
09/17/24 14:40:00.0,24194.0,24.57,46021.8,29.8363
09/17/24 14:50:00.0,24187.3,24.57,46002.4,29.8222
09/17/24 15:00:00.0,24200.7,24.38,46197.6,29.9637
09/17/24 15:10:00.0,24219.1,24.25,46347.5,30.0723
09/17/24 15:20:00.0,24240.9,24.05,46570.6,30.2341
09/17/24 15:30:00.0,24234.2,23.91,46683.3,30.3159
09/17/24 15:40:00.0,24252.6,23.90,46721.4,30.3436
09/17/24 15:50:00.0,24259.3,23.77,46851.1,30.4378
09/17/24 16:00:00.0,24257.6,23.93,46688.9,30.3200
09/17/24 16:10:00.0,24276.1,23.95,46698.7,30.3271
09/17/24 16:20:00.0,24272.7,23.86,46770.8,30.3794
09/17/24 16:30:00.0,24282.8,23.93,46716.9,30.3403
09/17/24 16:40:00.0,24306.3,23.77,46907.6,30.4788
09/17/24 16:50:00.0,24309.7,23.61,47060.4,30.5898
09/17/24 17:00:00.0,24319.8,23.64,47044.3,30.5781
09/17/24 17:10:00.0,24309.7,23.55,47104.2,30.6217
09/17/24 17:20:00.0,24308.0,23.34,47296.6,30.7616
09/17/24 17:30:00.0,24313.0,23.10,47532.8,30.9335
09/17/24 17:40:00.0,24314.7,22.95,47676.0,31.0377
09/17/24 17:50:00.0,24308.0,22.74,47862.6,31.1737
09/17/24 18:00:00.0,24297.9,22.57,48004.1,31.2769
09/17/24 18:10:00.0,24272.7,22.44,48076.7,31.3298
09/17/24 18:20:00.0,24266.0,22.27,48226.3,31.4390
09/17/24 18:30:00.0,24267.7,22.15,48343.1,31.5243
09/17/24 18:40:00.0,24252.6,22.06,48396.6,31.5633
09/17/24 18:50:00.0,24250.9,21.98,48467.0,31.6147
09/17/24 19:00:00.0,24245.9,21.98,48449.9,31.6022
09/17/24 19:10:00.0,24254.3,21.96,48479.8,31.6241
09/17/24 19:20:00.0,24237.5,21.94,48459.4,31.6092
09/17/24 19:30:00.0,24230.8,21.87,48509.8,31.6460
09/17/24 19:40:00.0,24224.1,21.85,48509.6,31.6458
09/17/24 19:50:00.0,24237.5,21.81,48569.9,31.6899
09/17/24 20:00:00.0,24230.8,21.80,48559.5,31.6823
09/17/24 20:10:00.0,24219.1,21.77,48559.4,31.6823
09/17/24 20:20:00.0,24217.4,21.71,48610.0,31.7192
09/17/24 20:30:00.0,24219.1,21.71,48606.2,31.7165
09/17/24 20:40:00.0,24205.7,21.65,48633.4,31.7363
09/17/24 20:50:00.0,24217.4,21.85,48446.4,31.5997
09/17/24 21:00:00.0,24222.4,21.96,48338.1,31.5206
09/17/24 21:10:00.0,24224.1,22.11,48183.4,31.4077
09/17/24 21:20:00.0,24215.8,22.11,48159.8,31.3905
09/17/24 21:30:00.0,24215.8,21.95,48313.7,31.5028
09/17/24 21:40:00.0,24222.4,21.95,48319.8,31.5072
09/17/24 21:50:00.0,24215.8,21.97,48279.4,31.4777
09/17/24 22:00:00.0,24217.4,21.96,48285.5,31.4822
09/17/24 22:10:00.0,24224.1,21.97,48281.7,31.4794
09/17/24 22:20:00.0,24217.4,22.01,48221.0,31.4351
09/17/24 22:30:00.0,24215.8,21.98,48240.9,31.4497
09/17/24 22:40:00.0,24224.1,22.01,48220.2,31.4345
09/17/24 22:50:00.0,24207.4,22.08,48109.6,31.3538
09/17/24 23:00:00.0,24212.4,22.07,48122.5,31.3632
09/17/24 23:10:00.0,24214.1,22.11,48078.7,31.3313
09/17/24 23:20:00.0,24209.1,22.21,47961.7,31.2460
09/17/24 23:30:00.0,24205.7,22.30,47858.3,31.1706
09/17/24 23:40:00.0,24214.1,22.38,47788.4,31.1197
09/17/24 23:50:00.0,24200.7,22.52,47616.6,30.9945
09/18/24 00:00:00.0,24197.4,22.53,47593.2,30.9775
09/18/24 00:10:00.0,24190.7,22.58,47523.8,30.9270
09/18/24 00:20:00.0,24189.0,22.63,47464.4,30.8837
09/18/24 00:30:00.0,24179.0,22.66,47408.4,30.8429
09/18/24 00:40:00.0,24167.3,22.71,47329.6,30.7856
09/18/24 00:50:00.0,24138.9,22.73,47247.5,30.7259
09/18/24 01:00:00.0,24138.9,22.78,47191.8,30.6854
09/18/24 01:10:00.0,24123.9,22.80,47136.1,30.6449
09/18/24 01:20:00.0,24127.3,22.80,47135.8,30.6446
09/18/24 01:30:00.0,24067.4,22.78,47031.4,30.5687
09/18/24 01:40:00.0,23944.9,22.68,46882.0,30.4602
09/18/24 01:50:00.0,23977.9,22.72,46900.8,30.4739
09/18/24 02:00:00.0,24059.1,22.79,46984.7,30.5348
09/18/24 02:10:00.0,24052.5,22.79,46964.9,30.5204
09/18/24 02:20:00.0,24079.0,22.80,46999.9,30.5459
09/18/24 02:30:00.0,24060.8,22.79,46967.2,30.5221
09/18/24 02:40:00.0,24011.0,22.68,46969.7,30.5239
09/18/24 02:50:00.0,23982.9,22.67,46917.6,30.4860
09/18/24 03:00:00.0,23979.6,22.63,46943.0,30.5045
09/18/24 03:10:00.0,23963.0,22.58,46952.2,30.5112
09/18/24 03:20:00.0,23964.7,22.62,46909.7,30.4803
09/18/24 03:30:00.0,24037.5,22.71,46957.7,30.5152
09/18/24 03:40:00.0,24084.0,22.63,47119.4,30.6327
09/18/24 03:50:00.0,24070.7,22.62,47096.2,30.6158
09/18/24 04:00:00.0,24114.0,22.62,47173.9,30.6723
09/18/24 04:10:00.0,24105.6,22.63,47140.7,30.6482
09/18/24 04:20:00.0,24118.9,22.53,47257.5,30.7331
09/18/24 04:30:00.0,24080.7,22.56,47146.4,30.6524
09/18/24 04:40:00.0,24050.8,22.54,47100.5,30.6190
09/18/24 04:50:00.0,24050.8,22.53,47103.3,30.6210
09/18/24 05:00:00.0,24123.9,22.49,47278.5,30.7484
09/18/24 05:10:00.0,24152.3,22.43,47386.0,30.8266
09/18/24 05:20:00.0,24167.3,22.38,47457.6,30.8787
09/18/24 05:30:00.0,24174.0,22.20,47641.6,31.0127
09/18/24 05:40:00.0,24177.3,22.00,47840.0,31.1573
09/18/24 05:50:00.0,24189.0,21.80,48056.5,31.3151
09/18/24 06:00:00.0,24184.0,21.66,48180.5,31.4056
09/18/24 06:10:00.0,24172.3,21.54,48271.5,31.4720
09/18/24 06:20:00.0,24175.6,21.40,48413.2,31.5755
09/18/24 06:30:00.0,24155.6,21.34,48427.2,31.5857
09/18/24 06:40:00.0,24160.6,21.33,48440.3,31.5952
09/18/24 06:50:00.0,24165.6,21.33,48443.1,31.5973
09/18/24 07:00:00.0,24164.0,21.30,48463.4,31.6121
09/18/24 07:10:00.0,24157.3,21.21,48534.8,31.6643
09/18/24 07:20:00.0,24152.3,21.13,48599.6,31.7116
09/18/24 07:30:00.0,24132.3,21.09,48593.3,31.7070
09/18/24 07:40:00.0,24148.9,21.05,48660.6,31.7562
09/18/24 07:50:00.0,24125.6,20.97,48688.9,31.7769
09/18/24 08:00:00.0,24109.0,20.77,48855.0,31.8984
09/18/24 08:10:00.0,24104.0,20.67,48941.6,31.9617
09/18/24 08:20:00.0,24089.0,20.52,49060.3,32.0486
09/18/24 08:30:00.0,24085.7,20.58,48983.7,31.9925
09/18/24 08:40:00.0,24084.0,20.63,48920.9,31.9466
09/18/24 08:50:00.0,24082.3,20.54,49004.0,32.0074
09/18/24 09:00:00.0,24097.3,20.61,48954.2,31.9709
09/18/24 09:10:00.0,24072.4,20.25,49273.6,32.2047
09/18/24 09:20:00.0,24112.3,21.05,48515.0,31.6498
09/18/24 09:30:00.0,24120.6,21.19,48381.1,31.5520
09/18/24 09:40:00.0,24097.3,20.82,48707.2,31.7903
09/18/24 09:50:00.0,24104.0,20.90,48630.9,31.7345
09/18/24 10:00:00.0,24097.3,20.88,48630.8,31.7345
09/18/24 10:10:00.0,24114.0,20.98,48554.3,31.6785
09/18/24 10:20:00.0,24114.0,20.94,48588.2,31.7033
09/18/24 10:30:00.0,24115.6,21.02,48502.0,31.6403
09/18/24 10:40:00.0,24102.3,21.05,48437.3,31.5931
09/18/24 10:50:00.0,24114.0,21.17,48330.9,31.5153
09/18/24 11:00:00.0,24114.0,21.25,48242.2,31.4506
09/18/24 11:10:00.0,24107.3,21.33,48140.4,31.3763
09/18/24 11:20:00.0,24122.3,21.36,48132.7,31.3707
09/18/24 11:30:00.0,24107.3,21.39,48065.3,31.3215
09/18/24 11:40:00.0,24127.3,21.41,48077.7,31.3306
09/18/24 11:50:00.0,24118.9,21.51,47952.9,31.2396
09/18/24 12:00:00.0,24114.0,21.61,47835.5,31.1540
09/18/24 12:10:00.0,24104.0,21.72,47698.5,31.0541
09/18/24 12:20:00.0,24102.3,21.82,47588.3,30.9739
09/18/24 12:30:00.0,24090.7,21.96,47419.4,30.8509
09/18/24 12:40:00.0,24104.0,22.00,47398.9,30.8360
09/18/24 12:50:00.0,24089.0,22.10,47263.7,30.7376
09/18/24 13:00:00.0,24064.1,22.21,47099.9,30.6185
09/18/24 13:10:00.0,24065.7,22.30,47007.9,30.5517
09/18/24 13:20:00.0,24057.4,22.37,46916.5,30.4852
09/18/24 13:30:00.0,24052.5,22.46,46812.5,30.4097
09/18/24 13:40:00.0,24047.5,22.53,46727.9,30.3483
09/18/24 13:50:00.0,24049.1,22.61,46646.8,30.2894
09/18/24 14:00:00.0,23923.4,22.92,46100.3,29.8931
09/18/24 14:10:00.0,23923.4,23.02,45998.6,29.8195
09/18/24 14:20:00.0,23944.9,22.93,46118.4,29.9063
09/18/24 14:30:00.0,23963.0,22.84,46232.1,29.9886
09/18/24 14:40:00.0,23966.3,22.83,46241.1,29.9952
09/18/24 14:50:00.0,23944.9,22.99,46040.9,29.8501
09/18/24 15:00:00.0,23905.3,23.12,45835.3,29.7013
09/18/24 15:10:00.0,23897.0,23.12,45812.6,29.6848
09/18/24 15:20:00.0,23892.1,23.16,45758.8,29.6459
09/18/24 15:30:00.0,23906.9,23.14,45799.1,29.6750
09/18/24 15:40:00.0,23900.3,23.15,45770.2,29.6542
09/18/24 15:50:00.0,23936.6,22.97,46002.7,29.8225
09/18/24 16:00:00.0,23954.8,22.97,46030.8,29.8428
09/18/24 16:10:00.0,23951.5,22.94,46046.0,29.8538
09/18/24 16:20:00.0,23959.7,22.92,46073.9,29.8740
09/18/24 16:30:00.0,23979.6,22.85,46171.8,29.9450
09/18/24 16:40:00.0,24007.7,22.73,46333.6,30.0622
09/18/24 16:50:00.0,23987.8,22.83,46192.8,29.9602
09/18/24 17:00:00.0,23984.5,22.95,46065.5,29.8680
09/18/24 17:10:00.0,23946.5,23.04,45900.7,29.7486
09/18/24 17:20:00.0,23946.5,22.95,45978.9,29.8052
09/18/24 17:30:00.0,23997.8,22.73,46279.9,30.0233
09/18/24 17:40:00.0,24045.8,22.57,46519.1,30.1967
09/18/24 17:50:00.0,24047.5,22.51,46573.2,30.2360
09/18/24 18:00:00.0,24037.5,22.38,46672.6,30.3081
09/18/24 18:10:00.0,24054.1,22.01,47058.7,30.5886
09/18/24 18:20:00.0,24050.8,21.89,47163.3,30.6646
09/18/24 18:30:00.0,24049.1,21.71,47330.9,30.7865
09/18/24 18:40:00.0,24040.8,21.61,47406.8,30.8417
09/18/24 18:50:00.0,24035.9,21.49,47509.6,30.9166
09/18/24 19:00:00.0,24019.3,21.38,47579.7,30.9676
09/18/24 19:10:00.0,24012.7,21.30,47639.8,31.0114
09/18/24 19:20:00.0,24019.3,21.24,47706.0,31.0596
09/18/24 19:30:00.0,24014.3,21.18,47749.4,31.0912
09/18/24 19:40:00.0,24004.4,21.09,47813.4,31.1379
09/18/24 19:50:00.0,23997.8,21.08,47803.3,31.1305
09/18/24 20:00:00.0,23986.2,21.02,47833.7,31.1527
09/18/24 20:10:00.0,23976.3,21.00,47827.1,31.1478
09/18/24 20:20:00.0,23972.9,20.97,47843.5,31.1598
09/18/24 20:30:00.0,23961.4,20.95,47833.7,31.1527
09/18/24 20:40:00.0,23963.0,20.94,47839.8,31.1571
09/18/24 20:50:00.0,23959.7,20.99,47775.5,31.1102
09/18/24 21:00:00.0,23944.9,20.77,47962.1,31.2463
09/18/24 21:10:00.0,23939.9,20.80,47914.4,31.2115
09/18/24 21:20:00.0,23936.6,20.79,47910.8,31.2088
09/18/24 21:30:00.0,23935.0,20.66,48032.9,31.2979
09/18/24 21:40:00.0,23956.4,21.24,47481.6,30.8962
09/18/24 21:50:00.0,23958.1,21.28,47437.8,30.8643
09/18/24 22:00:00.0,23956.4,21.10,47607.9,30.9881
09/18/24 22:10:00.0,23943.2,21.09,47584.6,30.9712
09/18/24 22:20:00.0,23949.8,21.05,47630.8,31.0048
09/18/24 22:30:00.0,23943.2,21.13,47530.1,30.9315
09/18/24 22:40:00.0,23935.0,21.15,47486.6,30.8999
09/18/24 22:50:00.0,23944.9,21.14,47509.2,30.9163
09/18/24 23:00:00.0,23946.5,21.14,47505.2,30.9134
09/18/24 23:10:00.0,23931.7,21.17,47438.7,30.8650
09/18/24 23:20:00.0,23935.0,21.19,47418.0,30.8499
09/18/24 23:30:00.0,23930.0,21.20,47391.0,30.8303
09/18/24 23:40:00.0,23916.8,21.23,47327.8,30.7843
09/18/24 23:50:00.0,23916.8,21.26,47290.8,30.7573
09/19/24 00:00:00.0,23915.2,21.29,47250.6,30.7281
09/19/24 00:10:00.0,23916.8,21.28,47256.6,30.7325
09/19/24 00:20:00.0,23902.0,21.34,47160.6,30.6627
09/19/24 00:30:00.0,23910.2,21.36,47149.8,30.6548
09/19/24 00:40:00.0,23893.7,21.43,47040.9,30.5756
09/19/24 00:50:00.0,23880.6,21.49,46948.8,30.5087
09/19/24 01:00:00.0,23870.7,21.51,46902.5,30.4751
09/19/24 01:10:00.0,23880.6,21.54,46885.3,30.4626
09/19/24 01:20:00.0,23877.3,21.57,46842.3,30.4314
09/19/24 01:30:00.0,23851.0,21.60,46754.3,30.3674
09/19/24 01:40:00.0,23834.5,21.64,46675.7,30.3104
09/19/24 01:50:00.0,23834.5,21.66,46649.1,30.2911
09/19/24 02:00:00.0,23834.5,21.66,46642.1,30.2860
09/19/24 02:10:00.0,23841.1,21.66,46648.0,30.2903
09/19/24 02:20:00.0,23742.8,21.59,46517.1,30.1953
09/19/24 02:30:00.0,23718.3,21.55,46501.2,30.1838
09/19/24 02:40:00.0,23706.9,21.54,46481.7,30.1696
09/19/24 02:50:00.0,23716.7,21.54,46493.9,30.1784
09/19/24 03:00:00.0,23698.7,21.51,46480.9,30.1690
09/19/24 03:10:00.0,23688.9,21.50,46464.5,30.1571
09/19/24 03:20:00.0,23695.5,21.51,46460.6,30.1543
09/19/24 03:30:00.0,23692.2,21.53,46427.6,30.1304
09/19/24 03:40:00.0,23685.7,21.53,46407.9,30.1161
09/19/24 03:50:00.0,23698.7,21.51,46445.9,30.1436
09/19/24 04:00:00.0,23760.8,21.59,46482.2,30.1700
09/19/24 04:10:00.0,23777.2,21.55,46546.3,30.2165
09/19/24 04:20:00.0,23796.8,21.56,46567.8,30.2321
09/19/24 04:30:00.0,23818.1,21.59,46573.1,30.2359
09/19/24 04:40:00.0,23790.3,21.53,46570.4,30.2340
09/19/24 04:50:00.0,23829.6,21.55,46620.6,30.2704
09/19/24 05:00:00.0,23824.7,21.53,46623.6,30.2726
09/19/24 05:10:00.0,23834.5,21.51,46655.3,30.2956
09/19/24 05:20:00.0,23870.7,21.51,46719.0,30.3419
09/19/24 05:30:00.0,23903.6,21.49,46796.0,30.3977
09/19/24 05:40:00.0,23926.7,21.48,46843.9,30.4325
09/19/24 05:50:00.0,23926.7,21.41,46905.8,30.4775
09/19/24 06:00:00.0,23991.1,21.36,47074.4,30.6000
09/19/24 06:10:00.0,23958.1,21.35,47012.5,30.5550
09/19/24 06:20:00.0,24034.2,21.23,47273.9,30.7451
09/19/24 06:30:00.0,24050.8,21.13,47399.4,30.8364
09/19/24 06:40:00.0,24080.7,21.03,47551.5,30.9471
09/19/24 06:50:00.0,24080.7,20.93,47645.1,31.0152
09/19/24 07:00:00.0,24094.0,20.82,47775.4,31.1102
09/19/24 07:10:00.0,24085.7,20.71,47863.5,31.1744
09/19/24 07:20:00.0,24095.7,20.62,47967.8,31.2504
09/19/24 07:30:00.0,24097.3,20.56,48025.1,31.2922
09/19/24 07:40:00.0,24094.0,20.46,48113.7,31.3568
09/19/24 07:50:00.0,24100.6,20.43,48150.4,31.3836
09/19/24 08:00:00.0,24085.7,20.38,48164.8,31.3941
09/19/24 08:10:00.0,24094.0,20.36,48194.6,31.4159
09/19/24 08:20:00.0,24104.0,20.32,48248.5,31.4552
09/19/24 08:30:00.0,24107.3,20.31,48258.1,31.4622
09/19/24 08:40:00.0,24100.6,20.30,48247.7,31.4546
09/19/24 08:50:00.0,24100.6,20.25,48292.0,31.4870
09/19/24 09:00:00.0,24107.3,20.10,48453.6,31.6049
09/19/24 09:10:00.0,24097.3,20.05,48478.1,31.6229
09/19/24 09:20:00.0,24122.3,20.06,48510.6,31.6466
09/19/24 09:30:00.0,24114.0,19.98,48569.9,31.6899
09/19/24 09:40:00.0,24130.6,19.85,48731.9,31.8084
09/19/24 09:50:00.0,24128.9,20.01,48553.8,31.6782
09/19/24 10:00:00.0,24150.6,20.18,48413.2,31.5755
09/19/24 10:10:00.0,24152.3,20.22,48367.8,31.5423
09/19/24 10:20:00.0,24170.6,20.39,48221.5,31.4355
09/19/24 10:30:00.0,24175.6,20.68,47927.0,31.2207
09/19/24 10:40:00.0,24143.9,20.27,48277.3,31.4763
09/19/24 10:50:00.0,24174.0,20.32,48278.5,31.4771
09/19/24 11:00:00.0,24164.0,20.39,48179.1,31.4045
09/19/24 11:10:00.0,24165.6,20.48,48082.5,31.3341
09/19/24 11:20:00.0,24165.6,20.51,48044.5,31.3063
09/19/24 11:30:00.0,24160.6,20.56,47976.1,31.2565
09/19/24 11:40:00.0,24157.3,20.59,47931.6,31.2241
09/19/24 11:50:00.0,24167.3,20.63,47903.4,31.2034
09/19/24 12:00:00.0,24159.0,20.64,47869.5,31.1787
09/19/24 12:10:00.0,24155.6,20.67,47824.9,31.1463
09/19/24 12:20:00.0,24140.6,20.76,47696.7,31.0528
09/19/24 12:30:00.0,24133.9,20.83,47605.4,30.9864
09/19/24 12:40:00.0,24118.9,20.88,47518.2,30.9229
09/19/24 12:50:00.0,24109.0,20.94,47431.2,30.8595
09/19/24 13:00:00.0,24117.3,20.99,47390.1,30.8296
09/19/24 13:10:00.0,24107.3,21.05,47303.1,30.7663
09/19/24 13:20:00.0,24110.6,21.12,47232.4,30.7149
09/19/24 13:30:00.0,24077.4,21.19,47090.6,30.6118
09/19/24 13:40:00.0,24060.8,21.28,46961.8,30.5182
09/19/24 13:50:00.0,24070.7,21.31,46944.3,30.5054
09/19/24 14:00:00.0,24059.1,21.34,46884.9,30.4623
09/19/24 14:10:00.0,24052.5,21.39,46815.6,30.4119
09/19/24 14:20:00.0,24029.2,21.46,46694.3,30.3239
09/19/24 14:30:00.0,24050.8,21.50,46689.9,30.3207
09/19/24 14:40:00.0,24027.6,21.56,46579.0,30.2402
09/19/24 14:50:00.0,24016.0,21.62,46490.9,30.1763
09/19/24 15:00:00.0,24007.7,21.64,46448.2,30.1454
09/19/24 15:10:00.0,23961.4,21.70,46293.4,30.0331
09/19/24 15:20:00.0,23963.0,21.72,46270.1,30.0162
09/19/24 15:30:00.0,23977.9,21.70,46311.2,30.0459
09/19/24 15:40:00.0,24004.4,21.66,46394.1,30.1061
09/19/24 15:50:00.0,23984.5,21.71,46300.1,30.0379
09/19/24 16:00:00.0,23984.5,21.70,46302.7,30.0398
09/19/24 16:10:00.0,23951.5,21.75,46183.6,29.9535
09/19/24 16:20:00.0,23918.5,21.86,46007.0,29.8256
09/19/24 16:30:00.0,23895.4,21.91,45907.6,29.7536
09/19/24 16:40:00.0,23880.6,21.77,46006.7,29.8254
09/19/24 16:50:00.0,23882.2,21.74,46031.7,29.8434
09/19/24 17:00:00.0,23795.2,21.77,45828.4,29.6963
09/19/24 17:10:00.0,23734.6,21.77,45704.8,29.6068
09/19/24 17:20:00.0,23710.1,21.74,45679.4,29.5885
09/19/24 17:30:00.0,23702.0,21.72,45676.0,29.5860
09/19/24 17:40:00.0,23723.2,21.71,45719.4,29.6174
09/19/24 17:50:00.0,23791.9,21.71,45844.6,29.7080
09/19/24 18:00:00.0,23777.2,21.67,45847.8,29.7103
09/19/24 18:10:00.0,23826.3,21.70,45906.4,29.7528
09/19/24 18:20:00.0,23867.4,21.70,45978.5,29.8049
09/19/24 18:30:00.0,23961.4,21.45,46395.2,30.1069
09/19/24 18:40:00.0,24025.9,21.33,46630.5,30.2776
09/19/24 18:50:00.0,24055.8,21.29,46720.7,30.3430
09/19/24 19:00:00.0,24079.0,21.14,46906.8,30.4782
09/19/24 19:10:00.0,24112.3,21.03,47073.7,30.5995
09/19/24 19:20:00.0,24143.9,20.99,47168.0,30.6681
09/19/24 19:30:00.0,24177.3,20.93,47286.0,30.7539
09/19/24 19:40:00.0,24200.7,20.80,47455.1,30.8769
09/19/24 19:50:00.0,24220.8,20.61,47679.4,31.0402
09/19/24 20:00:00.0,24215.8,20.48,47794.4,31.1241
09/19/24 20:10:00.0,24237.5,20.43,47880.9,31.1871
09/19/24 20:20:00.0,24249.2,20.33,47999.1,31.2732
09/19/24 20:30:00.0,24252.6,20.28,48049.8,31.3102
09/19/24 20:40:00.0,24272.7,20.22,48143.9,31.3789
09/19/24 20:50:00.0,24277.8,20.18,48187.9,31.4110
09/19/24 21:00:00.0,24291.2,20.17,48217.4,31.4325
09/19/24 21:10:00.0,24302.9,20.17,48233.2,31.4440
09/19/24 21:20:00.0,24318.1,20.15,48276.6,31.4757
09/19/24 21:30:00.0,24334.9,20.13,48323.2,31.5097
09/19/24 21:40:00.0,24388.8,20.15,48401.8,31.5672
09/19/24 21:50:00.0,24439.5,20.13,48515.6,31.6503
09/19/24 22:00:00.0,24439.5,20.15,48487.4,31.6296
09/19/24 22:10:00.0,24434.4,20.16,48459.5,31.6093
09/19/24 22:20:00.0,24442.9,20.15,48479.3,31.6237
09/19/24 22:30:00.0,24436.1,20.43,48169.1,31.3973
09/19/24 22:40:00.0,24437.8,20.39,48206.2,31.4244
09/19/24 22:50:00.0,24424.3,20.31,48254.6,31.4597
09/19/24 23:00:00.0,24431.1,20.30,48271.0,31.4716
09/19/24 23:10:00.0,24420.9,20.32,48222.8,31.4365
09/19/24 23:20:00.0,24417.5,20.33,48198.4,31.4186
09/19/24 23:30:00.0,24407.4,20.35,48150.5,31.3837
09/19/24 23:40:00.0,24395.6,20.36,48109.6,31.3539
09/19/24 23:50:00.0,24353.4,20.38,47998.7,31.2729
09/20/24 00:00:00.0,24355.1,20.41,47963.9,31.2476
09/20/24 00:10:00.0,24328.2,20.39,47924.1,31.2186
09/20/24 00:20:00.0,24311.3,20.42,47852.8,31.1666
09/20/24 00:30:00.0,24294.5,20.42,47812.5,31.1372
09/20/24 00:40:00.0,24279.4,20.43,47765.3,31.1028
09/20/24 00:50:00.0,24259.3,20.43,47718.5,31.0687
09/20/24 01:00:00.0,24242.5,20.43,47678.1,31.0393
09/20/24 01:10:00.0,24237.5,20.47,47620.3,30.9972
09/20/24 01:20:00.0,24200.7,20.47,47540.8,30.9393
09/20/24 01:30:00.0,24169.0,20.48,47461.2,30.8814
09/20/24 01:40:00.0,24160.6,20.47,47447.6,30.8714
09/20/24 01:50:00.0,24128.9,20.48,47368.0,30.8136
09/20/24 02:00:00.0,24138.9,20.49,47370.2,30.8152
09/20/24 02:10:00.0,24135.6,20.49,47356.5,30.8051
09/20/24 02:20:00.0,24095.7,20.48,47281.1,30.7503
09/20/24 02:30:00.0,24075.7,20.48,47234.7,30.7165
09/20/24 02:40:00.0,24052.5,20.48,47182.0,30.6782
09/20/24 02:50:00.0,24035.9,20.47,47152.2,30.6566
09/20/24 03:00:00.0,24019.3,20.46,47122.5,30.6350
09/20/24 03:10:00.0,23991.1,20.42,47100.2,30.6188
09/20/24 03:20:00.0,23930.0,20.35,47043.5,30.5775
09/20/24 03:30:00.0,23913.5,20.36,46993.8,30.5414
09/20/24 03:40:00.0,23839.5,20.28,46921.6,30.4890
09/20/24 03:50:00.0,23926.7,20.35,47015.3,30.5570
09/20/24 04:00:00.0,23783.7,20.17,46907.9,30.4790
09/20/24 04:10:00.0,23855.9,20.25,46962.3,30.5185
09/20/24 04:20:00.0,23837.8,20.28,46889.3,30.4655
09/20/24 04:30:00.0,23832.9,20.28,46872.5,30.4533
09/20/24 04:40:00.0,23860.8,20.31,46889.9,30.4660
09/20/24 04:50:00.0,23851.0,20.33,46843.4,30.4322
09/20/24 05:00:00.0,23862.5,20.33,46858.7,30.4433
09/20/24 05:10:00.0,23925.1,20.35,46954.1,30.5126
09/20/24 05:20:00.0,23953.1,20.32,47031.9,30.5691
09/20/24 05:30:00.0,23991.1,20.31,47109.2,30.6253
09/20/24 05:40:00.0,24035.9,20.32,47179.6,30.6765
09/20/24 05:50:00.0,23974.6,20.30,47072.4,30.5985
09/20/24 06:00:00.0,23958.1,20.27,47062.9,30.5917
09/20/24 06:10:00.0,23981.2,20.28,47090.9,30.6120
09/20/24 06:20:00.0,24107.3,20.31,47300.4,30.7644
09/20/24 06:30:00.0,24087.3,20.27,47294.4,30.7600
09/20/24 06:40:00.0,24079.0,20.20,47341.7,30.7944
09/20/24 06:50:00.0,24112.3,20.21,47389.6,30.8292
09/20/24 07:00:00.0,24187.3,20.26,47478.5,30.8940
09/20/24 07:10:00.0,24239.2,20.26,47572.9,30.9627
09/20/24 07:20:00.0,24264.3,20.26,47614.7,30.9931
09/20/24 07:30:00.0,24294.5,20.25,47676.7,31.0382
09/20/24 07:40:00.0,24331.5,20.21,47782.6,31.1155
09/20/24 07:50:00.0,24346.7,20.13,47887.0,31.1915
09/20/24 08:00:00.0,24350.0,20.08,47937.5,31.2283
09/20/24 08:10:00.0,24351.7,20.03,47984.8,31.2628
09/20/24 08:20:00.0,24360.2,20.00,48025.0,31.2922
09/20/24 08:30:00.0,24385.5,19.97,48098.3,31.3456
09/20/24 08:40:00.0,24399.0,19.96,48127.8,31.3671
09/20/24 08:50:00.0,24414.2,19.94,48171.0,31.3986
09/20/24 09:00:00.0,24422.6,19.92,48200.8,31.4204
09/20/24 09:10:00.0,24451.4,19.92,48250.0,31.4563
09/20/24 09:20:00.0,24442.9,19.94,48205.1,31.4235
09/20/24 09:30:00.0,24459.8,19.94,48230.9,31.4423
09/20/24 09:40:00.0,24454.7,19.94,48213.4,31.4296
09/20/24 09:50:00.0,24480.2,19.95,48245.7,31.4532
09/20/24 10:00:00.0,24454.7,19.96,48177.7,31.4035
09/20/24 10:10:00.0,24475.1,19.96,48210.3,31.4274
09/20/24 10:20:00.0,24497.1,19.96,48246.1,31.4535
09/20/24 10:30:00.0,24492.0,19.96,48228.6,31.4407
09/20/24 10:40:00.0,24498.8,19.96,48234.5,31.4450
09/20/24 10:50:00.0,24488.6,20.02,48144.9,31.3796
09/20/24 11:00:00.0,24449.7,20.05,48030.2,31.2959
09/20/24 11:10:00.0,24458.1,20.02,48070.1,31.3250
09/20/24 11:20:00.0,24464.9,20.02,48076.0,31.3293
09/20/24 11:30:00.0,24456.4,20.05,48020.9,31.2892
09/20/24 11:40:00.0,24471.7,20.06,48033.1,31.2981
09/20/24 11:50:00.0,24466.6,20.03,48046.6,31.3079
09/20/24 12:00:00.0,24446.3,20.05,47978.8,31.2584
09/20/24 12:10:00.0,24446.3,20.05,47971.3,31.2530
09/20/24 12:20:00.0,24397.3,20.05,47867.9,31.1776
09/20/24 12:30:00.0,24372.0,20.03,47831.4,31.1510
09/20/24 12:40:00.0,24348.4,20.05,47757.3,31.0970
09/20/24 12:50:00.0,24324.8,20.06,47693.4,31.0504
09/20/24 13:00:00.0,24311.3,20.06,47659.6,31.0258
09/20/24 13:10:00.0,24287.8,20.06,47606.2,30.9869
09/20/24 13:20:00.0,24266.0,20.06,47556.1,30.9505
09/20/24 13:30:00.0,24256.0,20.07,47519.0,30.9234
09/20/24 13:40:00.0,24227.5,20.07,47455.9,30.8775
09/20/24 13:50:00.0,24212.4,20.07,47419.0,30.8506
09/20/24 14:00:00.0,24212.4,20.07,47411.6,30.8452
09/20/24 14:10:00.0,24182.3,20.07,47345.4,30.7971
09/20/24 14:20:00.0,24143.9,20.08,47252.8,30.7297
09/20/24 14:30:00.0,24133.9,20.07,47236.1,30.7176
09/20/24 14:40:00.0,24127.3,20.06,47226.0,30.7102
09/20/24 14:50:00.0,24104.0,20.05,47183.2,30.6791
09/20/24 15:00:00.0,24067.4,20.03,47124.6,30.6365
09/20/24 15:10:00.0,24047.5,20.05,47058.1,30.5882
09/20/24 15:20:00.0,24065.7,20.03,47106.6,30.6234
09/20/24 15:30:00.0,24057.4,20.02,47093.1,30.6136
09/20/24 15:40:00.0,24039.2,20.01,47060.3,30.5898
09/20/24 15:50:00.0,23969.6,20.00,46927.1,30.4929
09/20/24 16:00:00.0,23953.1,19.97,46917.7,30.4862
09/20/24 16:10:00.0,23928.4,19.96,46872.2,30.4531
09/20/24 16:20:00.0,23906.9,19.94,46843.0,30.4319
09/20/24 16:30:00.0,23872.4,19.92,46788.3,30.3922
09/20/24 16:40:00.0,23846.0,19.90,46749.5,30.3640
09/20/24 16:50:00.0,23816.5,19.89,46694.5,30.3241
09/20/24 17:00:00.0,23859.2,19.90,46760.7,30.3721
09/20/24 17:10:00.0,23769.0,19.81,46667.3,30.3043
09/20/24 17:20:00.0,23742.8,19.77,46648.9,30.2909
09/20/24 17:30:00.0,23688.9,19.75,46556.0,30.2235
09/20/24 17:40:00.0,23702.0,19.72,46604.6,30.2588
09/20/24 17:50:00.0,23724.8,19.69,46672.2,30.3079
09/20/24 18:00:00.0,23687.3,19.65,46631.6,30.2784
09/20/24 18:10:00.0,23724.8,19.65,46697.9,30.3265
09/20/24 18:20:00.0,23741.2,19.66,46712.8,30.3373
09/20/24 18:30:00.0,23751.0,19.67,46714.6,30.3386
09/20/24 18:40:00.0,23764.1,19.74,46662.5,30.3008
09/20/24 18:50:00.0,23935.0,19.81,46919.3,30.4873
09/20/24 19:00:00.0,23959.7,19.81,46960.3,30.5171
09/20/24 19:10:00.0,23997.8,19.76,47078.1,30.6027
09/20/24 19:20:00.0,24002.7,19.75,47090.5,30.6117
09/20/24 19:30:00.0,24047.5,19.75,47170.8,30.6701
09/20/24 19:40:00.0,24095.7,19.76,47247.6,30.7260
09/20/24 19:50:00.0,24152.3,19.79,47320.4,30.7789
09/20/24 20:00:00.0,24197.4,19.84,47350.2,30.8006
09/20/24 20:10:00.0,24229.1,19.84,47404.7,30.8402
09/20/24 20:20:00.0,24271.0,19.86,47458.6,30.8795
09/20/24 20:30:00.0,24308.0,19.84,47543.9,30.9415
09/20/24 20:40:00.0,24316.4,19.79,47604.0,30.9853
09/20/24 20:50:00.0,24339.9,19.77,47663.0,31.0283
09/20/24 21:00:00.0,24363.5,19.74,47732.5,31.0789
09/20/24 21:10:00.0,24378.7,19.72,47775.3,31.1101
09/20/24 21:20:00.0,24393.9,19.72,47797.6,31.1263
09/20/24 21:30:00.0,24410.8,19.71,47833.4,31.1525
09/20/24 21:40:00.0,24414.2,19.71,47832.6,31.1519
09/20/24 21:50:00.0,24420.9,19.71,47838.2,31.1559
09/20/24 22:00:00.0,24419.2,19.70,47837.7,31.1556
09/20/24 22:10:00.0,24417.5,19.69,47837.2,31.1552
09/20/24 22:20:00.0,24426.0,19.69,47846.3,31.1618
09/20/24 22:30:00.0,24436.1,19.66,47889.5,31.1933
09/20/24 22:40:00.0,24439.5,19.66,47888.6,31.1927
09/20/24 22:50:00.0,24415.8,19.65,47845.1,31.1610
09/20/24 23:00:00.0,24415.8,19.65,47837.6,31.1555
09/20/24 23:10:00.0,24449.7,19.65,47896.4,31.1983
09/20/24 23:20:00.0,24378.7,19.58,47822.3,31.1443
09/20/24 23:30:00.0,24392.2,19.64,47779.2,31.1130
09/20/24 23:40:00.0,24393.9,19.64,47775.1,31.1099
09/20/24 23:50:00.0,24402.3,19.66,47763.3,31.1014
09/21/24 00:00:00.0,24385.5,19.62,47764.2,31.1021
09/21/24 00:10:00.0,24382.1,19.61,47760.4,31.0993
09/21/24 00:20:00.0,24385.5,19.61,47759.5,31.0986
09/21/24 00:30:00.0,24341.6,19.53,47748.7,31.0907
09/21/24 00:40:00.0,24296.2,19.45,47734.9,31.0806
09/21/24 00:50:00.0,24277.8,19.45,47691.3,31.0489
09/21/24 01:00:00.0,24242.5,19.43,47635.2,31.0081
09/21/24 01:10:00.0,24222.4,19.40,47619.3,30.9964
09/21/24 01:20:00.0,24192.3,19.39,47563.0,30.9555
09/21/24 01:30:00.0,24199.0,19.39,47568.7,30.9596
09/21/24 01:40:00.0,24169.0,19.38,47512.6,30.9188
09/21/24 01:50:00.0,24159.0,19.35,47516.4,30.9216
09/21/24 02:00:00.0,24128.9,19.31,47491.1,30.9031
09/21/24 02:10:00.0,24089.0,19.29,47425.8,30.8556
09/21/24 02:20:00.0,24044.2,19.23,47392.0,30.8310
09/21/24 02:30:00.0,24011.0,19.19,47360.4,30.8080
09/21/24 02:40:00.0,23994.4,19.15,47361.4,30.8088
09/21/24 02:50:00.0,23948.2,19.13,47283.6,30.7521
09/21/24 03:00:00.0,23930.0,19.10,47271.1,30.7430
09/21/24 03:10:00.0,23921.8,19.09,47257.8,30.7333
09/21/24 03:20:00.0,23874.0,19.05,47197.2,30.6893
09/21/24 03:30:00.0,23692.2,18.73,47159.5,30.6619
09/21/24 03:40:00.0,23733.0,18.74,47222.8,30.7079
09/21/24 03:50:00.0,23741.2,18.78,47190.3,30.6843
09/21/24 04:00:00.0,23687.3,18.72,47137.8,30.6461
09/21/24 04:10:00.0,23631.9,18.63,47113.2,30.6282
09/21/24 04:20:00.0,23674.3,18.71,47107.4,30.6240
09/21/24 04:30:00.0,23666.1,18.72,47073.4,30.5993
09/21/24 04:40:00.0,23620.6,18.67,47027.2,30.5657
09/21/24 04:50:00.0,23693.8,18.76,47072.3,30.5985
09/21/24 05:00:00.0,23672.6,18.76,47022.9,30.5625
09/21/24 05:10:00.0,23715.0,18.84,47017.2,30.5584
09/21/24 05:20:00.0,23664.5,18.76,46992.0,30.5401
09/21/24 05:30:00.0,23687.3,18.83,46957.8,30.5153
09/21/24 05:40:00.0,23749.3,18.87,47031.9,30.5691
09/21/24 05:50:00.0,23828.0,18.92,47128.5,30.6393
09/21/24 06:00:00.0,23424.9,18.49,46763.9,30.3744
09/21/24 06:10:00.0,23383.1,18.47,46693.7,30.3235
09/21/24 06:20:00.0,23502.3,18.53,46862.0,30.4457
09/21/24 06:30:00.0,23476.4,18.51,46823.6,30.4178
09/21/24 06:40:00.0,23473.2,18.49,46830.4,30.4227
09/21/24 06:50:00.0,23641.7,18.73,46910.9,30.4812
09/21/24 07:00:00.0,23814.9,18.85,47122.5,30.6349
09/21/24 07:10:00.0,23832.9,18.85,47150.5,30.6554
09/21/24 07:20:00.0,23864.1,18.80,47256.3,30.7322
09/21/24 07:30:00.0,23864.1,18.78,47269.4,30.7418
09/21/24 07:40:00.0,23982.9,18.88,47393.1,30.8318
09/21/24 07:50:00.0,24067.4,19.00,47427.8,30.8571
09/21/24 08:00:00.0,24102.3,19.00,47488.9,30.9016
09/21/24 08:10:00.0,24159.0,19.05,47541.1,30.9395
09/21/24 08:20:00.0,24187.3,19.08,47558.0,30.9519
09/21/24 08:30:00.0,24212.4,19.08,47599.7,30.9822
09/21/24 08:40:00.0,24224.1,19.04,47656.6,31.0237
09/21/24 08:50:00.0,24257.6,19.04,47714.8,31.0660
09/21/24 09:00:00.0,24267.7,19.02,47747.9,31.0901
09/21/24 09:10:00.0,24277.8,19.03,47749.7,31.0915
09/21/24 09:20:00.0,24314.7,19.05,47793.7,31.1236
09/21/24 09:30:00.0,24339.9,19.07,47814.8,31.1389
09/21/24 09:40:00.0,24353.4,19.08,47823.2,31.1450
09/21/24 09:50:00.0,24378.7,19.09,47854.8,31.1681
09/21/24 10:00:00.0,24378.7,19.07,47868.0,31.1777
09/21/24 10:10:00.0,24387.1,19.07,47876.9,31.1842
09/21/24 10:20:00.0,24388.8,19.05,47893.5,31.1962
09/21/24 10:30:00.0,24400.6,19.05,47909.0,31.2076
09/21/24 10:40:00.0,24383.8,19.04,47878.9,31.1856
09/21/24 10:50:00.0,24397.3,19.03,47908.2,31.2070
09/21/24 11:00:00.0,24399.0,19.02,47914.3,31.2115
09/21/24 11:10:00.0,24419.2,19.05,47915.0,31.2119
09/21/24 11:20:00.0,24415.8,19.03,47921.6,31.2167
09/21/24 11:30:00.0,24378.7,18.99,47883.0,31.1886
09/21/24 11:40:00.0,24399.0,19.03,47873.5,31.1817
09/21/24 11:50:00.0,24448.0,19.08,47909.6,31.2080
09/21/24 12:00:00.0,24382.1,19.03,47825.2,31.1465
09/21/24 12:10:00.0,24353.4,18.99,47803.1,31.1303
09/21/24 12:20:00.0,24302.9,18.93,47759.0,31.0982
09/21/24 12:30:00.0,24250.9,18.90,47680.7,31.0412
09/21/24 12:40:00.0,24100.6,18.78,47502.6,30.9115
09/21/24 12:50:00.0,24029.2,18.74,47396.1,30.8340
09/21/24 13:00:00.0,23954.8,18.71,47273.2,30.7446
09/21/24 13:10:00.0,23910.2,18.68,47208.9,30.6978
09/21/24 13:20:00.0,23869.1,18.68,47120.4,30.6335
09/21/24 13:30:00.0,23837.8,18.67,47061.6,30.5907
09/21/24 13:40:00.0,23847.7,18.68,47063.3,30.5919
09/21/24 13:50:00.0,23836.2,18.69,47022.9,30.5626
09/21/24 14:00:00.0,23898.7,18.78,47045.7,30.5791
09/21/24 14:10:00.0,23941.6,18.83,47071.0,30.5975
09/21/24 14:20:00.0,23846.0,18.76,46947.7,30.5080
09/21/24 14:30:00.0,23772.2,18.71,46846.5,30.4344
09/21/24 14:40:00.0,23654.7,18.64,46679.6,30.3132
09/21/24 14:50:00.0,23539.5,18.59,46496.3,30.1803
09/21/24 15:00:00.0,23466.8,18.56,46376.2,30.0931
09/21/24 15:10:00.0,23449.0,18.57,46323.6,30.0549
09/21/24 15:20:00.0,23387.9,18.54,46226.2,29.9844
09/21/24 15:30:00.0,23245.4,18.49,45988.4,29.8121
09/21/24 15:40:00.0,23172.1,18.46,45866.6,29.7239
09/21/24 15:50:00.0,23119.7,18.42,45796.1,29.6729
09/21/24 16:00:00.0,23013.7,18.37,45629.5,29.5524
09/21/24 16:10:00.0,23007.4,18.36,45619.8,29.5454
09/21/24 16:20:00.0,22936.5,18.35,45482.3,29.4460
09/21/24 16:30:00.0,22936.5,18.33,45495.1,29.4552
09/21/24 16:40:00.0,22815.7,18.28,45298.7,29.3133
09/21/24 16:50:00.0,22700.3,18.25,45092.8,29.1646
09/21/24 17:00:00.0,22477.6,18.18,44713.4,28.8910
09/21/24 17:10:00.0,22370.1,18.17,44502.8,28.7392
09/21/24 17:20:00.0,22360.9,18.18,44467.6,28.7139
09/21/24 17:30:00.0,22496.0,18.22,44689.0,28.8734
09/21/24 17:40:00.0,22715.9,18.27,45067.8,29.1466
09/21/24 17:50:00.0,22579.4,18.25,44810.3,28.9608
09/21/24 18:00:00.0,22700.3,18.28,45012.6,29.1068
09/21/24 18:10:00.0,22988.4,18.37,45485.0,29.4479
09/21/24 18:20:00.0,23013.7,18.38,45517.6,29.4715
09/21/24 18:30:00.0,23026.3,18.38,45535.2,29.4842
09/21/24 18:40:00.0,23050.0,18.40,45554.6,29.4982
09/21/24 18:50:00.0,23108.6,18.43,45632.7,29.5547
09/21/24 19:00:00.0,23170.5,18.43,45747.3,29.6376
09/21/24 19:10:00.0,23046.8,18.38,45546.5,29.4923
09/21/24 19:20:00.0,23441.0,18.54,46153.6,29.9318
09/21/24 19:30:00.0,23497.4,18.57,46226.6,29.9846
09/21/24 19:40:00.0,23515.2,18.59,46233.8,29.9899
09/21/24 19:50:00.0,23705.2,18.64,46548.0,30.2177
09/21/24 20:00:00.0,23533.0,18.53,46314.8,30.0486
09/21/24 20:10:00.0,23560.5,18.52,46371.6,30.0898
09/21/24 20:20:00.0,23617.3,18.54,46455.3,30.1504
09/21/24 20:30:00.0,23887.2,18.63,46884.7,30.4622
09/21/24 20:40:00.0,24072.4,18.72,47146.8,30.6526
09/21/24 20:50:00.0,24017.6,18.66,47094.0,30.6143
09/21/24 21:00:00.0,24009.3,18.58,47152.8,30.6570
09/21/24 21:10:00.0,24060.8,18.62,47204.7,30.6948
09/21/24 21:20:00.0,24082.3,18.62,47239.2,30.7199
09/21/24 21:30:00.0,24092.3,18.62,47251.2,30.7286
09/21/24 21:40:00.0,24095.7,18.61,47260.7,30.7354
09/21/24 21:50:00.0,24140.6,18.63,47320.2,30.7787
09/21/24 22:00:00.0,24170.6,18.66,47340.1,30.7932
09/21/24 22:10:00.0,24195.7,18.68,47360.8,30.8083
09/21/24 22:20:00.0,24244.2,18.71,47416.8,30.8490
09/21/24 22:30:00.0,24272.7,18.72,47454.4,30.8764
09/21/24 22:40:00.0,24277.8,18.73,47446.3,30.8705
09/21/24 22:50:00.0,24277.8,18.72,47449.1,30.8725
09/21/24 23:00:00.0,24281.1,18.71,47458.3,30.8792
09/21/24 23:10:00.0,24301.3,18.72,47479.7,30.8948
09/21/24 23:20:00.0,24279.4,18.69,47460.5,30.8808
09/21/24 23:30:00.0,24291.2,18.71,47455.1,30.8769
09/21/24 23:40:00.0,24350.0,18.78,47489.3,30.9018
09/21/24 23:50:00.0,24345.0,18.79,47461.6,30.8816
09/22/24 00:00:00.0,24264.3,18.71,47379.8,30.8221
09/22/24 00:10:00.0,24200.7,18.59,47372.7,30.8169
09/22/24 00:20:00.0,24220.8,18.63,47362.8,30.8097
09/22/24 00:30:00.0,24272.7,18.71,47373.3,30.8174
09/22/24 00:40:00.0,24301.3,18.74,47390.3,30.8297
09/22/24 00:50:00.0,23921.8,18.36,47034.9,30.5713
09/22/24 01:00:00.0,23892.1,18.36,46969.1,30.5234
09/22/24 01:10:00.0,23846.0,18.35,46881.4,30.4598
09/22/24 01:20:00.0,23834.5,18.35,46851.3,30.4379
09/22/24 01:30:00.0,24042.5,18.54,47054.7,30.5857
09/22/24 01:40:00.0,24100.6,18.61,47088.3,30.6101
09/22/24 01:50:00.0,24137.3,18.61,47152.2,30.6566
09/22/24 02:00:00.0,24192.3,18.67,47189.7,30.6838
09/22/24 02:10:00.0,24006.0,18.51,46984.1,30.5344
09/22/24 02:20:00.0,23741.2,18.26,46715.8,30.3395
09/22/24 02:30:00.0,23726.5,18.25,46689.7,30.3206
09/22/24 02:40:00.0,23695.5,18.26,46611.1,30.2635
09/22/24 02:50:00.0,23926.7,18.44,46871.1,30.4523
09/22/24 03:00:00.0,23875.6,18.41,46794.6,30.3967
09/22/24 03:10:00.0,23855.9,18.38,46779.4,30.3857
09/22/24 03:20:00.0,23721.6,18.30,46591.1,30.2490
09/22/24 03:30:00.0,23542.7,18.17,46365.9,30.0856
09/22/24 03:40:00.0,23457.1,18.11,46251.5,30.0027
09/22/24 03:50:00.0,23478.1,18.12,46275.1,30.0198
09/22/24 04:00:00.0,23404.0,18.06,46183.2,29.9532
09/22/24 04:10:00.0,23333.3,18.02,46077.3,29.8765
09/22/24 04:20:00.0,23315.7,18.01,46045.4,29.8534
09/22/24 04:30:00.0,23286.9,17.96,46032.1,29.8438
09/22/24 04:40:00.0,23431.3,18.06,46207.0,29.9705
09/22/24 04:50:00.0,23400.7,18.00,46200.7,29.9659
09/22/24 05:00:00.0,23513.6,18.11,46302.8,30.0399
09/22/24 05:10:00.0,23328.5,17.94,46104.8,29.8964
09/22/24 05:20:00.0,23482.9,18.11,46227.5,29.9853
09/22/24 05:30:00.0,23461.9,18.10,46189.0,29.9574
09/22/24 05:40:00.0,23596.2,18.18,46363.3,30.0837
09/22/24 05:50:00.0,23744.4,18.28,46543.5,30.2144
09/22/24 06:00:00.0,23777.2,18.32,46559.0,30.2257
09/22/24 06:10:00.0,23831.3,18.35,46626.4,30.2746
09/22/24 06:20:00.0,23852.6,18.36,46650.1,30.2918
09/22/24 06:30:00.0,23841.1,18.33,46650.9,30.2924
09/22/24 06:40:00.0,23821.4,18.27,46666.6,30.3038
09/22/24 06:50:00.0,23867.4,18.28,46738.6,30.3560
09/22/24 07:00:00.0,24054.1,18.42,46950.8,30.5102
09/22/24 07:10:00.0,23986.2,18.36,46872.8,30.4535
09/22/24 07:20:00.0,23996.1,18.38,46863.9,30.4471
09/22/24 07:30:00.0,23928.4,18.35,46755.3,30.3682
09/22/24 07:40:00.0,24012.7,18.41,46850.2,30.4371
09/22/24 07:50:00.0,23575.1,17.96,46449.8,30.1465
09/22/24 08:00:00.0,23429.7,17.85,46269.3,30.0156
09/22/24 08:10:00.0,23814.9,18.25,46606.4,30.2601
09/22/24 08:20:00.0,24097.3,18.43,46963.7,30.5196
09/22/24 08:30:00.0,24080.7,18.41,46944.4,30.5056
09/22/24 08:40:00.0,24072.4,18.38,46951.7,30.5108
09/22/24 08:50:00.0,24142.3,18.42,47038.6,30.5740
09/22/24 09:00:00.0,24194.0,18.48,47069.4,30.5964
09/22/24 09:10:00.0,24204.0,18.47,47091.5,30.6124
09/22/24 09:20:00.0,24214.1,18.47,47103.5,30.6211
09/22/24 09:30:00.0,24306.3,18.54,47202.2,30.6929
09/22/24 09:40:00.0,24329.8,18.57,47208.9,30.6978
09/22/24 09:50:00.0,24343.3,18.59,47206.7,30.6962
09/22/24 10:00:00.0,24339.9,18.58,47202.8,30.6934
09/22/24 10:10:00.0,24334.9,18.57,47195.8,30.6883
09/22/24 10:20:00.0,24311.3,18.54,47173.5,30.6721
09/22/24 10:30:00.0,24355.1,18.59,47198.9,30.6905
09/22/24 10:40:00.0,24383.8,18.64,47195.0,30.6877
09/22/24 10:50:00.0,24432.7,18.68,47240.3,30.7206
09/22/24 11:00:00.0,24449.7,18.72,47224.1,30.7088
09/22/24 11:10:00.0,24453.1,18.74,47202.3,30.6930
09/22/24 11:20:00.0,24466.6,18.76,47200.0,30.6913
09/22/24 11:30:00.0,24470.0,18.77,47188.5,30.6830
09/22/24 11:40:00.0,24470.0,18.78,47170.6,30.6699
09/22/24 11:50:00.0,24480.2,18.78,47182.5,30.6786
09/22/24 12:00:00.0,24458.1,18.80,47111.7,30.6272
09/22/24 12:10:00.0,24461.5,18.85,47059.2,30.5890
09/22/24 12:20:00.0,24464.9,18.89,47017.0,30.5583
09/22/24 12:30:00.0,24442.9,18.94,46916.0,30.4849
09/22/24 12:40:00.0,24481.9,18.80,47126.8,30.6381
09/22/24 12:50:00.0,24439.5,18.88,46955.6,30.5137
09/22/24 13:00:00.0,24480.2,18.88,47026.0,30.5648
09/22/24 13:10:00.0,24437.8,18.92,46896.1,30.4705
09/22/24 13:20:00.0,24444.6,18.98,46840.2,30.4298
09/22/24 13:30:00.0,24402.3,19.08,46650.0,30.2918
09/22/24 13:40:00.0,24304.6,19.09,46446.0,30.1437
09/22/24 13:50:00.0,24262.7,19.09,46358.6,30.0803
09/22/24 14:00:00.0,24220.8,19.10,46261.1,30.0096
09/22/24 14:10:00.0,24169.0,19.13,46124.7,29.9108
09/22/24 14:20:00.0,24177.3,19.17,46092.9,29.8878
09/22/24 14:30:00.0,24177.3,19.19,46065.4,29.8678
09/22/24 14:40:00.0,24185.7,19.21,46053.8,29.8595
09/22/24 14:50:00.0,24242.5,19.25,46114.1,29.9032
09/22/24 15:00:00.0,24170.6,19.26,45960.2,29.7917
09/22/24 15:10:00.0,24197.4,19.31,45953.6,29.7869
09/22/24 15:20:00.0,24164.0,19.34,45853.0,29.7141
09/22/24 15:30:00.0,24102.3,19.44,45629.7,29.5526
09/22/24 15:40:00.0,24100.6,19.46,45599.3,29.5306
09/22/24 15:50:00.0,24060.8,19.50,45477.4,29.4424
09/22/24 16:00:00.0,24040.8,19.53,45402.8,29.3885
09/22/24 16:10:00.0,24030.9,19.53,45376.7,29.3696
09/22/24 16:20:00.0,24019.3,19.56,45318.0,29.3273
09/22/24 16:30:00.0,23989.5,19.56,45254.5,29.2814
09/22/24 16:40:00.0,24027.6,19.56,45318.8,29.3278
09/22/24 16:50:00.0,24001.1,19.56,45261.6,29.2865
09/22/24 17:00:00.0,23968.0,19.55,45201.6,29.2432
09/22/24 17:10:00.0,23921.8,19.65,45010.0,29.1048
09/22/24 17:20:00.0,23915.2,19.64,44999.9,29.0976
09/22/24 17:30:00.0,23841.1,19.58,44911.6,29.0339
09/22/24 17:40:00.0,23897.0,19.61,44980.2,29.0834
09/22/24 17:50:00.0,23898.7,19.69,44898.4,29.0244
09/22/24 18:00:00.0,23880.6,19.67,44876.5,29.0086
09/22/24 18:10:00.0,23837.8,19.75,44711.7,28.8897
09/22/24 18:20:00.0,23814.9,19.70,44709.7,28.8883
09/22/24 18:30:00.0,23816.5,19.71,44695.7,28.8782
09/22/24 18:40:00.0,23788.6,19.62,44722.9,28.8978
09/22/24 18:50:00.0,23790.3,19.64,44699.5,28.8809
09/22/24 19:00:00.0,23751.0,19.67,44589.6,28.8017
09/22/24 19:10:00.0,23831.3,19.61,44790.7,28.9467
09/22/24 19:20:00.0,23677.5,19.60,44504.5,28.7405
09/22/24 19:30:00.0,23702.0,19.50,44639.6,28.8378
09/22/24 19:40:00.0,23698.7,19.55,44577.9,28.7933
09/22/24 19:50:00.0,23653.1,19.62,44417.7,28.6779
09/22/24 20:00:00.0,23580.0,19.53,44359.7,28.6361
09/22/24 20:10:00.0,23549.2,19.43,44390.6,28.6584
09/22/24 20:20:00.0,23620.6,19.41,44536.9,28.7638
09/22/24 20:30:00.0,23685.7,19.39,44671.4,28.8607
09/22/24 20:40:00.0,23718.3,19.38,44735.1,28.9066
09/22/24 20:50:00.0,23923.4,19.40,45094.2,29.1657
09/22/24 21:00:00.0,23974.6,19.35,45232.1,29.2652
09/22/24 21:10:00.0,23981.2,19.29,45296.0,29.3114
09/22/24 21:20:00.0,23971.3,19.24,45319.1,29.3280
09/22/24 21:30:00.0,24012.7,19.21,45419.4,29.4005
09/22/24 21:40:00.0,24105.6,19.21,45587.2,29.5218
09/22/24 21:50:00.0,24147.3,19.19,45678.2,29.5876
09/22/24 22:00:00.0,24097.3,19.09,45675.6,29.5857
09/22/24 22:10:00.0,24157.3,19.07,45801.5,29.6768
09/22/24 22:20:00.0,24210.7,18.99,45975.0,29.8024
09/22/24 22:30:00.0,24237.5,18.98,46028.2,29.8410
09/22/24 22:40:00.0,24257.6,18.97,46068.8,29.8703
09/22/24 22:50:00.0,24254.3,18.98,46044.9,29.8531
09/22/24 23:00:00.0,24271.0,18.97,46079.0,29.8777
09/22/24 23:10:00.0,24262.7,18.99,46035.7,29.8463
09/22/24 23:20:00.0,24282.8,18.98,46076.2,29.8757
09/22/24 23:30:00.0,24328.2,18.98,46154.5,29.9325
09/22/24 23:40:00.0,24388.8,18.98,46261.6,30.0101
09/22/24 23:50:00.0,24382.1,18.98,46241.4,29.9954
09/23/24 00:00:00.0,24405.7,19.00,46258.2,30.0076
09/23/24 00:10:00.0,24409.1,19.00,46257.0,30.0067
09/23/24 00:20:00.0,24409.1,18.98,46269.6,30.0158
09/23/24 00:30:00.0,24412.5,18.97,46278.5,30.0223
09/23/24 00:40:00.0,24412.5,18.98,46260.8,30.0094
09/23/24 00:50:00.0,24412.5,18.98,46253.2,30.0039
09/23/24 01:00:00.0,24417.5,18.98,46255.0,30.0052
09/23/24 01:10:00.0,24375.3,19.00,46147.5,29.9274
09/23/24 01:20:00.0,24375.3,18.99,46150.0,29.9291
09/23/24 01:30:00.0,24385.5,18.99,46161.6,29.9376
09/23/24 01:40:00.0,24361.8,18.98,46119.3,29.9069
09/23/24 01:50:00.0,24353.4,18.98,46095.8,29.8899
09/23/24 02:00:00.0,24368.6,18.98,46116.9,29.9052
09/23/24 02:10:00.0,24366.9,18.95,46136.3,29.9192
09/23/24 02:20:00.0,24282.8,18.83,46090.4,29.8860
09/23/24 02:30:00.0,24130.6,18.67,45955.1,29.7880
09/23/24 02:40:00.0,24247.6,18.83,46008.5,29.8267
09/23/24 02:50:00.0,24210.7,18.79,45971.2,29.7997
09/23/24 03:00:00.0,24067.4,18.62,45862.5,29.7210
09/23/24 03:10:00.0,24267.7,18.83,46023.8,29.8377
09/23/24 03:20:00.0,24252.6,18.88,45937.4,29.7752
09/23/24 03:30:00.0,24240.9,18.83,45957.9,29.7900
09/23/24 03:40:00.0,24277.8,18.85,46000.0,29.8205
09/23/24 03:50:00.0,24227.5,18.80,45947.5,29.7825
09/23/24 04:00:00.0,24232.5,18.83,45919.2,29.7620
09/23/24 04:10:00.0,24205.7,18.80,45891.1,29.7416
09/23/24 04:20:00.0,24100.6,18.64,45844.9,29.7082
09/23/24 04:30:00.0,23964.7,18.42,45800.0,29.6758
09/23/24 04:40:00.0,23855.9,18.31,45695.5,29.6001
09/23/24 04:50:00.0,23869.1,18.36,45662.9,29.5765
09/23/24 05:00:00.0,23841.1,18.26,45702.4,29.6051
09/23/24 05:10:00.0,23755.9,18.10,45693.0,29.5983
09/23/24 05:20:00.0,23796.8,18.17,45693.2,29.5985
09/23/24 05:30:00.0,23809.9,18.22,45660.4,29.5747
09/23/24 05:40:00.0,23693.8,18.02,45631.8,29.5541
09/23/24 05:50:00.0,23746.1,18.15,45593.6,29.5264
09/23/24 06:00:00.0,23958.1,18.51,45629.0,29.5521
09/23/24 06:10:00.0,24004.4,18.57,45649.3,29.5667
09/23/24 06:20:00.0,24067.4,18.67,45661.1,29.5752
09/23/24 06:30:00.0,24095.7,18.67,45707.1,29.6085
09/23/24 06:40:00.0,24065.7,18.64,45672.7,29.5837
09/23/24 06:50:00.0,24050.8,18.63,45647.0,29.5650
09/23/24 07:00:00.0,24072.4,18.67,45640.3,29.5602
09/23/24 07:10:00.0,24125.6,18.71,45693.3,29.5986
09/23/24 07:20:00.0,24142.3,18.72,45707.3,29.6087
09/23/24 07:30:00.0,24150.6,18.72,45715.4,29.6145
09/23/24 07:40:00.0,24147.3,18.68,45741.6,29.6335
09/23/24 07:50:00.0,24204.0,18.62,45901.4,29.7491
09/23/24 08:00:00.0,24118.9,18.53,45823.2,29.6925
09/23/24 08:10:00.0,24185.7,18.64,45831.5,29.6985
09/23/24 08:20:00.0,24187.3,18.62,45847.0,29.7098
09/23/24 08:30:00.0,24159.0,18.53,45876.3,29.7310
09/23/24 08:40:00.0,24160.6,18.58,45821.5,29.6913
09/23/24 08:50:00.0,24194.0,18.63,45826.8,29.6951
09/23/24 09:00:00.0,24217.4,18.67,45823.3,29.6926
09/23/24 09:10:00.0,24120.6,18.63,45672.9,29.5838
09/23/24 09:20:00.0,24202.4,18.66,45789.8,29.6683
09/23/24 09:30:00.0,24234.2,18.63,45872.3,29.7280
09/23/24 09:40:00.0,24209.1,18.42,46028.9,29.8414
09/23/24 09:50:00.0,24182.3,18.46,45930.0,29.7698
