Date Time,DO conc (mg/L)  #21429547,Temp (°C)  #21429547,DO Adj Conc (mg/L) c:1 2,DO Percent Sat (%),Salinity (ppt)
09/17/24 09:50:00.0,8.57,23.84,,,
09/17/24 10:00:00.0,7.63,26.76,,,
09/17/24 10:10:00.0,7.75,21.56,6.61,90.1,31.6235
09/17/24 10:20:00.0,7.97,20.98,6.78,91.7,31.8212
09/17/24 10:30:00.0,8.03,20.90,6.84,92.2,31.7910
09/17/24 10:40:00.0,8.14,20.96,6.93,93.6,31.7289
09/17/24 10:50:00.0,8.19,21.02,6.98,94.2,31.6865
09/17/24 11:00:00.0,8.28,21.08,7.05,95.4,31.6935
09/17/24 11:10:00.0,8.25,21.16,7.03,95.2,31.5679
09/17/24 11:20:00.0,8.36,21.24,7.13,96.6,31.5457
09/17/24 11:30:00.0,8.36,21.36,7.13,96.8,31.4623
09/17/24 11:40:00.0,8.40,21.44,7.17,97.4,31.3721
09/17/24 11:50:00.0,8.35,21.60,7.14,97.2,31.2269
09/17/24 12:00:00.0,8.46,21.72,7.23,98.7,31.1955
09/17/24 12:10:00.0,8.38,21.88,7.17,98.0,31.0158
09/17/24 12:20:00.0,8.40,22.10,7.20,98.7,30.8923
09/17/24 12:30:00.0,8.53,22.22,7.31,100.4,30.8308
09/17/24 12:40:00.0,8.67,22.36,7.44,102.4,30.7178
09/17/24 12:50:00.0,8.33,22.56,7.16,98.7,30.4716
09/17/24 13:00:00.0,8.36,22.74,7.19,99.4,30.3325
09/17/24 13:10:00.0,8.62,22.90,7.42,102.8,30.2244
09/17/24 13:20:00.0,8.87,23.06,7.64,106.1,30.1220
09/17/24 13:30:00.0,8.81,23.14,7.59,105.6,30.0834
09/17/24 13:40:00.0,8.68,23.14,7.48,104.0,30.1587
09/17/24 13:50:00.0,8.50,23.04,7.32,101.7,30.2104
09/17/24 14:00:00.0,8.80,23.02,7.58,105.2,30.2129
09/17/24 14:10:00.0,9.59,23.22,8.27,115.1,30.0241
09/17/24 14:20:00.0,9.39,23.36,8.10,113.0,29.9741
09/17/24 14:30:00.0,10.09,23.42,8.71,121.5,29.9361
09/17/24 14:40:00.0,10.09,23.50,8.71,121.7,29.8363
09/17/24 14:50:00.0,9.79,23.54,8.45,118.2,29.8222
09/17/24 15:00:00.0,9.23,23.46,7.96,111.2,29.9637
09/17/24 15:10:00.0,8.87,23.26,7.65,106.5,30.0723
09/17/24 15:20:00.0,9.00,23.14,7.75,107.8,30.2341
09/17/24 15:30:00.0,8.59,22.98,7.39,102.6,30.3159
09/17/24 15:40:00.0,8.27,22.94,7.11,98.7,30.3436
09/17/24 15:50:00.0,8.53,22.82,7.33,101.6,30.4378
09/17/24 16:00:00.0,8.96,22.90,7.71,106.8,30.3200
09/17/24 16:10:00.0,9.17,22.94,7.89,109.4,30.3271
09/17/24 16:20:00.0,8.43,23.04,7.25,100.8,30.3794
09/17/24 16:30:00.0,8.86,23.08,7.62,106.0,30.3403
09/17/24 16:40:00.0,8.72,22.90,7.49,104.0,30.4788
09/17/24 16:50:00.0,9.61,22.62,8.25,114.0,30.5898
09/17/24 17:00:00.0,9.80,22.60,8.41,116.2,30.5781
09/17/24 17:10:00.0,9.67,22.56,8.30,114.5,30.6217
09/17/24 17:20:00.0,9.50,22.38,8.14,112.1,30.7616
09/17/24 17:30:00.0,9.67,22.14,8.28,113.6,30.9335
09/17/24 17:40:00.0,9.69,22.00,8.29,113.5,31.0377
09/17/24 17:50:00.0,9.67,21.80,8.26,112.9,31.1737
09/17/24 18:00:00.0,9.57,21.62,8.17,111.3,31.2769
09/17/24 18:10:00.0,9.53,21.48,8.13,110.5,31.3298
09/17/24 18:20:00.0,9.46,21.32,8.06,109.4,31.4390
09/17/24 18:30:00.0,9.47,21.16,8.07,109.2,31.5243
09/17/24 18:40:00.0,9.57,21.10,8.15,110.2,31.5633
09/17/24 18:50:00.0,9.57,21.00,8.15,110.0,31.6147
09/17/24 19:00:00.0,9.55,20.98,8.13,109.7,31.6022
09/17/24 19:10:00.0,9.44,20.96,8.03,108.4,31.6241
09/17/24 19:20:00.0,9.33,20.92,7.94,107.0,31.6092
09/17/24 19:30:00.0,9.24,20.88,7.86,105.9,31.6460
09/17/24 19:40:00.0,9.26,20.84,7.88,106.0,31.6458
09/17/24 19:50:00.0,9.24,20.82,7.86,105.8,31.6899
09/17/24 20:00:00.0,9.25,20.78,7.87,105.8,31.6823
09/17/24 20:10:00.0,9.24,20.78,7.86,105.7,31.6823
09/17/24 20:20:00.0,9.17,20.72,7.80,104.8,31.7192
09/17/24 20:30:00.0,9.10,20.70,7.74,103.9,31.7165
09/17/24 20:40:00.0,8.90,20.66,7.56,101.5,31.7363
09/17/24 20:50:00.0,9.25,20.78,7.87,105.8,31.5997
09/17/24 21:00:00.0,9.32,20.64,7.93,106.3,31.5206
09/17/24 21:10:00.0,9.25,21.02,7.88,106.3,31.4077
09/17/24 21:20:00.0,9.01,21.08,7.68,103.6,31.3905
09/17/24 21:30:00.0,8.89,21.00,7.57,102.1,31.5028
09/17/24 21:40:00.0,8.79,20.94,7.48,100.8,31.5072
09/17/24 21:50:00.0,8.72,20.96,7.42,100.1,31.4777
09/17/24 22:00:00.0,8.75,20.96,7.45,100.4,31.4822
09/17/24 22:10:00.0,8.75,20.96,7.45,100.4,31.4794
09/17/24 22:20:00.0,8.75,20.98,7.45,100.4,31.4351
09/17/24 22:30:00.0,8.71,20.98,7.42,100.0,31.4497
09/17/24 22:40:00.0,8.72,20.98,7.43,100.1,31.4345
09/17/24 22:50:00.0,8.65,21.04,7.37,99.4,31.3538
09/17/24 23:00:00.0,8.60,21.08,7.33,98.9,31.3632
09/17/24 23:10:00.0,8.56,21.08,7.29,98.4,31.3313
09/17/24 23:20:00.0,8.43,21.16,7.19,97.1,31.2460
09/17/24 23:30:00.0,8.40,21.24,7.17,96.9,31.1706
09/17/24 23:40:00.0,8.27,21.34,7.06,95.6,31.1197
09/17/24 23:50:00.0,8.31,21.44,7.10,96.2,30.9945
09/18/24 00:00:00.0,8.18,21.50,6.99,94.8,30.9775
09/18/24 00:10:00.0,8.11,21.54,6.93,94.1,30.9270
09/18/24 00:20:00.0,8.00,21.60,6.84,92.9,30.8837
09/18/24 00:30:00.0,7.96,21.62,6.81,92.5,30.8429
09/18/24 00:40:00.0,7.92,21.66,6.77,92.1,30.7856
09/18/24 00:50:00.0,7.90,21.70,6.76,91.9,30.7259
09/18/24 01:00:00.0,7.71,21.74,6.60,89.8,30.6854
09/18/24 01:10:00.0,7.56,21.76,6.47,88.1,30.6449
09/18/24 01:20:00.0,7.41,21.78,6.34,86.4,30.6446
09/18/24 01:30:00.0,7.46,21.78,6.39,86.9,30.5687
09/18/24 01:40:00.0,7.40,21.74,6.34,86.2,30.4602
09/18/24 01:50:00.0,7.29,21.68,6.25,84.8,30.4739
09/18/24 02:00:00.0,7.10,21.76,6.08,82.7,30.5348
09/18/24 02:10:00.0,6.92,21.76,5.93,80.6,30.5204
09/18/24 02:20:00.0,6.86,21.78,5.88,79.9,30.5459
09/18/24 02:30:00.0,6.76,21.78,5.79,78.8,30.5221
09/18/24 02:40:00.0,6.65,21.68,5.70,77.3,30.5239
09/18/24 02:50:00.0,6.55,21.64,5.61,76.1,30.4860
09/18/24 03:00:00.0,6.56,21.60,5.62,76.2,30.5045
09/18/24 03:10:00.0,6.41,21.54,5.49,74.3,30.5112
09/18/24 03:20:00.0,5.38,21.52,4.61,62.4,30.4803
09/18/24 03:30:00.0,5.84,21.64,5.00,67.9,30.5152
09/18/24 03:40:00.0,6.09,21.64,5.21,70.8,30.6327
09/18/24 03:50:00.0,6.10,21.60,5.22,70.8,30.6158
09/18/24 04:00:00.0,6.07,21.60,5.19,70.5,30.6723
09/18/24 04:10:00.0,6.32,21.60,5.41,73.4,30.6482
09/18/24 04:20:00.0,6.45,21.52,5.51,74.8,30.7331
09/18/24 04:30:00.0,6.20,21.52,5.30,71.9,30.6524
09/18/24 04:40:00.0,5.93,21.52,5.07,68.7,30.6190
09/18/24 04:50:00.0,5.68,21.52,4.86,65.8,30.6210
09/18/24 05:00:00.0,6.13,21.48,5.24,71.0,30.7484
09/18/24 05:10:00.0,6.57,21.44,5.61,76.0,30.8266
09/18/24 05:20:00.0,6.89,21.38,5.88,79.6,30.8787
09/18/24 05:30:00.0,7.18,21.26,6.13,82.8,31.0127
09/18/24 05:40:00.0,7.47,21.04,6.37,85.8,31.1573
09/18/24 05:50:00.0,7.75,20.84,6.60,88.6,31.3151
09/18/24 06:00:00.0,7.78,20.68,6.62,88.7,31.4056
09/18/24 06:10:00.0,7.77,20.56,6.60,88.4,31.4720
09/18/24 06:20:00.0,7.77,20.42,6.60,88.1,31.5755
09/18/24 06:30:00.0,7.82,20.34,6.64,88.5,31.5857
09/18/24 06:40:00.0,7.76,20.32,6.59,87.8,31.5952
09/18/24 06:50:00.0,7.72,20.32,6.55,87.4,31.5973
09/18/24 07:00:00.0,7.84,20.30,6.65,88.7,31.6121
09/18/24 07:10:00.0,7.94,20.24,6.74,89.7,31.6643
09/18/24 07:20:00.0,7.98,20.16,6.77,90.0,31.7116
09/18/24 07:30:00.0,7.98,20.10,6.77,89.9,31.7070
09/18/24 07:40:00.0,8.02,20.04,6.80,90.2,31.7562
09/18/24 07:50:00.0,8.02,20.00,6.80,90.2,31.7769
09/18/24 08:00:00.0,7.93,19.84,6.71,88.9,31.8984
09/18/24 08:10:00.0,7.85,19.72,6.64,87.8,31.9617
09/18/24 08:20:00.0,7.82,19.56,6.61,87.1,32.0486
09/18/24 08:30:00.0,7.84,19.56,6.63,87.4,31.9925
09/18/24 08:40:00.0,7.79,19.62,6.59,86.9,31.9466
09/18/24 08:50:00.0,7.68,19.58,6.49,85.6,32.0074
09/18/24 09:00:00.0,7.60,19.58,6.43,84.7,31.9709
09/18/24 09:10:00.0,7.59,19.48,6.41,84.4,32.2047
09/18/24 09:20:00.0,7.77,19.80,6.59,87.0,31.6498
09/18/24 09:30:00.0,7.84,20.12,6.65,88.3,31.5520
09/18/24 09:40:00.0,7.63,19.90,6.46,85.6,31.7903
09/18/24 09:50:00.0,7.75,19.88,6.57,86.9,31.7345
09/18/24 10:00:00.0,7.75,19.90,6.57,86.9,31.7345
09/18/24 10:10:00.0,7.76,19.98,6.58,87.2,31.6785
09/18/24 10:20:00.0,7.83,19.94,6.64,87.9,31.7033
09/18/24 10:30:00.0,7.87,20.00,6.67,88.4,31.6403
09/18/24 10:40:00.0,7.96,20.04,6.75,89.5,31.5931
09/18/24 10:50:00.0,7.99,20.14,6.78,90.0,31.5153
09/18/24 11:00:00.0,8.06,20.22,6.84,91.0,31.4506
09/18/24 11:10:00.0,8.09,20.30,6.87,91.5,31.3763
09/18/24 11:20:00.0,8.14,20.34,6.91,92.1,31.3707
09/18/24 11:30:00.0,8.18,20.38,6.95,92.6,31.3215
09/18/24 11:40:00.0,8.25,20.42,7.01,93.5,31.3306
09/18/24 11:50:00.0,8.28,20.48,7.04,93.9,31.2396
09/18/24 12:00:00.0,8.31,20.56,7.07,94.4,31.1540
09/18/24 12:10:00.0,8.29,20.68,7.06,94.4,31.0541
09/18/24 12:20:00.0,8.29,20.78,7.06,94.6,30.9739
09/18/24 12:30:00.0,8.24,20.90,7.03,94.2,30.8509
09/18/24 12:40:00.0,8.28,20.98,7.06,94.8,30.8360
09/18/24 12:50:00.0,8.30,21.06,7.08,95.2,30.7376
09/18/24 13:00:00.0,8.26,21.16,7.05,94.9,30.6185
09/18/24 13:10:00.0,8.31,21.26,7.10,95.7,30.5517
09/18/24 13:20:00.0,8.25,21.34,7.05,95.2,30.4852
09/18/24 13:30:00.0,8.42,21.42,7.20,97.3,30.4097
09/18/24 13:40:00.0,8.51,21.48,7.28,98.4,30.3483
09/18/24 13:50:00.0,8.67,21.56,7.42,100.4,30.2894
09/18/24 14:00:00.0,8.53,21.74,7.32,99.1,29.8931
09/18/24 14:10:00.0,8.47,21.96,7.27,98.9,29.8195
09/18/24 14:20:00.0,8.38,21.94,7.19,97.8,29.9063
09/18/24 14:30:00.0,8.43,21.86,7.23,98.2,29.9886
09/18/24 14:40:00.0,8.42,21.82,7.22,98.0,29.9952
09/18/24 14:50:00.0,8.80,21.90,7.55,102.6,29.8501
09/18/24 15:00:00.0,8.73,22.06,7.50,102.1,29.7013
09/18/24 15:10:00.0,8.93,22.10,7.67,104.5,29.6848
09/18/24 15:20:00.0,8.93,22.14,7.68,104.6,29.6459
09/18/24 15:30:00.0,8.90,22.12,7.65,104.2,29.6750
09/18/24 15:40:00.0,8.74,22.16,7.51,102.4,29.6542
09/18/24 15:50:00.0,7.98,22.02,6.85,93.2,29.8225
09/18/24 16:00:00.0,7.41,21.96,6.36,86.5,29.8428
09/18/24 16:10:00.0,7.19,21.94,6.17,83.9,29.8538
09/18/24 16:20:00.0,8.15,21.92,6.99,95.0,29.8740
09/18/24 16:30:00.0,8.50,21.80,7.29,98.9,29.9450
09/18/24 16:40:00.0,8.32,21.74,7.13,96.7,30.0622
09/18/24 16:50:00.0,8.41,21.80,7.21,97.8,29.9602
09/18/24 17:00:00.0,8.76,21.90,7.52,102.1,29.8680
09/18/24 17:10:00.0,9.10,22.00,7.81,106.2,29.7486
09/18/24 17:20:00.0,8.21,21.98,7.05,95.8,29.8052
09/18/24 17:30:00.0,7.66,21.82,6.57,89.1,30.0233
09/18/24 17:40:00.0,8.37,21.64,7.17,97.0,30.1967
09/18/24 17:50:00.0,8.58,21.52,7.34,99.2,30.2360
09/18/24 18:00:00.0,8.53,21.44,7.29,98.5,30.3081
09/18/24 18:10:00.0,8.53,21.10,7.28,97.9,30.5886
09/18/24 18:20:00.0,8.63,20.92,7.36,98.6,30.6646
09/18/24 18:30:00.0,8.64,20.78,7.36,98.5,30.7865
09/18/24 18:40:00.0,8.57,20.66,7.30,97.5,30.8417
09/18/24 18:50:00.0,8.47,20.54,7.21,96.1,30.9166
09/18/24 19:00:00.0,8.47,20.42,7.20,95.9,30.9676
09/18/24 19:10:00.0,8.52,20.34,7.24,96.3,31.0114
09/18/24 19:20:00.0,8.54,20.26,7.26,96.3,31.0596
09/18/24 19:30:00.0,8.59,20.20,7.30,96.8,31.0912
09/18/24 19:40:00.0,8.62,20.12,7.32,97.0,31.1379
09/18/24 19:50:00.0,8.61,20.08,7.31,96.8,31.1305
09/18/24 20:00:00.0,8.63,20.04,7.33,96.9,31.1527
09/18/24 20:10:00.0,8.60,20.00,7.30,96.5,31.1478
09/18/24 20:20:00.0,8.57,19.98,7.28,96.1,31.1598
09/18/24 20:30:00.0,8.56,19.94,7.27,95.9,31.1527
09/18/24 20:40:00.0,8.50,19.94,7.22,95.3,31.1571
09/18/24 20:50:00.0,8.48,19.98,7.20,95.1,31.1102
09/18/24 21:00:00.0,8.33,19.84,7.07,93.2,31.2463
09/18/24 21:10:00.0,8.36,19.78,7.09,93.4,31.2115
09/18/24 21:20:00.0,8.19,19.80,6.95,91.5,31.2088
09/18/24 21:30:00.0,8.11,19.72,6.88,90.5,31.2979
09/18/24 21:40:00.0,8.31,20.12,7.07,93.5,30.8962
09/18/24 21:50:00.0,8.22,20.24,6.99,92.7,30.8643
09/18/24 22:00:00.0,8.07,20.20,6.86,90.9,30.9881
09/18/24 22:10:00.0,7.97,20.12,6.77,89.6,30.9712
09/18/24 22:20:00.0,7.94,20.08,6.75,89.2,31.0048
09/18/24 22:30:00.0,7.96,20.12,6.77,89.5,30.9315
09/18/24 22:40:00.0,7.97,20.16,6.78,89.7,30.8999
09/18/24 22:50:00.0,7.96,20.14,6.77,89.5,30.9163
09/18/24 23:00:00.0,7.95,20.14,6.76,89.4,30.9134
09/18/24 23:10:00.0,7.94,20.14,6.75,89.3,30.8650
09/18/24 23:20:00.0,7.90,20.18,6.72,88.9,30.8499
09/18/24 23:30:00.0,7.89,20.20,6.71,88.8,30.8303
09/18/24 23:40:00.0,7.90,20.22,6.72,89.0,30.7843
09/18/24 23:50:00.0,7.86,20.24,6.69,88.6,30.7573
09/19/24 00:00:00.0,7.81,20.28,6.65,88.1,30.7281
09/19/24 00:10:00.0,7.75,20.26,6.59,87.4,30.7325
09/19/24 00:20:00.0,7.65,20.32,6.51,86.3,30.6627
09/19/24 00:30:00.0,7.54,20.34,6.42,85.1,30.6548
09/19/24 00:40:00.0,7.47,20.38,6.36,84.4,30.5756
09/19/24 00:50:00.0,7.40,20.46,6.31,83.7,30.5087
09/19/24 01:00:00.0,7.32,20.50,6.24,82.9,30.4751
09/19/24 01:10:00.0,7.19,20.52,6.13,81.5,30.4626
09/19/24 01:20:00.0,7.20,20.56,6.14,81.6,30.4314
09/19/24 01:30:00.0,7.08,20.60,6.04,80.3,30.3674
09/19/24 01:40:00.0,6.97,20.62,5.95,79.1,30.3104
09/19/24 01:50:00.0,6.97,20.64,5.95,79.1,30.2911
09/19/24 02:00:00.0,6.92,20.66,5.91,78.6,30.2860
09/19/24 02:10:00.0,6.84,20.66,5.84,77.7,30.2903
09/19/24 02:20:00.0,6.45,20.62,5.51,73.2,30.1953
09/19/24 02:30:00.0,6.34,20.56,5.41,71.9,30.1838
09/19/24 02:40:00.0,6.27,20.52,5.35,71.0,30.1696
09/19/24 02:50:00.0,6.11,20.52,5.22,69.2,30.1784
09/19/24 03:00:00.0,6.23,20.50,5.32,70.5,30.1690
09/19/24 03:10:00.0,6.14,20.52,5.24,69.5,30.1571
09/19/24 03:20:00.0,6.06,20.50,5.17,68.6,30.1543
09/19/24 03:30:00.0,5.94,20.50,5.07,67.2,30.1304
09/19/24 03:40:00.0,5.66,20.50,4.83,64.1,30.1161
09/19/24 03:50:00.0,5.41,20.50,4.62,61.2,30.1436
09/19/24 04:00:00.0,5.53,20.54,4.72,62.6,30.1700
09/19/24 04:10:00.0,5.74,20.54,4.90,65.0,30.2165
09/19/24 04:20:00.0,5.89,20.54,5.03,66.7,30.2321
09/19/24 04:30:00.0,5.91,20.56,5.04,67.0,30.2359
09/19/24 04:40:00.0,5.83,20.52,4.97,66.0,30.2340
09/19/24 04:50:00.0,5.56,20.54,4.74,63.0,30.2704
09/19/24 05:00:00.0,5.53,20.52,4.72,62.6,30.2726
09/19/24 05:10:00.0,5.47,20.50,4.66,61.9,30.2956
09/19/24 05:20:00.0,4.94,20.50,4.21,55.9,30.3419
09/19/24 05:30:00.0,4.92,20.50,4.19,55.7,30.3977
09/19/24 05:40:00.0,5.16,20.48,4.40,58.4,30.4325
09/19/24 05:50:00.0,5.82,20.44,4.96,65.8,30.4775
09/19/24 06:00:00.0,6.44,20.36,5.48,72.7,30.6000
09/19/24 06:10:00.0,6.55,20.34,5.57,73.9,30.5550
09/19/24 06:20:00.0,6.85,20.26,5.82,77.1,30.7451
09/19/24 06:30:00.0,7.13,20.14,6.06,80.1,30.8364
09/19/24 06:40:00.0,7.32,20.04,6.21,82.1,30.9471
09/19/24 06:50:00.0,7.42,19.96,6.29,83.1,31.0152
09/19/24 07:00:00.0,7.43,19.84,6.30,83.0,31.1102
09/19/24 07:10:00.0,7.46,19.74,6.32,83.1,31.1744
09/19/24 07:20:00.0,7.42,19.64,6.28,82.5,31.2504
09/19/24 07:30:00.0,7.44,19.56,6.30,82.6,31.2922
09/19/24 07:40:00.0,7.52,19.50,6.36,83.4,31.3568
09/19/24 07:50:00.0,7.55,19.44,6.39,83.6,31.3836
09/19/24 08:00:00.0,7.60,19.40,6.43,84.1,31.3941
09/19/24 08:10:00.0,7.61,19.36,6.43,84.2,31.4159
09/19/24 08:20:00.0,7.60,19.32,6.42,84.0,31.4552
09/19/24 08:30:00.0,7.64,19.30,6.46,84.4,31.4622
09/19/24 08:40:00.0,7.60,19.30,6.42,83.9,31.4546
09/19/24 08:50:00.0,7.54,19.26,6.37,83.2,31.4870
09/19/24 09:00:00.0,7.52,19.16,6.35,82.8,31.6049
09/19/24 09:10:00.0,7.57,19.08,6.39,83.2,31.6229
09/19/24 09:20:00.0,7.52,19.08,6.35,82.7,31.6466
09/19/24 09:30:00.0,7.44,19.04,6.28,81.7,31.6899
09/19/24 09:40:00.0,7.49,18.94,6.31,82.1,31.8084
09/19/24 09:50:00.0,7.45,19.02,6.28,81.8,31.6782
09/19/24 10:00:00.0,7.62,19.16,6.43,83.9,31.5755
09/19/24 10:10:00.0,7.52,19.18,6.35,82.8,31.5423
09/19/24 10:20:00.0,7.54,19.34,6.37,83.3,31.4355
09/19/24 10:30:00.0,7.68,19.54,6.50,85.2,31.2207
09/19/24 10:40:00.0,7.44,19.36,6.29,82.2,31.4763
09/19/24 10:50:00.0,7.50,19.32,6.34,82.8,31.4771
09/19/24 11:00:00.0,7.51,19.36,6.35,83.0,31.4045
09/19/24 11:10:00.0,7.49,19.46,6.33,83.0,31.3341
09/19/24 11:20:00.0,7.50,19.50,6.34,83.1,31.3063
09/19/24 11:30:00.0,7.45,19.54,6.30,82.6,31.2565
09/19/24 11:40:00.0,7.46,19.58,6.31,82.8,31.2241
09/19/24 11:50:00.0,7.46,19.60,6.31,82.9,31.2034
09/19/24 12:00:00.0,7.51,19.62,6.36,83.4,31.1787
09/19/24 12:10:00.0,7.54,19.64,6.38,83.8,31.1463
09/19/24 12:20:00.0,7.57,19.72,6.41,84.3,31.0528
09/19/24 12:30:00.0,7.60,19.80,6.44,84.7,30.9864
09/19/24 12:40:00.0,7.62,19.88,6.46,85.1,30.9229
09/19/24 12:50:00.0,7.63,19.92,6.47,85.3,30.8595
09/19/24 13:00:00.0,7.59,19.96,6.44,84.9,30.8296
09/19/24 13:10:00.0,7.57,20.02,6.43,84.8,30.7663
09/19/24 13:20:00.0,7.59,20.08,6.44,85.1,30.7149
09/19/24 13:30:00.0,7.63,20.16,6.48,85.7,30.6118
09/19/24 13:40:00.0,7.66,20.24,6.51,86.1,30.5182
09/19/24 13:50:00.0,7.76,20.30,6.60,87.4,30.5054
09/19/24 14:00:00.0,7.83,20.32,6.66,88.2,30.4623
09/19/24 14:10:00.0,7.90,20.38,6.72,89.1,30.4119
09/19/24 14:20:00.0,7.99,20.44,6.80,90.2,30.3239
09/19/24 14:30:00.0,8.09,20.48,6.89,91.4,30.3207
09/19/24 14:40:00.0,8.22,20.52,7.00,92.9,30.2402
09/19/24 14:50:00.0,8.32,20.60,7.09,94.2,30.1763
09/19/24 15:00:00.0,8.40,20.64,7.16,95.2,30.1454
09/19/24 15:10:00.0,8.31,20.68,7.09,94.2,30.0331
09/19/24 15:20:00.0,8.22,20.70,7.01,93.3,30.0162
09/19/24 15:30:00.0,7.93,20.72,6.76,90.0,30.0459
09/19/24 15:40:00.0,7.93,20.68,6.76,89.9,30.1061
09/19/24 15:50:00.0,8.09,20.68,6.90,91.7,30.0379
09/19/24 16:00:00.0,8.58,20.70,7.32,97.3,30.0398
09/19/24 16:10:00.0,8.67,20.72,7.40,98.4,29.9535
09/19/24 16:20:00.0,8.53,20.82,7.28,97.0,29.8256
09/19/24 16:30:00.0,8.36,20.90,7.14,95.2,29.7536
09/19/24 16:40:00.0,8.50,20.80,7.26,96.6,29.8254
09/19/24 16:50:00.0,8.50,20.76,7.26,96.5,29.8434
09/19/24 17:00:00.0,8.51,20.76,7.27,96.6,29.6963
09/19/24 17:10:00.0,8.42,20.78,7.20,95.7,29.6068
09/19/24 17:20:00.0,8.46,20.74,7.23,96.0,29.5885
09/19/24 17:30:00.0,8.33,20.72,7.12,94.5,29.5860
09/19/24 17:40:00.0,8.02,20.70,6.86,91.0,29.6174
09/19/24 17:50:00.0,7.77,20.70,6.64,88.1,29.7080
09/19/24 18:00:00.0,7.81,20.68,6.67,88.5,29.7103
09/19/24 18:10:00.0,7.04,20.68,6.01,79.8,29.7528
09/19/24 18:20:00.0,7.35,20.68,6.27,83.3,29.8049
09/19/24 18:30:00.0,7.53,20.54,6.42,85.1,30.1069
09/19/24 18:40:00.0,8.10,20.36,6.89,91.2,30.2776
09/19/24 18:50:00.0,8.07,20.32,6.86,90.8,30.3430
09/19/24 19:00:00.0,7.89,20.18,6.70,88.6,30.4782
09/19/24 19:10:00.0,7.89,20.06,6.70,88.3,30.5995
09/19/24 19:20:00.0,7.97,20.00,6.76,89.1,30.6681
09/19/24 19:30:00.0,8.02,19.96,6.80,89.6,30.7539
09/19/24 19:40:00.0,8.02,19.84,6.79,89.4,30.8769
09/19/24 19:50:00.0,8.10,19.68,6.85,90.0,31.0402
09/19/24 20:00:00.0,8.24,19.54,6.97,91.3,31.1241
09/19/24 20:10:00.0,8.26,19.46,6.98,91.4,31.1871
09/19/24 20:20:00.0,8.24,19.38,6.96,91.0,31.2732
09/19/24 20:30:00.0,8.18,19.32,6.91,90.2,31.3102
09/19/24 20:40:00.0,8.13,19.24,6.86,89.5,31.3789
09/19/24 20:50:00.0,8.13,19.20,6.86,89.5,31.4110
09/19/24 21:00:00.0,8.09,19.18,6.82,89.0,31.4325
09/19/24 21:10:00.0,8.06,19.18,6.80,88.6,31.4440
09/19/24 21:20:00.0,8.05,19.16,6.79,88.5,31.4757
09/19/24 21:30:00.0,8.02,19.14,6.76,88.1,31.5097
09/19/24 21:40:00.0,8.06,19.14,6.79,88.6,31.5672
09/19/24 21:50:00.0,7.82,19.14,6.59,85.9,31.6503
09/19/24 22:00:00.0,7.88,19.14,6.64,86.6,31.6296
09/19/24 22:10:00.0,7.87,19.16,6.63,86.5,31.6093
09/19/24 22:20:00.0,7.77,19.16,6.54,85.4,31.6237
09/19/24 22:30:00.0,7.94,19.36,6.70,87.6,31.3973
09/19/24 22:40:00.0,7.94,19.40,6.70,87.7,31.4244
09/19/24 22:50:00.0,7.79,19.34,6.57,85.9,31.4597
09/19/24 23:00:00.0,7.74,19.30,6.53,85.3,31.4716
09/19/24 23:10:00.0,7.70,19.32,6.49,84.9,31.4365
09/19/24 23:20:00.0,7.72,19.34,6.51,85.1,31.4186
09/19/24 23:30:00.0,7.71,19.34,6.50,85.0,31.3837
09/19/24 23:40:00.0,7.66,19.36,6.46,84.5,31.3539
09/19/24 23:50:00.0,7.63,19.36,6.44,84.2,31.2729
09/20/24 00:00:00.0,7.72,19.40,6.52,85.2,31.2476
09/20/24 00:10:00.0,7.63,19.40,6.44,84.2,31.2186
09/20/24 00:20:00.0,7.66,19.42,6.47,84.6,31.1666
09/20/24 00:30:00.0,7.63,19.42,6.45,84.3,31.1372
09/20/24 00:40:00.0,7.60,19.42,6.42,83.9,31.1028
09/20/24 00:50:00.0,7.59,19.44,6.41,83.9,31.0687
09/20/24 01:00:00.0,7.52,19.44,6.36,83.1,31.0393
09/20/24 01:10:00.0,7.54,19.46,6.37,83.3,30.9972
09/20/24 01:20:00.0,7.50,19.46,6.34,82.9,30.9393
09/20/24 01:30:00.0,7.41,19.48,6.27,81.9,30.8814
09/20/24 01:40:00.0,7.39,19.48,6.25,81.7,30.8714
09/20/24 01:50:00.0,7.32,19.48,6.19,80.9,30.8136
09/20/24 02:00:00.0,7.22,19.48,6.11,79.8,30.8152
09/20/24 02:10:00.0,7.18,19.48,6.08,79.4,30.8051
09/20/24 02:20:00.0,7.13,19.48,6.04,78.8,30.7503
09/20/24 02:30:00.0,7.06,19.48,5.98,78.0,30.7165
09/20/24 02:40:00.0,6.98,19.48,5.91,77.2,30.6782
09/20/24 02:50:00.0,6.98,19.46,5.91,77.1,30.6566
09/20/24 03:00:00.0,6.92,19.46,5.86,76.5,30.6350
09/20/24 03:10:00.0,6.81,19.46,5.77,75.2,30.6188
09/20/24 03:20:00.0,6.48,19.34,5.49,71.4,30.5775
09/20/24 03:30:00.0,6.55,19.34,5.55,72.2,30.5414
09/20/24 03:40:00.0,6.23,19.32,5.28,68.6,30.4890
09/20/24 03:50:00.0,6.60,19.30,5.59,72.7,30.5570
09/20/24 04:00:00.0,6.10,19.24,5.17,67.1,30.4790
09/20/24 04:10:00.0,6.50,19.22,5.51,71.5,30.5185
09/20/24 04:20:00.0,6.45,19.26,5.47,71.0,30.4655
09/20/24 04:30:00.0,6.42,19.28,5.44,70.7,30.4533
09/20/24 04:40:00.0,6.17,19.30,5.23,67.9,30.4660
09/20/24 04:50:00.0,6.04,19.32,5.12,66.5,30.4322
09/20/24 05:00:00.0,5.59,19.32,4.74,61.6,30.4433
09/20/24 05:10:00.0,5.82,19.34,4.93,64.1,30.5126
09/20/24 05:20:00.0,6.16,19.32,5.22,67.9,30.5691
09/20/24 05:30:00.0,6.13,19.30,5.19,67.5,30.6253
09/20/24 05:40:00.0,6.50,19.30,5.50,71.6,30.6765
09/20/24 05:50:00.0,6.09,19.28,5.16,67.0,30.5985
09/20/24 06:00:00.0,5.85,19.28,4.95,64.4,30.5917
09/20/24 06:10:00.0,5.87,19.26,4.97,64.6,30.6120
09/20/24 06:20:00.0,6.26,19.28,5.29,68.9,30.7644
09/20/24 06:30:00.0,6.63,19.26,5.61,72.9,30.7600
09/20/24 06:40:00.0,6.54,19.22,5.53,71.9,30.7944
09/20/24 06:50:00.0,6.70,19.20,5.66,73.6,30.8292
09/20/24 07:00:00.0,6.99,19.24,5.91,76.9,30.8940
09/20/24 07:10:00.0,7.29,19.26,6.16,80.2,30.9627
09/20/24 07:20:00.0,7.38,19.26,6.23,81.2,30.9931
09/20/24 07:30:00.0,7.43,19.24,6.27,81.7,31.0382
09/20/24 07:40:00.0,7.50,19.22,6.33,82.4,31.1155
09/20/24 07:50:00.0,7.54,19.16,6.36,82.8,31.1915
09/20/24 08:00:00.0,7.57,19.10,6.38,83.0,31.2283
09/20/24 08:10:00.0,7.56,19.06,6.37,82.8,31.2628
09/20/24 08:20:00.0,7.52,19.00,6.34,82.3,31.2922
09/20/24 08:30:00.0,7.53,18.98,6.34,82.3,31.3456
09/20/24 08:40:00.0,7.53,18.96,6.34,82.3,31.3671
09/20/24 08:50:00.0,7.59,18.94,6.39,82.9,31.3986
09/20/24 09:00:00.0,7.61,18.94,6.41,83.1,31.4204
09/20/24 09:10:00.0,7.57,18.94,6.37,82.7,31.4563
09/20/24 09:20:00.0,7.61,18.92,6.40,83.1,31.4235
09/20/24 09:30:00.0,7.62,18.94,6.41,83.2,31.4423
09/20/24 09:40:00.0,7.64,18.94,6.43,83.5,31.4296
09/20/24 09:50:00.0,7.74,18.94,6.51,84.5,31.4532
09/20/24 10:00:00.0,7.71,18.96,6.49,84.3,31.4035
09/20/24 10:10:00.0,7.70,18.96,6.48,84.1,31.4274
09/20/24 10:20:00.0,7.78,18.96,6.55,85.0,31.4535
09/20/24 10:30:00.0,7.79,18.96,6.55,85.1,31.4407
09/20/24 10:40:00.0,7.61,18.96,6.40,83.1,31.4450
09/20/24 10:50:00.0,7.59,19.00,6.39,83.0,31.3796
09/20/24 11:00:00.0,7.66,19.04,6.45,83.8,31.2959
09/20/24 11:10:00.0,7.66,19.04,6.45,83.8,31.3250
09/20/24 11:20:00.0,7.68,19.02,6.47,84.0,31.3293
09/20/24 11:30:00.0,7.65,19.04,6.44,83.7,31.2892
09/20/24 11:40:00.0,7.56,19.06,6.37,82.8,31.2981
09/20/24 11:50:00.0,7.67,19.04,6.46,83.9,31.3079
09/20/24 12:00:00.0,7.64,19.04,6.43,83.6,31.2584
09/20/24 12:10:00.0,7.71,19.04,6.49,84.4,31.2530
09/20/24 12:20:00.0,7.72,19.04,6.50,84.5,31.1776
09/20/24 12:30:00.0,7.76,19.04,6.54,84.9,31.1510
09/20/24 12:40:00.0,7.74,19.04,6.52,84.7,31.0970
09/20/24 12:50:00.0,7.81,19.06,6.59,85.5,31.0504
09/20/24 13:00:00.0,7.81,19.06,6.59,85.5,31.0258
09/20/24 13:10:00.0,7.81,19.06,6.59,85.5,30.9869
09/20/24 13:20:00.0,7.77,19.06,6.55,85.0,30.9505
09/20/24 13:30:00.0,7.77,19.06,6.56,85.0,30.9234
09/20/24 13:40:00.0,7.78,19.08,6.57,85.2,30.8775
09/20/24 13:50:00.0,7.74,19.08,6.53,84.7,30.8506
09/20/24 14:00:00.0,7.76,19.08,6.55,85.0,30.8452
09/20/24 14:10:00.0,7.75,19.08,6.54,84.8,30.7971
09/20/24 14:20:00.0,7.68,19.08,6.49,84.1,30.7297
09/20/24 14:30:00.0,7.75,19.08,6.55,84.8,30.7176
09/20/24 14:40:00.0,7.76,19.08,6.55,84.9,30.7102
09/20/24 14:50:00.0,7.79,19.06,6.58,85.2,30.6791
09/20/24 15:00:00.0,7.76,19.04,6.56,84.9,30.6365
09/20/24 15:10:00.0,7.70,19.04,6.51,84.2,30.5882
09/20/24 15:20:00.0,7.67,19.04,6.48,83.9,30.6234
09/20/24 15:30:00.0,7.70,19.02,6.51,84.2,30.6136
09/20/24 15:40:00.0,7.73,19.00,6.53,84.5,30.5898
09/20/24 15:50:00.0,7.54,19.00,6.38,82.4,30.4929
09/20/24 16:00:00.0,7.45,18.98,6.30,81.4,30.4862
09/20/24 16:10:00.0,7.47,18.98,6.32,81.6,30.4531
09/20/24 16:20:00.0,7.53,18.94,6.37,82.2,30.4319
09/20/24 16:30:00.0,7.46,18.92,6.31,81.4,30.3922
09/20/24 16:40:00.0,7.41,18.90,6.27,80.8,30.3640
09/20/24 16:50:00.0,7.42,18.88,6.28,80.9,30.3241
09/20/24 17:00:00.0,7.51,18.88,6.35,81.8,30.3721
09/20/24 17:10:00.0,7.42,18.84,6.28,80.8,30.3043
09/20/24 17:20:00.0,7.12,18.78,6.02,77.4,30.2909
09/20/24 17:30:00.0,6.86,18.76,5.81,74.6,30.2235
09/20/24 17:40:00.0,6.80,18.74,5.75,73.9,30.2588
09/20/24 17:50:00.0,7.17,18.72,6.06,77.9,30.3079
09/20/24 18:00:00.0,7.03,18.66,5.95,76.3,30.2784
09/20/24 18:10:00.0,7.01,18.64,5.93,76.0,30.3265
09/20/24 18:20:00.0,7.13,18.66,6.03,77.3,30.3373
09/20/24 18:30:00.0,6.85,18.66,5.79,74.3,30.3386
09/20/24 18:40:00.0,6.47,18.68,5.47,70.2,30.3008
09/20/24 18:50:00.0,6.78,18.78,5.73,73.7,30.4873
09/20/24 19:00:00.0,6.70,18.82,5.66,72.9,30.5171
09/20/24 19:10:00.0,6.98,18.78,5.89,75.9,30.6027
09/20/24 19:20:00.0,6.88,18.76,5.81,74.8,30.6117
09/20/24 19:30:00.0,7.06,18.74,5.96,76.7,30.6701
09/20/24 19:40:00.0,7.27,18.76,6.13,79.0,30.7260
09/20/24 19:50:00.0,7.50,18.78,6.32,81.5,30.7789
09/20/24 20:00:00.0,7.66,18.80,6.46,83.3,30.8006
09/20/24 20:10:00.0,7.70,18.84,6.49,83.8,30.8402
09/20/24 20:20:00.0,7.73,18.86,6.52,84.2,30.8795
09/20/24 20:30:00.0,7.74,18.84,6.52,84.2,30.9415
09/20/24 20:40:00.0,7.73,18.80,6.51,84.1,30.9853
09/20/24 20:50:00.0,7.75,18.78,6.53,84.2,31.0283
09/20/24 21:00:00.0,7.75,18.76,6.52,84.2,31.0789
09/20/24 21:10:00.0,7.65,18.72,6.44,83.0,31.1101
09/20/24 21:20:00.0,7.66,18.72,6.44,83.2,31.1263
09/20/24 21:30:00.0,7.68,18.72,6.46,83.4,31.1525
09/20/24 21:40:00.0,7.68,18.72,6.46,83.4,31.1519
09/20/24 21:50:00.0,7.71,18.72,6.48,83.7,31.1559
09/20/24 22:00:00.0,7.73,18.70,6.50,83.9,31.1556
09/20/24 22:10:00.0,7.65,18.70,6.43,83.0,31.1552
09/20/24 22:20:00.0,7.64,18.70,6.43,82.9,31.1618
09/20/24 22:30:00.0,7.64,18.68,6.42,82.9,31.1933
09/20/24 22:40:00.0,7.61,18.66,6.40,82.5,31.1927
09/20/24 22:50:00.0,7.62,18.66,6.41,82.6,31.1610
09/20/24 23:00:00.0,7.46,18.66,6.27,80.9,31.1555
09/20/24 23:10:00.0,7.51,18.66,6.31,81.4,31.1983
09/20/24 23:20:00.0,7.73,18.60,6.50,83.7,31.1443
09/20/24 23:30:00.0,7.62,18.64,6.41,82.6,31.1130
09/20/24 23:40:00.0,7.55,18.66,6.35,81.8,31.1099
09/20/24 23:50:00.0,7.49,18.66,6.30,81.2,31.1014
09/21/24 00:00:00.0,7.51,18.64,6.32,81.4,31.1021
09/21/24 00:10:00.0,7.46,18.62,6.27,80.8,31.0993
09/21/24 00:20:00.0,7.36,18.62,6.19,79.7,31.0986
09/21/24 00:30:00.0,7.66,18.56,6.44,82.8,31.0907
09/21/24 00:40:00.0,7.64,18.48,6.42,82.5,31.0806
09/21/24 00:50:00.0,7.61,18.46,6.40,82.1,31.0489
09/21/24 01:00:00.0,7.63,18.44,6.42,82.3,31.0081
09/21/24 01:10:00.0,7.62,18.40,6.41,82.1,30.9964
09/21/24 01:20:00.0,7.57,18.40,6.37,81.6,30.9555
09/21/24 01:30:00.0,7.61,18.40,6.40,82.0,30.9596
09/21/24 01:40:00.0,7.57,18.38,6.37,81.6,30.9188
09/21/24 01:50:00.0,7.54,18.36,6.34,81.2,30.9216
09/21/24 02:00:00.0,7.54,18.34,6.34,81.2,30.9031
09/21/24 02:10:00.0,7.52,18.30,6.33,80.9,30.8556
09/21/24 02:20:00.0,7.53,18.26,6.34,80.9,30.8310
09/21/24 02:30:00.0,7.52,18.22,6.33,80.7,30.8080
09/21/24 02:40:00.0,7.52,18.18,6.33,80.7,30.8088
09/21/24 02:50:00.0,7.57,18.14,6.37,81.1,30.7521
09/21/24 03:00:00.0,7.56,18.10,6.36,81.0,30.7430
09/21/24 03:10:00.0,7.53,18.08,6.34,80.6,30.7333
09/21/24 03:20:00.0,7.49,18.06,6.31,80.1,30.6893
09/21/24 03:30:00.0,7.14,17.78,6.01,76.0,30.6619
09/21/24 03:40:00.0,7.10,17.72,5.97,75.4,30.7079
09/21/24 03:50:00.0,7.12,17.76,5.99,75.7,30.6843
09/21/24 04:00:00.0,7.10,17.72,5.98,75.4,30.6461
09/21/24 04:10:00.0,7.12,17.66,5.99,75.6,30.6282
09/21/24 04:20:00.0,7.17,17.72,6.04,76.2,30.6240
09/21/24 04:30:00.0,7.29,17.74,6.14,77.5,30.5993
09/21/24 04:40:00.0,7.33,17.64,6.17,77.7,30.5657
09/21/24 04:50:00.0,7.38,17.72,6.21,78.4,30.5985
09/21/24 05:00:00.0,7.12,17.74,5.99,75.7,30.5625
09/21/24 05:10:00.0,6.79,17.78,5.72,72.2,30.5584
09/21/24 05:20:00.0,6.98,17.78,5.88,74.2,30.5401
09/21/24 05:30:00.0,6.26,17.78,5.27,66.6,30.5153
09/21/24 05:40:00.0,6.42,17.82,5.41,68.3,30.5691
09/21/24 05:50:00.0,6.48,17.90,5.45,69.1,30.6393
09/21/24 06:00:00.0,7.31,17.56,6.16,77.4,30.3744
09/21/24 06:10:00.0,7.38,17.50,6.22,78.0,30.3235
09/21/24 06:20:00.0,7.18,17.52,6.05,75.9,30.4457
09/21/24 06:30:00.0,7.28,17.54,6.13,77.0,30.4178
09/21/24 06:40:00.0,7.20,17.50,6.06,76.1,30.4227
09/21/24 06:50:00.0,6.70,17.52,5.64,70.9,30.4812
09/21/24 07:00:00.0,6.76,17.78,5.69,71.9,30.6349
09/21/24 07:10:00.0,6.36,17.84,5.35,67.7,30.6554
09/21/24 07:20:00.0,7.31,17.84,6.15,77.8,30.7322
09/21/24 07:30:00.0,7.32,17.80,6.15,77.9,30.7418
09/21/24 07:40:00.0,7.47,17.82,6.28,79.5,30.8318
09/21/24 07:50:00.0,7.57,17.94,6.36,80.7,30.8571
09/21/24 08:00:00.0,7.68,18.00,6.45,82.0,30.9016
09/21/24 08:10:00.0,7.79,18.04,6.54,83.3,30.9395
09/21/24 08:20:00.0,7.78,18.08,6.54,83.2,30.9519
09/21/24 08:30:00.0,7.86,18.08,6.60,84.1,30.9822
09/21/24 08:40:00.0,7.97,18.06,6.69,85.2,31.0237
09/21/24 08:50:00.0,7.98,18.04,6.70,85.3,31.0660
09/21/24 09:00:00.0,8.09,18.04,6.79,86.5,31.0901
09/21/24 09:10:00.0,8.13,18.04,6.82,86.9,31.0915
09/21/24 09:20:00.0,8.07,18.06,6.77,86.3,31.1236
09/21/24 09:30:00.0,8.00,18.06,6.71,85.5,31.1389
09/21/24 09:40:00.0,7.94,18.08,6.66,84.9,31.1450
09/21/24 09:50:00.0,7.96,18.08,6.68,85.1,31.1681
09/21/24 10:00:00.0,7.98,18.08,6.69,85.3,31.1777
09/21/24 10:10:00.0,8.06,18.08,6.76,86.2,31.1842
09/21/24 10:20:00.0,8.08,18.06,6.77,86.4,31.1962
09/21/24 10:30:00.0,8.08,18.06,6.77,86.4,31.2076
09/21/24 10:40:00.0,8.08,18.06,6.78,86.4,31.1856
09/21/24 10:50:00.0,8.20,18.06,6.87,87.6,31.2070
09/21/24 11:00:00.0,8.04,18.04,6.74,85.9,31.2115
09/21/24 11:10:00.0,7.94,18.04,6.66,84.8,31.2119
09/21/24 11:20:00.0,7.85,18.06,6.58,83.9,31.2167
09/21/24 11:30:00.0,7.94,18.02,6.66,84.8,31.1886
09/21/24 11:40:00.0,7.46,18.02,6.25,79.7,31.1817
09/21/24 11:50:00.0,7.57,18.06,6.35,80.9,31.2080
09/21/24 12:00:00.0,7.92,18.06,6.64,84.6,31.1465
09/21/24 12:10:00.0,8.04,18.02,6.74,85.8,31.1303
09/21/24 12:20:00.0,8.26,17.90,6.93,88.0,31.0982
09/21/24 12:30:00.0,8.21,17.94,6.89,87.5,31.0412
09/21/24 12:40:00.0,8.38,17.84,7.03,89.1,30.9115
09/21/24 12:50:00.0,8.38,17.78,7.04,89.0,30.8340
09/21/24 13:00:00.0,8.36,17.74,7.02,88.7,30.7446
09/21/24 13:10:00.0,8.38,17.72,7.04,88.9,30.6978
09/21/24 13:20:00.0,8.41,17.70,7.07,89.2,30.6335
09/21/24 13:30:00.0,8.39,17.70,7.05,89.0,30.5907
09/21/24 13:40:00.0,8.35,17.70,7.02,88.6,30.5919
09/21/24 13:50:00.0,8.33,17.72,7.00,88.4,30.5626
09/21/24 14:00:00.0,8.19,17.76,6.89,87.0,30.5791
09/21/24 14:10:00.0,8.09,17.82,6.80,86.0,30.5975
09/21/24 14:20:00.0,8.17,17.78,6.87,86.8,30.5080
09/21/24 14:30:00.0,8.17,17.74,6.87,86.7,30.4344
09/21/24 14:40:00.0,8.18,17.68,6.89,86.7,30.3132
09/21/24 14:50:00.0,8.24,17.62,6.94,87.2,30.1803
09/21/24 15:00:00.0,8.20,17.60,6.91,86.8,30.0931
09/21/24 15:10:00.0,8.18,17.58,6.90,86.5,30.0549
09/21/24 15:20:00.0,8.16,17.54,6.88,86.2,29.9844
09/21/24 15:30:00.0,8.11,17.52,6.85,85.7,29.8121
09/21/24 15:40:00.0,8.07,17.48,6.82,85.2,29.7239
09/21/24 15:50:00.0,8.11,17.46,6.85,85.6,29.6729
09/21/24 16:00:00.0,8.15,17.40,6.89,85.9,29.5524
09/21/24 16:10:00.0,8.20,17.38,6.93,86.4,29.5454
09/21/24 16:20:00.0,8.18,17.36,6.92,86.1,29.4460
09/21/24 16:30:00.0,8.05,17.36,6.81,84.7,29.4552
09/21/24 16:40:00.0,8.10,17.32,6.86,85.2,29.3133
09/21/24 16:50:00.0,7.99,17.28,6.77,84.0,29.1646
09/21/24 17:00:00.0,8.05,17.20,6.83,84.4,28.8910
09/21/24 17:10:00.0,7.88,17.18,6.69,82.6,28.7392
09/21/24 17:20:00.0,7.79,17.18,6.61,81.7,28.7139
09/21/24 17:30:00.0,7.88,17.22,6.69,82.7,28.8734
09/21/24 17:40:00.0,7.93,17.28,6.72,83.3,29.1466
09/21/24 17:50:00.0,7.86,17.26,6.66,82.5,28.9608
09/21/24 18:00:00.0,7.86,17.26,6.66,82.5,29.1068
09/21/24 18:10:00.0,7.77,17.34,6.57,81.7,29.4479
09/21/24 18:20:00.0,7.76,17.40,6.56,81.7,29.4715
09/21/24 18:30:00.0,7.72,17.40,6.53,81.3,29.4842
09/21/24 18:40:00.0,7.59,17.40,6.42,79.9,29.4982
09/21/24 18:50:00.0,7.23,17.42,6.11,76.2,29.5547
09/21/24 19:00:00.0,6.82,17.40,5.76,71.8,29.6376
09/21/24 19:10:00.0,6.88,17.38,5.81,72.4,29.4923
09/21/24 19:20:00.0,6.82,17.48,5.75,71.9,29.9318
09/21/24 19:30:00.0,7.21,17.56,6.08,76.2,29.9846
09/21/24 19:40:00.0,6.25,17.56,5.27,66.0,29.9899
09/21/24 19:50:00.0,5.50,17.60,4.63,58.2,30.2177
09/21/24 20:00:00.0,6.26,17.54,5.27,66.1,30.0486
09/21/24 20:10:00.0,6.90,17.54,5.81,72.9,30.0898
09/21/24 20:20:00.0,7.20,17.54,6.06,76.0,30.1504
09/21/24 20:30:00.0,7.34,17.56,6.17,77.5,30.4622
09/21/24 20:40:00.0,7.66,17.68,6.43,81.1,30.6526
09/21/24 20:50:00.0,7.83,17.68,6.57,82.9,30.6143
09/21/24 21:00:00.0,8.13,17.62,6.82,86.0,30.6570
09/21/24 21:10:00.0,8.11,17.62,6.80,85.8,30.6948
09/21/24 21:20:00.0,8.15,17.64,6.84,86.2,30.7199
09/21/24 21:30:00.0,8.17,17.64,6.85,86.4,30.7286
09/21/24 21:40:00.0,8.18,17.64,6.86,86.5,30.7354
09/21/24 21:50:00.0,8.18,17.64,6.86,86.5,30.7787
09/21/24 22:00:00.0,8.14,17.66,6.83,86.1,30.7932
09/21/24 22:10:00.0,8.10,17.68,6.79,85.8,30.8083
09/21/24 22:20:00.0,8.08,17.72,6.77,85.6,30.8490
09/21/24 22:30:00.0,8.10,17.72,6.79,85.8,30.8764
09/21/24 22:40:00.0,8.02,17.74,6.72,85.0,30.8705
09/21/24 22:50:00.0,8.04,17.74,6.74,85.2,30.8725
09/21/24 23:00:00.0,8.05,17.74,6.75,85.3,30.8792
09/21/24 23:10:00.0,7.98,17.74,6.69,84.6,30.8948
09/21/24 23:20:00.0,7.90,17.72,6.62,83.7,30.8808
09/21/24 23:30:00.0,7.86,17.72,6.59,83.3,30.8769
09/21/24 23:40:00.0,7.75,17.76,6.49,82.2,30.9018
09/21/24 23:50:00.0,7.81,17.76,6.54,82.8,30.8816
09/22/24 00:00:00.0,7.79,17.78,6.53,82.6,30.8221
09/22/24 00:10:00.0,7.78,17.72,6.52,82.4,30.8169
09/22/24 00:20:00.0,7.83,17.66,6.56,82.8,30.8097
09/22/24 00:30:00.0,7.72,17.70,6.47,81.7,30.8174
09/22/24 00:40:00.0,7.62,17.74,6.39,80.7,30.8297
09/22/24 00:50:00.0,7.93,17.46,6.65,83.5,30.5713
09/22/24 01:00:00.0,7.93,17.42,6.65,83.5,30.5234
09/22/24 01:10:00.0,7.97,17.38,6.69,83.8,30.4598
09/22/24 01:20:00.0,7.85,17.38,6.59,82.6,30.4379
09/22/24 01:30:00.0,7.61,17.48,6.38,80.2,30.5857
09/22/24 01:40:00.0,7.42,17.58,6.22,78.3,30.6101
09/22/24 01:50:00.0,7.43,17.62,6.23,78.5,30.6566
09/22/24 02:00:00.0,7.39,17.66,6.20,78.2,30.6838
09/22/24 02:10:00.0,7.62,17.52,6.39,80.4,30.5344
09/22/24 02:20:00.0,7.85,17.34,6.59,82.5,30.3395
09/22/24 02:30:00.0,7.77,17.28,6.53,81.5,30.3206
09/22/24 02:40:00.0,7.66,17.32,6.44,80.4,30.2635
09/22/24 02:50:00.0,7.62,17.32,6.39,80.0,30.4523
09/22/24 03:00:00.0,7.54,17.44,6.33,79.4,30.3967
09/22/24 03:10:00.0,7.47,17.44,6.27,78.6,30.3857
09/22/24 03:20:00.0,7.50,17.36,6.30,78.8,30.2490
09/22/24 03:30:00.0,7.50,17.24,6.31,78.6,30.0856
09/22/24 03:40:00.0,7.49,17.10,6.30,78.3,30.0027
09/22/24 03:50:00.0,7.44,17.16,6.26,77.9,30.0198
09/22/24 04:00:00.0,7.42,17.10,6.24,77.5,29.9532
09/22/24 04:10:00.0,7.39,17.06,6.22,77.2,29.8765
09/22/24 04:20:00.0,7.32,17.06,6.16,76.4,29.8534
09/22/24 04:30:00.0,7.33,17.02,6.17,76.5,29.8438
09/22/24 04:40:00.0,7.35,17.02,6.18,76.7,29.9705
09/22/24 04:50:00.0,7.38,17.00,6.21,77.0,29.9659
09/22/24 05:00:00.0,7.29,17.06,6.13,76.1,30.0399
09/22/24 05:10:00.0,7.29,16.96,6.13,76.0,29.8964
09/22/24 05:20:00.0,7.12,16.98,5.99,74.2,29.9853
09/22/24 05:30:00.0,6.95,17.04,5.85,72.5,29.9574
09/22/24 05:40:00.0,6.80,17.14,5.72,71.1,30.0837
09/22/24 05:50:00.0,6.87,17.28,5.77,72.0,30.2144
09/22/24 06:00:00.0,6.44,17.30,5.41,67.6,30.2257
09/22/24 06:10:00.0,6.59,17.34,5.53,69.2,30.2746
09/22/24 06:20:00.0,6.04,17.36,5.07,63.4,30.2918
09/22/24 06:30:00.0,5.82,17.36,4.89,61.1,30.2924
09/22/24 06:40:00.0,6.26,17.32,5.26,65.7,30.3038
09/22/24 06:50:00.0,5.74,17.30,4.82,60.2,30.3560
09/22/24 07:00:00.0,6.62,17.36,5.55,69.5,30.5102
09/22/24 07:10:00.0,6.73,17.40,5.64,70.7,30.4535
09/22/24 07:20:00.0,6.49,17.38,5.44,68.2,30.4471
09/22/24 07:30:00.0,6.68,17.42,5.61,70.2,30.3682
09/22/24 07:40:00.0,6.74,17.38,5.65,70.8,30.4371
09/22/24 07:50:00.0,7.21,17.00,6.05,75.1,30.1465
09/22/24 08:00:00.0,7.21,16.92,6.06,75.0,30.0156
09/22/24 08:10:00.0,6.71,16.96,5.63,69.9,30.2601
09/22/24 08:20:00.0,6.93,17.38,5.81,72.8,30.5196
09/22/24 08:30:00.0,7.01,17.42,5.88,73.7,30.5056
09/22/24 08:40:00.0,7.14,17.40,5.99,75.0,30.5108
09/22/24 08:50:00.0,7.34,17.42,6.15,77.2,30.5740
09/22/24 09:00:00.0,7.41,17.48,6.21,78.0,30.5964
09/22/24 09:10:00.0,7.71,17.48,6.46,81.1,30.6124
09/22/24 09:20:00.0,7.90,17.48,6.62,83.1,30.6211
09/22/24 09:30:00.0,7.90,17.54,6.62,83.2,30.6929
09/22/24 09:40:00.0,7.92,17.58,6.63,83.5,30.6978
09/22/24 09:50:00.0,7.88,17.60,6.60,83.1,30.6962
09/22/24 10:00:00.0,7.95,17.60,6.66,83.9,30.6934
09/22/24 10:10:00.0,7.92,17.60,6.63,83.6,30.6883
09/22/24 10:20:00.0,7.95,17.58,6.66,83.8,30.6721
09/22/24 10:30:00.0,7.94,17.60,6.65,83.8,30.6905
09/22/24 10:40:00.0,7.95,17.66,6.66,84.0,30.6877
09/22/24 10:50:00.0,7.95,17.68,6.66,84.0,30.7206
09/22/24 11:00:00.0,7.97,17.72,6.67,84.3,30.7088
09/22/24 11:10:00.0,7.98,17.76,6.68,84.5,30.6930
09/22/24 11:20:00.0,8.00,17.78,6.70,84.7,30.6913
09/22/24 11:30:00.0,8.04,17.78,6.73,85.1,30.6830
09/22/24 11:40:00.0,8.14,17.80,6.82,86.2,30.6699
09/22/24 11:50:00.0,8.21,17.80,6.88,86.9,30.6786
09/22/24 12:00:00.0,8.17,17.82,6.84,86.6,30.6272
09/22/24 12:10:00.0,8.06,17.84,6.75,85.4,30.5890
09/22/24 12:20:00.0,8.26,17.90,6.92,87.7,30.5583
09/22/24 12:30:00.0,8.17,17.94,6.85,86.8,30.4849
09/22/24 12:40:00.0,7.72,17.90,6.47,81.9,30.6381
09/22/24 12:50:00.0,8.18,17.88,6.86,86.8,30.5137
09/22/24 13:00:00.0,8.20,17.90,6.87,87.0,30.5648
09/22/24 13:10:00.0,8.28,17.92,6.94,87.9,30.4705
09/22/24 13:20:00.0,8.65,17.98,7.26,91.9,30.4298
09/22/24 13:30:00.0,8.56,18.06,7.19,91.1,30.2918
09/22/24 13:40:00.0,8.37,18.12,7.03,89.2,30.1437
09/22/24 13:50:00.0,8.29,18.10,6.97,88.3,30.0803
09/22/24 14:00:00.0,8.28,18.12,6.96,88.2,30.0096
09/22/24 14:10:00.0,8.30,18.14,6.98,88.5,29.9108
09/22/24 14:20:00.0,8.36,18.16,7.04,89.2,29.8878
09/22/24 14:30:00.0,8.48,18.22,7.14,90.5,29.8678
09/22/24 14:40:00.0,8.60,18.22,7.24,91.8,29.8595
09/22/24 14:50:00.0,8.70,18.24,7.32,92.9,29.9032
09/22/24 15:00:00.0,8.61,18.28,7.25,92.0,29.7917
09/22/24 15:10:00.0,8.63,18.32,7.27,92.3,29.7869
09/22/24 15:20:00.0,8.63,18.34,7.27,92.4,29.7141
09/22/24 15:30:00.0,8.64,18.42,7.29,92.6,29.5526
09/22/24 15:40:00.0,8.64,18.46,7.29,92.7,29.5306
09/22/24 15:50:00.0,8.62,18.50,7.28,92.6,29.4424
09/22/24 16:00:00.0,8.50,18.52,7.18,91.3,29.3885
09/22/24 16:10:00.0,8.52,18.54,7.19,91.5,29.3696
09/22/24 16:20:00.0,8.60,18.56,7.26,92.4,29.3273
09/22/24 16:30:00.0,8.62,18.58,7.28,92.7,29.2814
09/22/24 16:40:00.0,8.58,18.58,7.25,92.3,29.3278
09/22/24 16:50:00.0,8.61,18.58,7.27,92.6,29.2865
09/22/24 17:00:00.0,8.54,18.56,7.22,91.8,29.2432
09/22/24 17:10:00.0,8.71,18.62,7.37,93.7,29.1048
09/22/24 17:20:00.0,8.63,18.66,7.30,92.9,29.0976
09/22/24 17:30:00.0,8.68,18.62,7.34,93.4,29.0339
09/22/24 17:40:00.0,8.56,18.60,7.24,92.1,29.0834
09/22/24 17:50:00.0,8.58,18.66,7.26,92.4,29.0244
09/22/24 18:00:00.0,8.57,18.70,7.25,92.4,29.0086
09/22/24 18:10:00.0,8.68,18.74,7.35,93.6,28.8897
09/22/24 18:20:00.0,8.43,18.74,7.14,90.9,28.8883
09/22/24 18:30:00.0,8.56,18.72,7.25,92.3,28.8782
09/22/24 18:40:00.0,8.50,18.68,7.20,91.6,28.8978
09/22/24 18:50:00.0,8.51,18.62,7.20,91.6,28.8809
09/22/24 19:00:00.0,7.81,18.66,6.62,84.1,28.8017
09/22/24 19:10:00.0,8.42,18.58,7.12,90.5,28.9467
09/22/24 19:20:00.0,8.41,18.66,7.13,90.5,28.7405
09/22/24 19:30:00.0,8.26,18.54,6.99,88.7,28.8378
09/22/24 19:40:00.0,8.35,18.54,7.07,89.7,28.7933
09/22/24 19:50:00.0,8.49,18.62,7.20,91.3,28.6779
09/22/24 20:00:00.0,8.28,18.58,7.02,89.0,28.6361
09/22/24 20:10:00.0,8.17,18.46,6.92,87.6,28.6584
09/22/24 20:20:00.0,7.51,18.42,6.36,80.4,28.7638
09/22/24 20:30:00.0,7.10,18.42,6.01,76.1,28.8607
09/22/24 20:40:00.0,6.77,18.40,5.73,72.5,28.9066
09/22/24 20:50:00.0,7.00,18.40,5.91,74.9,29.1657
09/22/24 21:00:00.0,6.46,18.38,5.45,69.1,29.2652
09/22/24 21:10:00.0,5.30,18.34,4.47,56.7,29.3114
09/22/24 21:20:00.0,4.38,18.30,3.70,46.8,29.3280
09/22/24 21:30:00.0,6.27,18.24,5.29,66.9,29.4005
09/22/24 21:40:00.0,6.68,18.22,5.63,71.2,29.5218
09/22/24 21:50:00.0,7.19,18.22,6.06,76.7,29.5876
09/22/24 22:00:00.0,7.76,18.14,6.53,82.6,29.5857
09/22/24 22:10:00.0,7.99,18.10,6.72,85.0,29.6768
09/22/24 22:20:00.0,7.99,18.04,6.72,84.9,29.8024
09/22/24 22:30:00.0,7.88,18.00,6.62,83.7,29.8410
09/22/24 22:40:00.0,8.08,17.98,6.79,85.7,29.8703
09/22/24 22:50:00.0,7.76,18.00,6.52,82.4,29.8531
09/22/24 23:00:00.0,7.85,17.98,6.60,83.3,29.8777
09/22/24 23:10:00.0,7.95,18.00,6.68,84.4,29.8463
09/22/24 23:20:00.0,7.84,18.00,6.59,83.2,29.8757
09/22/24 23:30:00.0,8.00,18.00,6.72,84.9,29.9325
09/22/24 23:40:00.0,7.94,18.00,6.67,84.3,30.0101
09/22/24 23:50:00.0,8.00,18.00,6.72,84.9,29.9954
09/23/24 00:00:00.0,7.98,18.02,6.70,84.7,30.0076
09/23/24 00:10:00.0,7.88,18.02,6.62,83.7,30.0067
09/23/24 00:20:00.0,7.51,18.00,6.30,79.7,30.0158
09/23/24 00:30:00.0,7.50,18.00,6.30,79.6,30.0223
09/23/24 00:40:00.0,7.52,17.98,6.31,79.8,30.0094
09/23/24 00:50:00.0,7.36,18.00,6.18,78.1,30.0039
09/23/24 01:00:00.0,7.11,18.00,5.97,75.5,30.0052
09/23/24 01:10:00.0,7.53,18.00,6.32,79.9,29.9274
09/23/24 01:20:00.0,7.43,18.02,6.24,78.9,29.9291
09/23/24 01:30:00.0,7.77,18.00,6.52,82.5,29.9376
09/23/24 01:40:00.0,7.68,18.00,6.45,81.5,29.9069
09/23/24 01:50:00.0,7.59,17.98,6.37,80.5,29.8899
09/23/24 02:00:00.0,7.59,17.98,6.37,80.5,29.9052
09/23/24 02:10:00.0,7.44,17.98,6.25,78.9,29.9192
09/23/24 02:20:00.0,7.59,17.92,6.37,80.4,29.8860
09/23/24 02:30:00.0,7.78,17.74,6.54,82.1,29.7880
09/23/24 02:40:00.0,7.24,17.82,6.08,76.5,29.8267
09/23/24 02:50:00.0,7.28,17.80,6.12,76.9,29.7997
09/23/24 03:00:00.0,7.40,17.86,6.22,78.3,29.7210
09/23/24 03:10:00.0,7.66,17.68,6.43,80.7,29.8377
09/23/24 03:20:00.0,7.66,17.84,6.44,81.0,29.7752
09/23/24 03:30:00.0,7.60,17.84,6.38,80.4,29.7900
09/23/24 03:40:00.0,7.61,17.86,6.39,80.5,29.8205
09/23/24 03:50:00.0,7.55,17.86,6.34,79.9,29.7825
09/23/24 04:00:00.0,7.47,17.84,6.28,79.0,29.7620
09/23/24 04:10:00.0,7.43,17.84,6.24,78.6,29.7416
09/23/24 04:20:00.0,7.27,17.74,6.11,76.7,29.7082
09/23/24 04:30:00.0,7.49,17.54,6.29,78.7,29.6758
09/23/24 04:40:00.0,7.09,17.48,5.96,74.4,29.6001
09/23/24 04:50:00.0,7.49,17.38,6.29,78.4,29.5765
09/23/24 05:00:00.0,7.46,17.34,6.27,78.1,29.6051
09/23/24 05:10:00.0,7.46,17.20,6.27,77.8,29.5983
09/23/24 05:20:00.0,7.46,17.18,6.27,77.8,29.5985
09/23/24 05:30:00.0,7.23,17.22,6.07,75.5,29.5747
09/23/24 05:40:00.0,7.33,17.12,6.16,76.3,29.5541
09/23/24 05:50:00.0,7.06,17.18,5.93,73.6,29.5264
09/23/24 06:00:00.0,6.55,17.46,5.50,68.7,29.5521
09/23/24 06:10:00.0,5.99,17.58,5.03,63.0,29.5667
09/23/24 06:20:00.0,5.68,17.66,4.77,59.8,29.5752
09/23/24 06:30:00.0,5.99,17.70,5.03,63.1,29.6085
09/23/24 06:40:00.0,5.04,17.68,4.24,53.1,29.5837
09/23/24 06:50:00.0,5.27,17.68,4.43,55.5,29.5650
09/23/24 07:00:00.0,4.95,17.70,4.16,52.2,29.5602
09/23/24 07:10:00.0,4.98,17.72,4.18,52.5,29.5986
09/23/24 07:20:00.0,5.14,17.74,4.32,54.2,29.6087
09/23/24 07:30:00.0,5.04,17.74,4.23,53.1,29.6145
09/23/24 07:40:00.0,3.56,17.74,2.99,37.5,29.6335
09/23/24 07:50:00.0,5.79,17.68,4.86,61.0,29.7491
09/23/24 08:00:00.0,6.09,17.60,5.11,64.0,29.6925
09/23/24 08:10:00.0,6.16,17.66,5.17,64.8,29.6985
09/23/24 08:20:00.0,4.53,17.66,3.80,47.7,29.7098
09/23/24 08:30:00.0,6.01,17.62,5.04,63.2,29.7310
09/23/24 08:40:00.0,6.31,17.62,5.30,66.4,29.6913
09/23/24 08:50:00.0,6.02,17.64,5.05,63.3,29.6951
09/23/24 09:00:00.0,5.99,17.68,5.03,63.1,29.6926
09/23/24 09:10:00.0,6.30,17.70,5.29,66.4,29.5838
09/23/24 09:20:00.0,6.02,17.66,5.05,63.4,29.6683
09/23/24 09:30:00.0,6.06,17.66,5.09,63.8,29.7280
09/23/24 09:40:00.0,7.47,17.52,6.26,78.4,29.8414
09/23/24 09:50:00.0,8.38,17.52,7.03,87.9,29.7698
