Date Time,High Range (μS/cm)  #21958393,Temp (°C)  #21958393,Specific Conductance (μS/cm),Salinity (ppt)
05/07/24 09:00:00.0,0.0,20.84,0.0,0.0123
05/07/24 09:10:00.0,0.0,21.30,0.0,0.0123
05/07/24 09:20:00.0,0.0,21.81,0.0,0.0123
05/07/24 09:30:00.0,0.0,21.86,0.0,0.0123
05/07/24 09:40:00.0,0.0,21.86,0.0,0.0123
05/07/24 09:50:00.0,0.0,22.15,0.0,0.0123
05/07/24 10:00:00.0,0.0,22.77,0.0,0.0123
05/07/24 10:10:00.0,0.0,23.51,0.0,0.0123
05/07/24 10:20:00.0,0.0,24.25,0.0,0.0123
05/07/24 10:30:00.0,0.0,25.00,0.0,0.0123
05/07/24 10:40:00.0,0.0,25.74,0.0,0.0123
05/07/24 10:50:00.0,0.0,26.51,0.0,0.0123
05/07/24 11:00:00.0,0.0,27.27,0.0,0.0123
05/07/24 11:10:00.0,0.0,27.88,0.0,0.0123
05/07/24 11:20:00.0,0.0,27.96,0.0,0.0123
05/07/24 11:30:00.0,36212.8,16.19,43652.7,28.1278
05/07/24 11:40:00.0,36464.7,16.30,43848.7,28.2686
05/07/24 11:50:00.0,37009.2,17.43,43397.8,27.9449
05/07/24 12:00:00.0,36599.5,17.07,43264.6,27.8493
05/07/24 12:10:00.0,36559.6,17.22,43076.3,27.7143
05/07/24 12:20:00.0,214.6,23.69,220.7,0.1072
05/07/24 12:30:00.0,0.0,26.92,0.0,0.0123
05/07/24 12:40:00.0,0.0,27.52,0.0,0.0123
05/07/24 12:50:00.0,0.0,26.39,0.0,0.0123
05/07/24 13:00:00.0,0.0,25.58,0.0,0.0123
05/07/24 13:10:00.0,0.0,26.38,0.0,0.0123
05/07/24 13:20:00.0,0.0,25.81,0.0,0.0123
05/07/24 13:30:00.0,0.0,26.12,0.0,0.0123
05/07/24 13:40:00.0,0.0,26.81,0.0,0.0123
05/07/24 13:50:00.0,0.0,32.15,0.0,0.0123
05/07/24 14:00:00.0,0.0,31.51,0.0,0.0123
05/07/24 14:10:00.0,30617.1,19.13,34637.6,21.7612
05/07/24 14:20:00.0,29748.4,18.61,34041.4,21.3479
05/07/24 14:30:00.0,29366.7,18.74,33512.4,20.9820
05/07/24 14:40:00.0,29154.7,19.01,33078.0,20.6821
05/07/24 14:50:00.0,28988.5,19.01,32891.5,20.5535
05/07/24 15:00:00.0,28668.7,19.05,32503.0,20.2859
05/07/24 15:10:00.0,28452.4,19.17,32176.1,20.0611
05/07/24 15:20:00.0,27661.3,18.98,31414.4,19.5385
05/07/24 15:30:00.0,26859.3,18.88,30573.7,18.9636
05/07/24 15:40:00.0,26780.0,18.95,30438.8,18.8715
05/07/24 15:50:00.0,26544.0,19.03,30120.2,18.6543
05/07/24 16:00:00.0,26484.1,19.02,30060.4,18.6135
05/07/24 16:10:00.0,26334.2,18.94,29944.2,18.5344
05/07/24 16:20:00.0,26126.6,19.18,29555.6,18.2700
05/07/24 16:30:00.0,25914.1,19.13,29349.0,18.1297
05/07/24 16:40:00.0,25308.7,18.82,28860.5,17.7983
05/07/24 16:50:00.0,24981.4,18.74,28539.3,17.5808
05/07/24 17:00:00.0,24780.6,18.70,28336.6,17.4437
05/07/24 17:10:00.0,24611.3,18.42,28318.2,17.4312
05/07/24 17:20:00.0,24573.3,18.01,28532.5,17.5762
05/07/24 17:30:00.0,24415.6,17.67,28565.7,17.5986
05/07/24 17:40:00.0,24241.1,17.43,28515.4,17.5646
05/07/24 17:50:00.0,24063.2,17.08,28530.4,17.5748
05/07/24 18:00:00.0,23864.4,16.92,28398.6,17.4856
05/07/24 18:10:00.0,23776.8,16.43,28610.6,17.6290
05/07/24 18:20:00.0,23778.4,15.99,28901.2,17.8259
05/07/24 18:30:00.0,23772.1,15.57,29173.7,18.0107
05/07/24 18:40:00.0,23894.8,15.29,29514.4,18.2420
05/07/24 18:50:00.0,24050.3,15.06,29865.1,18.4805
05/07/24 19:00:00.0,23928.4,14.73,29943.7,18.5341
05/07/24 19:10:00.0,24320.8,14.33,30718.8,19.0626
05/07/24 19:20:00.0,24631.2,14.37,31081.6,19.3106
05/07/24 19:30:00.0,24840.6,14.23,31448.7,19.5620
05/07/24 19:40:00.0,25057.3,14.12,31805.0,19.8063
05/07/24 19:50:00.0,25298.4,14.07,32148.7,20.0423
05/07/24 20:00:00.0,25542.4,13.88,32603.8,20.3553
05/07/24 20:10:00.0,25824.5,13.67,33126.8,20.7157
05/07/24 20:20:00.0,26055.5,13.25,33756.3,21.1506
05/07/24 20:30:00.0,26397.3,13.09,34328.3,21.5467
05/07/24 20:40:00.0,26686.4,13.03,34753.4,21.8416
05/07/24 20:50:00.0,26985.4,13.02,35150.6,22.1176
05/07/24 21:00:00.0,27277.8,12.99,35556.3,22.4001
05/07/24 21:10:00.0,27698.0,13.09,36017.1,22.7213
05/07/24 21:20:00.0,28029.1,13.26,36300.6,22.9193
05/07/24 21:30:00.0,28254.5,13.33,36532.1,23.0811
05/07/24 21:40:00.0,28472.5,13.50,36667.0,23.1754
05/07/24 21:50:00.0,28630.1,13.54,36835.9,23.2937
05/07/24 22:00:00.0,28797.2,13.56,37034.1,23.4325
05/07/24 22:10:00.0,28895.7,13.44,37267.0,23.5957
05/07/24 22:20:00.0,29104.7,13.41,37563.4,23.8037
05/07/24 22:30:00.0,29209.1,13.39,37716.9,23.9115
05/07/24 22:40:00.0,29487.4,13.47,38004.4,24.1136
05/07/24 22:50:00.0,29604.6,13.51,38120.6,24.1953
05/07/24 23:00:00.0,29965.0,14.19,37975.1,24.0930
05/07/24 23:10:00.0,30660.1,15.08,38062.5,24.1544
05/07/24 23:20:00.0,31155.3,16.02,37856.6,24.0097
05/07/24 23:30:00.0,30968.0,14.61,38864.9,24.7197
05/07/24 23:40:00.0,31533.2,15.98,38352.3,24.3584
05/07/24 23:50:00.0,31521.3,15.30,38937.4,24.7708
05/08/24 00:00:00.0,31805.4,16.11,38572.2,24.5133
05/08/24 00:10:00.0,31853.6,16.09,38649.7,24.5679
05/08/24 00:20:00.0,31829.5,16.39,38362.2,24.3653
05/08/24 00:30:00.0,31974.6,16.84,38151.4,24.2170
05/08/24 00:40:00.0,32042.6,16.86,38217.1,24.2632
05/08/24 00:50:00.0,32157.5,16.80,38406.9,24.3968
05/08/24 01:00:00.0,32221.3,16.78,38501.9,24.4637
05/08/24 01:10:00.0,32243.5,16.76,38547.4,24.4958
05/08/24 01:20:00.0,32204.1,16.74,38519.6,24.4762
05/08/24 01:30:00.0,32184.5,16.75,38489.5,24.4550
05/08/24 01:40:00.0,32115.9,16.66,38487.1,24.4534
05/08/24 01:50:00.0,32255.8,16.18,39075.3,24.8682
05/08/24 02:00:00.0,32282.9,16.14,39145.2,24.9175
05/08/24 02:10:00.0,32287.8,16.15,39144.2,24.9168
05/08/24 02:20:00.0,32164.8,16.38,38796.1,24.6711
05/08/24 02:30:00.0,32243.5,16.34,38927.5,24.7639
05/08/24 02:40:00.0,32196.8,16.55,38690.3,24.5965
05/08/24 02:50:00.0,32120.8,16.62,38540.7,24.4911
05/08/24 03:00:00.0,32106.1,16.63,38516.3,24.4739
05/08/24 03:10:00.0,32025.6,16.63,38422.0,24.4075
05/08/24 03:20:00.0,31882.5,16.56,38313.0,24.3307
05/08/24 03:30:00.0,31877.7,16.10,38707.8,24.6089
05/08/24 03:40:00.0,31747.8,15.95,38683.7,24.5919
05/08/24 03:50:00.0,31793.4,15.99,38705.8,24.6075
05/08/24 04:00:00.0,32157.5,16.43,38762.6,24.6475
05/08/24 04:10:00.0,32035.3,16.42,38626.5,24.5516
05/08/24 04:20:00.0,31625.9,16.51,38059.7,24.1524
05/08/24 04:30:00.0,31218.1,16.46,37615.0,23.8399
05/08/24 04:40:00.0,31166.9,16.35,37648.4,23.8634
05/08/24 04:50:00.0,31197.2,16.26,37763.2,23.9440
05/08/24 05:00:00.0,31306.9,16.23,37922.9,24.0563
05/08/24 05:10:00.0,31783.8,16.01,38691.8,24.5976
05/08/24 05:20:00.0,31088.0,15.82,38013.5,24.1200
05/08/24 05:30:00.0,31528.4,15.77,38595.3,24.5296
05/08/24 05:40:00.0,31637.8,15.46,39004.6,24.8183
05/08/24 05:50:00.0,32337.3,15.33,39983.3,25.5104
05/08/24 06:00:00.0,32538.8,15.28,40279.2,25.7201
05/08/24 06:10:00.0,32907.5,15.22,40791.2,26.0837
05/08/24 06:20:00.0,33112.6,15.04,41215.7,26.3855
05/08/24 06:30:00.0,33071.4,14.80,41394.1,26.5126
05/08/24 06:40:00.0,33020.0,14.59,41532.5,26.6112
05/08/24 06:50:00.0,32935.5,14.19,41814.1,26.8120
05/08/24 07:00:00.0,32981.6,14.21,41854.9,26.8411
05/08/24 07:10:00.0,33102.3,14.29,41931.5,26.8957
05/08/24 07:20:00.0,33061.1,13.92,42243.3,27.1183
05/08/24 07:30:00.0,33099.7,13.82,42393.1,27.2254
05/08/24 07:40:00.0,33159.0,13.76,42530.2,27.3234
05/08/24 07:50:00.0,33159.0,13.46,42832.0,27.5394
05/08/24 08:00:00.0,33172.0,13.35,42961.6,27.6322
05/08/24 08:10:00.0,33179.7,13.26,43064.7,27.7060
05/08/24 08:20:00.0,33288.7,13.27,43197.2,27.8010
05/08/24 08:30:00.0,33301.7,13.18,43307.7,27.8803
05/08/24 08:40:00.0,33356.4,13.15,43411.2,27.9545
05/08/24 08:50:00.0,33377.3,13.13,43460.8,27.9901
05/08/24 09:00:00.0,33398.2,13.10,43520.8,28.0331
05/08/24 09:10:00.0,33413.9,13.05,43594.6,28.0861
05/08/24 09:20:00.0,33453.2,13.02,43678.6,28.1464
05/08/24 09:30:00.0,33511.1,13.09,43683.6,28.1501
05/08/24 09:40:00.0,33505.8,13.11,43658.3,28.1319
05/08/24 09:50:00.0,33550.6,13.13,43697.8,28.1602
05/08/24 10:00:00.0,33558.5,13.15,43689.6,28.1543
05/08/24 10:10:00.0,33614.0,13.21,43701.7,28.1630
05/08/24 10:20:00.0,33627.2,13.30,43628.5,28.1104
05/08/24 10:30:00.0,33669.6,13.50,43480.7,28.0043
05/08/24 10:40:00.0,33714.8,13.66,43378.0,27.9307
05/08/24 10:50:00.0,33635.1,13.26,43686.1,28.1518
05/08/24 11:00:00.0,33611.3,13.23,43688.3,28.1534
05/08/24 11:10:00.0,33611.3,13.23,43690.4,28.1549
05/08/24 11:20:00.0,33624.6,13.27,43668.6,28.1393
05/08/24 11:30:00.0,33587.5,13.43,43459.2,27.9889
05/08/24 11:40:00.0,33587.5,13.98,42906.4,27.5926
05/08/24 11:50:00.0,33600.7,14.55,42362.0,27.2031
05/08/24 12:00:00.0,33521.6,14.60,42216.1,27.0989
05/08/24 12:10:00.0,33353.8,14.75,41863.0,26.8469
05/08/24 12:20:00.0,33275.7,14.59,41921.8,26.8888
05/08/24 12:30:00.0,33450.6,14.73,42007.3,26.9498
05/08/24 12:40:00.0,33469.0,14.71,42051.7,26.9815
05/08/24 12:50:00.0,33395.6,14.71,41962.0,26.9175
05/08/24 13:00:00.0,33385.2,14.77,41893.2,26.8683
05/08/24 13:10:00.0,33372.1,14.80,41850.0,26.8375
05/08/24 13:20:00.0,33299.1,14.85,41712.9,26.7398
05/08/24 13:30:00.0,33283.5,14.85,41695.5,26.7274
05/08/24 13:40:00.0,33221.1,14.88,41591.1,26.6529
05/08/24 13:50:00.0,33221.1,14.89,41583.6,26.6476
05/08/24 14:00:00.0,33218.5,14.96,41515.6,26.5991
05/08/24 14:10:00.0,33133.2,15.00,41373.6,26.4980
05/08/24 14:20:00.0,32930.4,15.04,41085.9,26.2932
05/08/24 14:30:00.0,32971.3,15.06,41119.8,26.3173
05/08/24 14:40:00.0,33226.3,14.92,41571.5,26.6390
05/08/24 14:50:00.0,33074.0,14.91,41393.5,26.5121
05/08/24 15:00:00.0,33107.4,14.98,41370.5,26.4958
05/08/24 15:10:00.0,33283.5,14.97,41601.0,26.6600
05/08/24 15:20:00.0,33027.7,14.92,41332.3,26.4686
05/08/24 15:30:00.0,33076.5,14.89,41423.6,26.5336
05/08/24 15:40:00.0,33172.0,14.83,41602.0,26.6607
05/08/24 15:50:00.0,33184.9,14.79,41658.4,26.7009
05/08/24 16:00:00.0,33141.0,14.68,41711.1,26.7385
05/08/24 16:10:00.0,33159.0,14.68,41735.6,26.7560
05/08/24 16:20:00.0,33177.1,14.67,41769.9,26.7804
05/08/24 16:30:00.0,33226.3,14.65,41852.9,26.8396
05/08/24 16:40:00.0,33265.3,14.71,41845.9,26.8346
05/08/24 16:50:00.0,33288.7,14.71,41877.2,26.8570
05/08/24 17:00:00.0,33296.5,14.72,41879.4,26.8585
05/08/24 17:10:00.0,33291.3,14.69,41903.8,26.8760
05/08/24 17:20:00.0,33200.4,14.75,41734.4,26.7551
05/08/24 17:30:00.0,33317.3,14.73,41901.9,26.8746
05/08/24 17:40:00.0,33275.7,14.73,41851.8,26.8389
05/08/24 17:50:00.0,33369.5,14.77,41932.6,26.8965
05/08/24 18:00:00.0,33379.9,14.72,41996.0,26.9417
05/08/24 18:10:00.0,33448.0,14.65,42151.1,27.0525
05/08/24 18:20:00.0,33490.0,14.59,42264.3,27.1333
05/08/24 18:30:00.0,33582.2,14.40,42568.4,27.3508
05/08/24 18:40:00.0,33643.1,14.19,42855.2,27.5560
05/08/24 18:50:00.0,33653.7,14.10,42960.4,27.6313
05/08/24 19:00:00.0,33558.5,13.99,42951.3,27.6248
05/08/24 19:10:00.0,33611.3,13.66,43353.0,27.9127
05/08/24 19:20:00.0,33566.4,13.54,43419.3,27.9603
05/08/24 19:30:00.0,33500.5,13.39,43489.4,28.0106
05/08/24 19:40:00.0,33500.5,13.30,43583.6,28.0782
05/08/24 19:50:00.0,33479.5,13.25,43609.8,28.0970
05/08/24 20:00:00.0,33400.8,13.14,43622.9,28.1064
05/08/24 20:10:00.0,33359.0,12.98,43735.6,28.1873
05/08/24 20:20:00.0,33296.5,12.89,43749.2,28.1972
05/08/24 20:30:00.0,33301.7,12.86,43789.2,28.2259
05/08/24 20:40:00.0,33312.1,12.94,43722.1,28.1777
05/08/24 20:50:00.0,33216.0,12.75,43795.5,28.2304
05/08/24 21:00:00.0,33203.0,12.66,43874.2,28.2869
05/08/24 21:10:00.0,33208.2,12.66,43883.1,28.2934
05/08/24 21:20:00.0,33092.0,12.44,43962.1,28.3502
05/08/24 21:30:00.0,33107.4,12.34,44089.6,28.4418
05/08/24 21:40:00.0,33032.8,12.22,44119.3,28.4632
05/08/24 21:50:00.0,33076.5,12.28,44116.1,28.4609
05/08/24 22:00:00.0,33079.1,12.30,44100.6,28.4498
05/08/24 22:10:00.0,33115.2,12.37,44076.9,28.4327
05/08/24 22:20:00.0,33146.1,12.41,44077.8,28.4334
05/08/24 22:30:00.0,33122.9,12.41,44049.3,28.4129
05/08/24 22:40:00.0,33141.0,12.46,44022.9,28.3939
05/08/24 22:50:00.0,33135.8,12.48,43997.2,28.3754
05/08/24 23:00:00.0,33141.0,12.46,44027.2,28.3969
05/08/24 23:10:00.0,33141.0,12.45,44039.8,28.4060
05/08/24 23:20:00.0,33161.6,12.46,44058.6,28.4195
05/08/24 23:30:00.0,33223.7,12.71,43881.2,28.2920
05/08/24 23:40:00.0,33260.1,13.51,43110.1,27.7386
05/08/24 23:50:00.0,33205.6,12.66,43913.8,28.3154
05/09/24 00:00:00.0,33179.7,13.29,43233.4,27.8270
05/09/24 00:10:00.0,33228.9,12.97,43627.1,28.1095
05/09/24 00:20:00.0,33179.7,13.19,43339.5,27.9031
05/09/24 00:30:00.0,32762.7,13.91,42084.1,27.0046
05/09/24 00:40:00.0,32899.8,13.75,42419.3,27.2441
05/09/24 00:50:00.0,33187.5,13.29,43254.0,27.8417
05/09/24 01:00:00.0,32950.9,13.63,42608.3,27.3793
05/09/24 01:10:00.0,32727.3,13.71,42243.8,27.1187
05/09/24 01:20:00.0,32887.1,13.68,42480.7,27.2880
05/09/24 01:30:00.0,32646.6,13.72,42134.5,27.0406
05/09/24 01:40:00.0,32699.5,13.71,42214.3,27.0976
05/09/24 01:50:00.0,32624.0,13.71,42119.4,27.0298
05/09/24 02:00:00.0,32032.9,14.02,41064.4,26.2779
05/09/24 02:10:00.0,32130.6,14.00,41210.1,26.3816
05/09/24 02:20:00.0,32093.9,13.94,41222.9,26.3907
05/09/24 02:30:00.0,32624.0,13.59,42246.0,27.1203
05/09/24 02:40:00.0,32263.2,13.78,41598.2,26.6580
05/09/24 02:50:00.0,32071.9,13.91,41229.7,26.3955
05/09/24 03:00:00.0,31918.8,13.98,40969.0,26.2101
05/09/24 03:10:00.0,32018.3,13.88,41193.9,26.3701
05/09/24 03:20:00.0,31962.4,13.87,41134.0,26.3274
05/09/24 03:30:00.0,32120.8,13.83,41377.3,26.5007
05/09/24 03:40:00.0,32315.0,13.67,41784.1,26.7905
05/09/24 03:50:00.0,32389.3,13.66,41891.4,26.8671
05/09/24 04:00:00.0,31911.6,13.88,41067.4,26.2800
05/09/24 04:10:00.0,31360.9,13.86,40383.4,25.7941
05/09/24 04:20:00.0,31248.5,13.80,40297.9,25.7335
05/09/24 04:30:00.0,30737.1,13.68,39755.6,25.3491
05/09/24 04:40:00.0,30800.9,13.68,39839.5,25.4086
05/09/24 04:50:00.0,31311.6,13.68,40498.3,25.8756
05/09/24 05:00:00.0,31185.5,13.66,40357.0,25.7753
05/09/24 05:10:00.0,31431.5,13.56,40770.9,26.0693
05/09/24 05:20:00.0,31894.6,13.56,41370.1,26.4955
05/09/24 05:30:00.0,32103.6,13.59,41612.3,26.6681
05/09/24 05:40:00.0,32221.3,13.60,41756.2,26.7707
05/09/24 05:50:00.0,32566.3,13.60,42202.7,27.0894
05/09/24 06:00:00.0,32697.0,13.54,42432.8,27.2538
05/09/24 06:10:00.0,32777.9,13.48,42599.1,27.3727
05/09/24 06:20:00.0,32714.7,13.47,42529.5,27.3229
05/09/24 06:30:00.0,32795.6,13.46,42646.1,27.4063
05/09/24 06:40:00.0,32745.0,13.42,42622.8,27.3896
05/09/24 06:50:00.0,32956.0,13.39,42928.1,27.6082
05/09/24 07:00:00.0,32910.0,13.31,42951.3,27.6248
05/09/24 07:10:00.0,33030.3,13.26,43160.1,27.7744
05/09/24 07:20:00.0,33058.5,13.19,43270.1,27.8533
05/09/24 07:30:00.0,32922.8,12.90,43391.8,27.9405
05/09/24 07:40:00.0,32899.8,12.91,43353.5,27.9131
05/09/24 07:50:00.0,32871.8,12.94,43288.2,27.8663
05/09/24 08:00:00.0,32887.1,12.93,43320.6,27.8895
05/09/24 08:10:00.0,32815.9,12.78,43383.3,27.9345
05/09/24 08:20:00.0,32894.7,12.78,43488.9,28.0102
05/09/24 08:30:00.0,32971.3,12.78,43591.6,28.0840
05/09/24 08:40:00.0,33017.4,12.71,43726.8,28.1811
05/09/24 08:50:00.0,32734.9,12.64,43429.3,27.9675
05/09/24 09:00:00.0,33074.0,12.57,43951.4,28.3425
05/09/24 09:10:00.0,33079.1,12.58,43949.8,28.3413
05/09/24 09:20:00.0,33092.0,12.60,43948.1,28.3401
05/09/24 09:30:00.0,33081.7,12.62,43915.8,28.3168
05/09/24 09:40:00.0,33115.2,12.62,43962.1,28.3501
05/09/24 09:50:00.0,33130.6,12.53,44078.7,28.4340
05/09/24 10:00:00.0,33179.7,12.60,44072.3,28.4294
05/09/24 10:10:00.0,33210.8,12.65,44063.1,28.4228
05/09/24 10:20:00.0,33249.7,12.70,44064.2,28.4236
05/09/24 10:30:00.0,33182.3,12.71,43967.2,28.3538
05/09/24 10:40:00.0,33283.5,12.78,44029.4,28.3985
05/09/24 10:50:00.0,33306.9,12.81,44031.0,28.3996
05/09/24 11:00:00.0,33382.5,12.91,44028.1,28.3976
05/09/24 11:10:00.0,33445.4,12.98,44039.7,28.4059
05/09/24 11:20:00.0,33463.7,13.03,44013.8,28.3873
05/09/24 11:30:00.0,33455.9,13.06,43974.6,28.3591
05/09/24 11:40:00.0,33429.6,13.13,43869.8,28.2838
05/09/24 11:50:00.0,33611.3,13.26,43974.1,28.3588
05/09/24 12:00:00.0,33685.5,13.41,43917.7,28.3182
05/09/24 12:10:00.0,33717.4,13.48,43889.0,28.2976
05/09/24 12:20:00.0,33749.4,13.52,43891.4,28.2993
05/09/24 12:30:00.0,33861.6,13.78,43771.7,28.2133
05/09/24 12:40:00.0,33800.1,13.86,43613.3,28.0995
05/09/24 12:50:00.0,33797.4,14.18,43288.6,27.8665
05/09/24 13:00:00.0,33511.1,14.91,42208.9,27.0937
05/09/24 13:10:00.0,33569.0,15.04,42157.6,27.0571
05/09/24 13:20:00.0,33614.0,15.16,42100.1,27.0160
05/09/24 13:30:00.0,33667.0,15.25,42081.5,27.0028
05/09/24 13:40:00.0,33784.0,15.29,42190.6,27.0807
05/09/24 13:50:00.0,33736.1,15.40,42027.5,26.9642
05/09/24 14:00:00.0,33730.7,15.45,41975.0,26.9268
05/09/24 14:10:00.0,33714.8,15.56,41852.5,26.8393
05/09/24 14:20:00.0,33722.7,15.61,41816.7,26.8138
05/09/24 14:30:00.0,33720.1,15.68,41749.1,26.7656
05/09/24 14:40:00.0,33821.4,15.73,41828.5,26.8222
05/09/24 14:50:00.0,33993.4,15.74,42032.8,26.9680
05/09/24 15:00:00.0,33800.1,15.91,41636.3,26.6851
05/09/24 15:10:00.0,33784.0,15.98,41552.8,26.6256
05/09/24 15:20:00.0,33768.0,16.01,41507.0,26.5930
05/09/24 15:30:00.0,33789.4,15.95,41591.6,26.6533
05/09/24 15:40:00.0,33869.6,15.90,41739.0,26.7584
05/09/24 15:50:00.0,34452.0,15.50,42842.3,27.5467
05/09/24 16:00:00.0,34441.0,15.36,42967.4,27.6363
05/09/24 16:10:00.0,34576.7,15.00,43494.2,28.0140
05/09/24 16:20:00.0,34610.1,15.04,43498.2,28.0169
05/09/24 16:30:00.0,34660.3,15.12,43483.5,28.0063
05/09/24 16:40:00.0,34471.4,15.32,43052.7,27.6974
05/09/24 16:50:00.0,34474.1,15.46,42921.1,27.6031
05/09/24 17:00:00.0,34416.1,15.40,42909.8,27.5951
05/09/24 17:10:00.0,34465.8,15.33,43042.2,27.6899
05/09/24 17:20:00.0,34399.6,15.25,43040.4,27.6887
05/09/24 17:30:00.0,34396.8,15.25,43039.0,27.6876
05/09/24 17:40:00.0,34361.1,15.17,43075.3,27.7136
05/09/24 17:50:00.0,34460.3,15.74,42644.4,27.4051
05/09/24 18:00:00.0,34396.8,15.70,42606.9,27.3782
05/09/24 18:10:00.0,34396.8,15.66,42647.6,27.4074
05/09/24 18:20:00.0,34405.1,15.54,42776.3,27.4995
05/09/24 18:30:00.0,34328.1,15.16,43054.3,27.6986
05/09/24 18:40:00.0,34325.3,14.92,43290.1,27.8677
05/09/24 18:50:00.0,34287.0,14.84,43323.6,27.8917
05/09/24 19:00:00.0,34240.5,14.83,43277.2,27.8584
05/09/24 19:10:00.0,34240.5,14.81,43299.2,27.8741
05/09/24 19:20:00.0,34254.1,14.81,43318.4,27.8879
05/09/24 19:30:00.0,34248.7,14.85,43273.9,27.8560
05/09/24 19:40:00.0,34175.0,14.98,43054.8,27.6989
05/09/24 19:50:00.0,34232.3,15.04,43069.4,27.7094
05/09/24 20:00:00.0,34166.8,14.28,43748.5,28.1966
05/09/24 20:10:00.0,34031.2,14.03,43831.4,28.2562
05/09/24 20:20:00.0,34033.9,14.02,43847.2,28.2675
05/09/24 20:30:00.0,33920.6,13.87,43857.0,28.2746
05/09/24 20:40:00.0,33741.4,13.68,43822.7,28.2499
05/09/24 20:50:00.0,33728.1,13.52,43971.9,28.3572
05/09/24 21:00:00.0,33653.7,13.42,43980.6,28.3635
05/09/24 21:10:00.0,33667.0,13.46,43958.8,28.3477
05/09/24 21:20:00.0,33619.3,13.25,44116.1,28.4608
05/09/24 21:30:00.0,33587.5,13.19,44139.0,28.4773
05/09/24 21:40:00.0,33624.6,13.21,44168.8,28.4988
05/09/24 21:50:00.0,33569.0,13.07,44244.0,28.5529
05/09/24 22:00:00.0,33592.8,13.09,44256.5,28.5619
05/09/24 22:10:00.0,33606.0,13.11,44255.0,28.5608
05/09/24 22:20:00.0,33606.0,13.10,44267.6,28.5699
05/09/24 22:30:00.0,33595.5,13.10,44256.0,28.5615
05/09/24 22:40:00.0,33521.6,13.09,44171.8,28.5009
05/09/24 22:50:00.0,33603.4,13.09,44281.0,28.5795
05/09/24 23:00:00.0,33590.2,13.10,44255.4,28.5611
05/09/24 23:10:00.0,33640.4,13.21,44208.6,28.5274
05/09/24 23:20:00.0,33667.0,13.22,44235.0,28.5464
05/09/24 23:30:00.0,33619.3,13.15,44247.7,28.5556
05/09/24 23:40:00.0,33621.9,13.14,44263.7,28.5671
05/09/24 23:50:00.0,33611.3,13.15,44241.5,28.5511
05/10/24 00:00:00.0,33619.3,13.21,44191.6,28.5152
05/10/24 00:10:00.0,33632.5,13.29,44127.9,28.4694
05/10/24 00:20:00.0,33640.4,13.26,44171.5,28.5007
05/10/24 00:30:00.0,33643.1,13.56,43867.2,28.2819
05/10/24 00:40:00.0,33696.2,13.91,43580.4,28.0759
05/10/24 00:50:00.0,33632.5,13.95,43460.1,27.9896
05/10/24 01:00:00.0,33645.7,13.51,43928.3,28.3258
05/10/24 01:10:00.0,33545.3,13.88,43423.0,27.9629
05/10/24 01:20:00.0,33545.3,13.72,43587.5,28.0810
05/10/24 01:30:00.0,33516.3,13.64,43633.7,28.1142
05/10/24 01:40:00.0,33288.7,13.94,43038.8,27.6874
05/10/24 01:50:00.0,33203.0,13.90,42970.7,27.6387
05/10/24 02:00:00.0,33330.3,13.75,43287.8,27.8660
05/10/24 02:10:00.0,33141.0,13.88,42915.0,27.5988
05/10/24 02:20:00.0,33094.5,14.03,42707.8,27.4504
05/10/24 02:30:00.0,33071.4,13.98,42729.9,27.4663
05/10/24 02:40:00.0,33048.2,13.95,42732.0,27.4678
05/10/24 02:50:00.0,33058.5,13.94,42757.2,27.4858
05/10/24 03:00:00.0,32971.3,13.84,42746.7,27.4783
05/10/24 03:10:00.0,32945.8,13.84,42715.9,27.4562
05/10/24 03:20:00.0,32770.3,13.80,42531.4,27.3242
05/10/24 03:30:00.0,32861.6,13.76,42691.1,27.4385
05/10/24 03:40:00.0,32882.0,13.66,42819.5,27.5304
05/10/24 03:50:00.0,32841.3,13.59,42839.0,27.5444
05/10/24 04:00:00.0,32803.2,13.58,42801.7,27.5176
05/10/24 04:10:00.0,32815.9,13.60,42800.1,27.5166
05/10/24 04:20:00.0,32729.8,13.55,42740.6,27.4739
05/10/24 04:30:00.0,32679.4,13.59,42637.2,27.4000
05/10/24 04:40:00.0,32598.9,13.56,42564.8,27.3481
05/10/24 04:50:00.0,32551.3,13.52,42544.9,27.3339
05/10/24 05:00:00.0,32551.3,13.47,42596.9,27.3711
05/10/24 05:10:00.0,32631.5,13.48,42693.3,27.4401
05/10/24 05:20:00.0,32591.4,13.42,42703.3,27.4472
05/10/24 05:30:00.0,32573.8,13.37,42732.6,27.4682
05/10/24 05:40:00.0,32528.8,13.38,42665.9,27.4205
05/10/24 05:50:00.0,32371.9,13.51,42334.0,27.1831
05/10/24 06:00:00.0,32174.7,13.39,42198.4,27.0862
05/10/24 06:10:00.0,32086.5,13.38,42095.3,27.0126
05/10/24 06:20:00.0,31945.5,13.37,41923.3,26.8898
05/10/24 06:30:00.0,31719.0,13.25,41747.6,26.7645
05/10/24 06:40:00.0,31994.0,13.30,42059.8,26.9873
05/10/24 06:50:00.0,32409.2,13.27,42634.5,27.3980
05/10/24 07:00:00.0,32441.5,13.15,42799.6,27.5162
05/10/24 07:10:00.0,32498.8,13.17,42856.6,27.5569
05/10/24 07:20:00.0,32543.8,13.07,43019.0,27.6733
05/10/24 07:30:00.0,32598.9,12.91,43256.7,27.8437
05/10/24 07:40:00.0,32568.8,12.83,43301.0,27.8755
05/10/24 07:50:00.0,32699.5,12.81,43496.4,28.0156
05/10/24 08:00:00.0,32747.5,12.86,43510.4,28.0256
05/10/24 08:10:00.0,32800.7,12.87,43572.4,28.0702
05/10/24 08:20:00.0,32961.1,12.91,43744.8,28.1940
05/10/24 08:30:00.0,32963.7,12.78,43885.2,28.2949
05/10/24 08:40:00.0,33020.0,12.81,43930.5,28.3274
05/10/24 08:50:00.0,33056.0,12.86,43928.2,28.3258
05/10/24 09:00:00.0,33099.7,12.87,43977.6,28.3613
05/10/24 09:10:00.0,33104.8,12.90,43955.2,28.3452
05/10/24 09:20:00.0,33128.0,12.93,43956.7,28.3463
05/10/24 09:30:00.0,33159.0,12.97,43958.1,28.3473
05/10/24 09:40:00.0,33197.8,12.85,44136.5,28.4755
05/10/24 09:50:00.0,33203.0,12.87,44124.6,28.4670
05/10/24 10:00:00.0,33208.2,12.90,44102.2,28.4509
05/10/24 10:10:00.0,33239.3,12.94,44103.6,28.4519
05/10/24 10:20:00.0,33260.1,12.97,44101.9,28.4507
05/10/24 10:30:00.0,33247.1,12.97,44086.9,28.4399
05/10/24 10:40:00.0,33327.7,12.75,44425.9,28.6839
05/10/24 10:50:00.0,33278.3,12.70,44415.3,28.6762
05/10/24 11:00:00.0,33293.9,12.78,44353.9,28.6320
05/10/24 11:10:00.0,33338.1,12.85,44340.9,28.6227
05/10/24 11:20:00.0,33390.4,12.90,44359.7,28.6362
05/10/24 11:30:00.0,33419.2,12.94,44357.9,28.6348
05/10/24 11:40:00.0,33419.2,13.01,44286.7,28.5836
05/10/24 11:50:00.0,33524.2,13.10,44332.8,28.6168
05/10/24 12:00:00.0,33521.6,13.25,44175.2,28.5034
05/10/24 12:10:00.0,33558.5,13.30,44173.7,28.5023
05/10/24 12:20:00.0,33529.5,13.35,44086.0,28.4392
05/10/24 12:30:00.0,33643.1,13.55,44029.6,28.3986
05/10/24 12:40:00.0,33598.1,13.72,43798.6,28.2326
05/10/24 12:50:00.0,33637.8,13.87,43698.9,28.1610
05/10/24 13:00:00.0,33669.6,13.92,43691.2,28.1555
05/10/24 13:10:00.0,33635.1,14.03,43537.2,28.0449
05/10/24 13:20:00.0,33770.7,14.16,43582.0,28.0771
05/10/24 13:30:00.0,33725.4,14.20,43485.6,28.0079
05/10/24 13:40:00.0,33805.4,14.39,43398.9,27.9456
05/10/24 13:50:00.0,33757.4,14.47,43259.6,27.8457
05/10/24 14:00:00.0,33955.6,14.68,43304.1,27.8776
05/10/24 14:10:00.0,33768.0,14.76,42988.9,27.6518
05/10/24 14:20:00.0,33805.4,14.91,42890.3,27.5811
05/10/24 14:30:00.0,33909.9,15.04,42896.2,27.5854
05/10/24 14:40:00.0,33869.6,15.17,42720.3,27.4594
05/10/24 14:50:00.0,33899.2,15.29,42642.5,27.4037
05/10/24 15:00:00.0,33899.2,15.38,42557.1,27.3426
05/10/24 15:10:00.0,34004.2,15.52,42554.5,27.3408
05/10/24 15:20:00.0,33904.5,15.49,42461.3,27.2741
05/10/24 15:30:00.0,34009.6,15.49,42594.3,27.3693
05/10/24 15:40:00.0,33985.3,15.48,42575.8,27.3560
05/10/24 15:50:00.0,34055.5,15.45,42694.5,27.4409
05/10/24 16:00:00.0,33904.5,15.42,42537.2,27.3284
05/10/24 16:10:00.0,33923.3,15.45,42533.6,27.3258
05/10/24 16:20:00.0,33912.6,15.36,42609.6,27.3802
05/10/24 16:30:00.0,33947.5,15.26,42752.7,27.4826
05/10/24 16:40:00.0,34060.9,15.21,42945.8,27.6209
05/10/24 16:50:00.0,34199.5,15.08,43250.1,27.8390
05/10/24 17:00:00.0,34240.5,14.92,43462.8,27.9915
05/10/24 17:10:00.0,34333.6,14.91,43592.5,28.0846
05/10/24 17:20:00.0,34380.3,14.85,43713.7,28.1716
05/10/24 17:30:00.0,34372.1,14.80,43755.6,28.2018
05/10/24 17:40:00.0,34501.8,14.68,44043.4,28.4086
05/10/24 17:50:00.0,34278.7,14.39,44055.9,28.4176
05/10/24 18:00:00.0,34136.9,14.23,44039.6,28.4058
05/10/24 18:10:00.0,34147.8,14.24,44045.4,28.4100
05/10/24 18:20:00.0,34109.7,14.23,44008.9,28.3838
05/10/24 18:30:00.0,34074.5,14.19,44006.6,28.3821
05/10/24 18:40:00.0,34131.5,14.40,43868.1,28.2826
05/10/24 18:50:00.0,34169.5,14.63,43686.3,28.1520
05/10/24 19:00:00.0,34096.2,14.61,43615.3,28.1009
05/10/24 19:10:00.0,34009.6,14.37,43748.9,28.1969
05/10/24 19:20:00.0,34006.9,14.20,43920.1,28.3200
05/10/24 19:30:00.0,33904.5,14.03,43963.9,28.3514
05/10/24 19:40:00.0,33936.8,14.15,43885.2,28.2948
05/10/24 19:50:00.0,33915.3,14.20,43808.8,28.2399
05/10/24 20:00:00.0,33915.3,14.27,43739.8,28.1904
05/10/24 20:10:00.0,33939.5,14.25,43793.3,28.2288
05/10/24 20:20:00.0,33926.0,14.00,44032.9,28.4010
05/10/24 20:30:00.0,33891.1,13.83,44164.4,28.4956
05/10/24 20:40:00.0,33776.0,13.56,44296.0,28.5903
05/10/24 20:50:00.0,33794.7,13.60,44281.0,28.5795
05/10/24 21:00:00.0,33816.1,13.47,44446.1,28.6984
05/10/24 21:10:00.0,33730.7,13.37,44440.8,28.6946
05/10/24 21:20:00.0,33698.8,13.33,44442.9,28.6961
05/10/24 21:30:00.0,33717.4,13.33,44469.4,28.7152
05/10/24 21:40:00.0,33693.5,13.31,44461.1,28.7092
05/10/24 21:50:00.0,33690.8,13.30,44470.2,28.7157
05/10/24 22:00:00.0,33661.6,13.30,44434.0,28.6897
05/10/24 22:10:00.0,33682.9,13.38,44380.6,28.6512
05/10/24 22:20:00.0,33677.6,13.41,44344.5,28.6252
05/10/24 22:30:00.0,33738.7,13.39,44447.5,28.6994
05/10/24 22:40:00.0,33542.7,12.99,44611.2,28.8173
05/10/24 22:50:00.0,33534.8,12.89,44708.4,28.8874
05/10/24 23:00:00.0,33547.9,12.90,44717.3,28.8938
05/10/24 23:10:00.0,33458.5,12.53,44994.2,29.0935
05/10/24 23:20:00.0,33413.9,12.50,44968.8,29.0752
05/10/24 23:30:00.0,33275.7,12.53,44754.3,28.9204
05/10/24 23:40:00.0,33445.4,12.57,44940.4,29.0546
05/10/24 23:50:00.0,33424.4,12.64,44839.9,28.9821
05/11/24 00:00:00.0,33440.1,12.64,44862.9,28.9988
05/11/24 00:10:00.0,33304.3,12.65,44673.5,28.8622
05/11/24 00:20:00.0,33482.1,12.78,44774.3,28.9348
05/11/24 00:30:00.0,33377.3,12.71,44711.3,28.8894
05/11/24 00:40:00.0,33448.0,12.64,44882.0,29.0126
05/11/24 00:50:00.0,33466.4,12.64,44908.7,29.0318
05/11/24 01:00:00.0,33346.0,12.65,44739.7,28.9099
05/11/24 01:10:00.0,33437.5,12.65,44863.8,28.9994
05/11/24 01:20:00.0,33288.7,12.81,44498.4,28.7361
05/11/24 01:30:00.0,33463.7,12.78,44764.8,28.9280
05/11/24 01:40:00.0,33332.9,13.35,43997.3,28.3755
05/11/24 01:50:00.0,33393.0,13.07,44369.8,28.6434
05/11/24 02:00:00.0,33387.8,12.79,44659.7,28.8523
05/11/24 02:10:00.0,33213.4,13.33,43867.5,28.2821
05/11/24 02:20:00.0,33325.1,12.99,44370.2,28.6437
05/11/24 02:30:00.0,33223.7,13.07,44154.7,28.4886
05/11/24 02:40:00.0,33283.5,13.02,44288.0,28.5846
05/11/24 02:50:00.0,33241.9,13.02,44235.1,28.5465
05/11/24 03:00:00.0,33195.2,13.05,44144.2,28.4811
05/11/24 03:10:00.0,33014.9,13.17,43784.0,28.2221
05/11/24 03:20:00.0,32922.8,13.23,43603.0,28.0921
05/11/24 03:30:00.0,32902.4,13.23,43578.2,28.0743
05/11/24 03:40:00.0,32933.0,13.18,43672.0,28.1417
05/11/24 03:50:00.0,32798.1,13.17,43506.5,28.0229
05/11/24 04:00:00.0,32694.5,13.15,43392.5,27.9410
05/11/24 04:10:00.0,32904.9,13.07,43754.6,28.2010
05/11/24 04:20:00.0,32961.1,12.99,43913.8,28.3154
05/11/24 04:30:00.0,32777.9,13.05,43611.5,28.0982
05/11/24 04:40:00.0,33017.4,12.98,44002.9,28.3795
05/11/24 04:50:00.0,32933.0,12.94,43934.8,28.3305
05/11/24 05:00:00.0,32727.3,13.05,43550.8,28.0547
05/11/24 05:10:00.0,32466.4,13.02,43238.5,27.8306
05/11/24 05:20:00.0,32164.8,12.97,42892.0,27.5823
05/11/24 05:30:00.0,32704.6,12.91,43671.3,28.1412
05/11/24 05:40:00.0,32808.3,12.93,43790.3,28.2267
05/11/24 05:50:00.0,32702.0,12.90,43682.4,28.1491
05/11/24 06:00:00.0,32714.7,12.85,43753.1,28.1999
05/11/24 06:10:00.0,32656.7,12.81,43719.5,28.1758
05/11/24 06:20:00.0,32702.0,12.78,43813.0,28.2430
05/11/24 06:30:00.0,32196.8,12.75,43173.2,27.7838
05/11/24 06:40:00.0,32037.8,12.78,42932.9,27.6116
05/11/24 06:50:00.0,31759.8,12.64,42706.5,27.4495
05/11/24 07:00:00.0,31745.4,12.65,42679.1,27.4300
05/11/24 07:10:00.0,31714.2,12.67,42619.2,27.3871
05/11/24 07:20:00.0,31750.2,12.70,42638.9,27.4012
05/11/24 07:30:00.0,32018.3,12.73,42968.1,27.6368
05/11/24 07:40:00.0,32384.3,12.78,43406.6,27.9512
05/11/24 07:50:00.0,32374.4,12.75,43426.4,27.9654
05/11/24 08:00:00.0,32419.1,12.70,43539.7,28.0467
05/11/24 08:10:00.0,32558.8,12.66,43769.8,28.2119
05/11/24 08:20:00.0,32541.3,12.64,43769.3,28.2116
05/11/24 08:30:00.0,32616.5,12.69,43819.8,28.2478
05/11/24 08:40:00.0,32634.1,12.70,43835.0,28.2587
05/11/24 08:50:00.0,32666.8,12.75,43828.7,28.2542
05/11/24 09:00:00.0,32694.5,12.75,43867.7,28.2823
05/11/24 09:10:00.0,32808.3,12.78,43990.2,28.3703
05/11/24 09:20:00.0,32917.7,12.78,44138.0,28.4766
05/11/24 09:30:00.0,32912.6,12.75,44164.7,28.4959
05/11/24 09:40:00.0,33017.4,12.60,44464.6,28.7117
05/11/24 09:50:00.0,33048.2,12.54,44571.5,28.7887
05/11/24 10:00:00.0,33138.4,12.62,44609.6,28.8161
05/11/24 10:10:00.0,33143.5,12.65,44586.7,28.7997
05/11/24 10:20:00.0,33115.2,12.60,44604.0,28.8121
05/11/24 10:30:00.0,33061.1,12.58,44554.9,28.7767
05/11/24 10:40:00.0,33252.3,12.62,44770.4,28.9321
05/11/24 10:50:00.0,33273.1,12.57,44853.6,28.9921
05/11/24 11:00:00.0,33293.9,12.52,44937.0,29.0522
05/11/24 11:10:00.0,33288.7,12.53,44921.5,29.0410
05/11/24 11:20:00.0,33314.7,12.56,44926.5,29.0446
05/11/24 11:30:00.0,33348.6,12.61,44920.6,29.0404
05/11/24 11:40:00.0,33393.0,12.67,44918.1,29.0386
05/11/24 11:50:00.0,33400.8,12.67,44930.7,29.0476
05/11/24 12:00:00.0,33490.0,12.70,45020.0,29.1121
05/11/24 12:10:00.0,33482.1,12.73,44979.6,29.0829
05/11/24 12:20:00.0,33566.4,12.83,44987.5,29.0886
05/11/24 12:30:00.0,33540.0,12.93,44848.3,28.9882
05/11/24 12:40:00.0,33621.9,13.15,44726.4,28.9003
05/11/24 12:50:00.0,33659.0,13.26,44661.8,28.8538
05/11/24 13:00:00.0,33669.6,13.41,44520.7,28.7521
05/11/24 13:10:00.0,33784.0,13.51,44568.6,28.7866
05/11/24 13:20:00.0,33768.0,13.62,44435.1,28.6905
05/11/24 13:30:00.0,33816.1,13.68,44437.8,28.6924
05/11/24 13:40:00.0,33762.7,13.78,44266.6,28.5692
05/11/24 13:50:00.0,33958.3,13.72,44586.1,28.7992
05/11/24 14:00:00.0,34004.2,13.60,44773.5,28.9343
05/11/24 14:10:00.0,33998.8,13.78,44580.7,28.7953
05/11/24 14:20:00.0,33829.5,14.02,44114.8,28.4599
05/11/24 14:30:00.0,33848.2,14.18,43977.4,28.3612
05/11/24 14:40:00.0,33725.4,14.18,43820.9,28.2486
05/11/24 14:50:00.0,33893.8,14.32,43897.9,28.3040
05/11/24 15:00:00.0,33926.0,14.44,43819.7,28.2478
05/11/24 15:10:00.0,33856.2,14.49,43681.6,28.1486
05/11/24 15:20:00.0,34117.9,14.52,43989.1,28.3695
05/11/24 15:30:00.0,34060.9,14.61,43827.0,28.2530
05/11/24 15:40:00.0,34063.6,14.67,43772.0,28.2135
05/11/24 15:50:00.0,34052.8,14.72,43710.0,28.1689
05/11/24 16:00:00.0,34109.7,14.81,43694.2,28.1576
05/11/24 16:10:00.0,34093.5,14.83,43655.6,28.1299
05/11/24 16:20:00.0,34077.2,14.89,43576.8,28.0733
05/11/24 16:30:00.0,34131.5,14.95,43587.9,28.0813
05/11/24 16:40:00.0,34107.0,14.92,43588.8,28.0820
05/11/24 16:50:00.0,34055.5,14.96,43485.5,28.0078
05/11/24 17:00:00.0,34117.9,15.00,43526.9,28.0375
05/11/24 17:10:00.0,34123.3,14.96,43575.8,28.0726
05/11/24 17:20:00.0,34134.2,14.96,43591.7,28.0840
05/11/24 17:30:00.0,34147.8,14.97,43601.1,28.0908
05/11/24 17:40:00.0,34058.2,14.96,43499.3,28.0177
05/11/24 17:50:00.0,34088.0,14.95,43549.2,28.0535
05/11/24 18:00:00.0,34161.4,14.89,43704.7,28.1652
05/11/24 18:10:00.0,34691.0,14.88,44391.0,28.6587
05/11/24 18:20:00.0,34579.5,14.72,44414.1,28.6753
05/11/24 18:30:00.0,34435.4,14.57,44385.2,28.6545
05/11/24 18:40:00.0,34391.3,14.49,44412.6,28.6743
05/11/24 18:50:00.0,34363.8,14.43,44440.9,28.6947
05/11/24 19:00:00.0,34358.3,14.40,44466.8,28.7133
05/11/24 19:10:00.0,34369.3,14.39,44493.4,28.7324
05/11/24 19:20:00.0,34311.6,14.33,44482.9,28.7249
05/11/24 19:30:00.0,34278.7,14.28,44494.0,28.7329
05/11/24 19:40:00.0,34259.6,14.23,44523.0,28.7538
05/11/24 19:50:00.0,34235.0,14.18,44544.9,28.7696
05/11/24 20:00:00.0,34126.0,14.16,44426.6,28.6844
05/11/24 20:10:00.0,34205.0,14.12,44572.4,28.7893
05/11/24 20:20:00.0,34205.0,14.00,44698.9,28.8805
05/11/24 20:30:00.0,34169.5,13.94,44717.3,28.8938
05/11/24 20:40:00.0,34139.6,13.96,44659.7,28.8523
05/11/24 20:50:00.0,34107.0,13.91,44671.4,28.8607
05/11/24 21:00:00.0,34117.9,13.90,44698.1,28.8800
05/11/24 21:10:00.0,34088.0,13.95,44609.4,28.8160
05/11/24 21:20:00.0,34112.4,13.98,44612.1,28.8179
05/11/24 21:30:00.0,34047.4,13.98,44529.7,28.7586
05/11/24 21:40:00.0,34077.2,13.96,44591.3,28.8030
05/11/24 21:50:00.0,34058.2,13.88,44651.8,28.8465
05/11/24 22:00:00.0,34036.6,13.76,44750.8,28.9179
05/11/24 22:10:00.0,34004.2,13.63,44846.6,28.9870
05/11/24 22:20:00.0,33990.7,13.60,44862.5,28.9984
05/11/24 22:30:00.0,34001.5,13.58,44899.8,29.0253
05/11/24 22:40:00.0,33971.8,13.54,44904.9,29.0291
05/11/24 22:50:00.0,33864.3,13.34,44976.3,29.0806
05/11/24 23:00:00.0,33709.4,13.23,44889.9,29.0182
05/11/24 23:10:00.0,33834.8,13.22,45068.6,29.1472
05/11/24 23:20:00.0,33760.0,13.15,45045.9,29.1308
05/11/24 23:30:00.0,33754.7,13.01,45190.0,29.2348
05/11/24 23:40:00.0,33682.9,12.93,45181.9,29.2290
05/11/24 23:50:00.0,33521.6,12.89,45011.6,29.1060
05/12/24 00:00:00.0,33725.4,12.91,45264.3,29.2884
05/12/24 00:10:00.0,33590.2,12.90,45096.8,29.1675
05/12/24 00:20:00.0,33696.2,12.83,45315.3,29.3253
05/12/24 00:30:00.0,33680.2,12.78,45349.7,29.3502
05/12/24 00:40:00.0,33672.3,12.79,45330.6,29.3363
05/12/24 00:50:00.0,33643.1,12.81,45272.2,29.2942
05/12/24 01:00:00.0,33659.0,12.93,45167.2,29.2183
05/12/24 01:10:00.0,33645.7,12.90,45183.7,29.2302
05/12/24 01:20:00.0,33701.5,12.86,45303.1,29.3165
05/12/24 01:30:00.0,33706.8,12.86,45312.3,29.3232
05/12/24 01:40:00.0,33688.2,12.99,45150.7,29.2064
05/12/24 01:50:00.0,33667.0,12.95,45167.3,29.2184
05/12/24 02:00:00.0,33667.0,12.97,45148.1,29.2045
05/12/24 02:10:00.0,33511.1,13.34,44552.4,28.7749
05/12/24 02:20:00.0,33653.7,12.90,45209.4,29.2488
05/12/24 02:30:00.0,33532.1,12.91,45038.5,29.1255
05/12/24 02:40:00.0,33455.9,13.09,44748.3,28.9161
05/12/24 02:50:00.0,33413.9,12.86,44938.2,29.0530
05/12/24 03:00:00.0,33273.1,13.09,44509.6,28.7441
05/12/24 03:10:00.0,33239.3,13.19,44362.1,28.6379
05/12/24 03:20:00.0,33079.1,13.03,44318.6,28.6066
05/12/24 03:30:00.0,33164.2,13.07,44392.1,28.6595
05/12/24 03:40:00.0,33348.6,13.03,44681.6,28.8681
05/12/24 03:50:00.0,33081.7,13.09,44265.6,28.5685
05/12/24 04:00:00.0,33223.7,13.06,44488.1,28.7286
05/12/24 04:10:00.0,33110.0,13.03,44370.3,28.6438
05/12/24 04:20:00.0,33056.0,13.06,44269.1,28.5709
05/12/24 04:30:00.0,33107.4,13.06,44339.6,28.6217
05/12/24 04:40:00.0,33299.1,13.02,44639.0,28.8373
05/12/24 04:50:00.0,33330.3,13.02,44682.7,28.8688
05/12/24 05:00:00.0,33161.6,13.03,44449.5,28.7008
05/12/24 05:10:00.0,33424.4,13.03,44801.7,28.9546
05/12/24 05:20:00.0,33482.1,12.98,44933.7,29.0498
05/12/24 05:30:00.0,33508.4,12.99,44960.3,29.0690
05/12/24 05:40:00.0,33540.0,12.99,45004.5,29.1009
05/12/24 05:50:00.0,33497.9,12.99,44950.5,29.0620
05/12/24 06:00:00.0,33372.1,13.05,44721.5,28.8968
05/12/24 06:10:00.0,33382.5,13.05,44737.5,28.9083
05/12/24 06:20:00.0,33427.0,13.02,44830.6,28.9755
05/12/24 06:30:00.0,33340.8,12.99,44749.5,28.9170
05/12/24 06:40:00.0,33218.5,12.97,44609.6,28.8162
05/12/24 06:50:00.0,32996.9,12.95,44337.0,28.6198
05/12/24 07:00:00.0,32864.2,12.97,44141.0,28.4788
05/12/24 07:10:00.0,32608.9,12.94,43833.4,28.2576
05/12/24 07:20:00.0,33429.6,13.17,44688.5,28.8730
05/12/24 07:30:00.0,33416.6,13.10,44747.1,28.9152
05/12/24 07:40:00.0,33369.5,13.13,44654.9,28.8488
05/12/24 07:50:00.0,33661.6,13.27,44897.3,29.0235
05/12/24 08:00:00.0,33442.8,13.15,44735.5,28.9069
05/12/24 08:10:00.0,33474.2,13.26,44663.6,28.8551
05/12/24 08:20:00.0,33643.1,13.34,44805.3,28.9572
05/12/24 08:30:00.0,33590.2,13.35,44726.9,28.9007
05/12/24 08:40:00.0,33577.0,13.41,44648.6,28.8443
05/12/24 08:50:00.0,33332.9,13.27,44474.2,28.7186
05/12/24 09:00:00.0,33746.7,13.51,44772.0,28.9332
05/12/24 09:10:00.0,33875.0,13.59,44859.3,28.9961
05/12/24 09:20:00.0,33880.4,13.62,44837.0,28.9801
05/12/24 09:30:00.0,33888.4,13.66,44807.7,28.9590
05/12/24 09:40:00.0,33982.6,13.75,44839.3,28.9817
05/12/24 09:50:00.0,34082.6,13.84,44878.3,29.0099
05/12/24 10:00:00.0,34066.3,13.82,44880.0,29.0111
05/12/24 10:10:00.0,34060.9,13.80,44896.0,29.0226
05/12/24 10:20:00.0,33942.2,13.72,44826.2,28.9723
05/12/24 10:30:00.0,33813.4,13.62,44763.7,28.9272
05/12/24 10:40:00.0,33891.1,13.62,44868.1,29.0025
05/12/24 10:50:00.0,33858.9,13.50,44954.0,29.0644
05/12/24 11:00:00.0,33834.8,13.46,44966.4,29.0734
05/12/24 11:10:00.0,33896.5,13.51,44997.3,29.0957
05/12/24 11:20:00.0,33971.8,13.58,45024.9,29.1156
05/12/24 11:30:00.0,34004.2,13.55,45101.4,29.1708
05/12/24 11:40:00.0,33934.1,13.58,44979.5,29.0829
05/12/24 11:50:00.0,34023.1,13.59,45088.4,29.1614
05/12/24 12:00:00.0,34155.9,13.62,45233.7,29.2663
05/12/24 12:10:00.0,34117.9,13.66,45143.6,29.2013
05/12/24 12:20:00.0,34224.1,13.71,45232.5,29.2655
05/12/24 12:30:00.0,34240.5,13.74,45224.5,29.2597
05/12/24 12:40:00.0,34278.7,13.82,45192.4,29.2365
05/12/24 12:50:00.0,34322.6,13.83,45241.5,29.2720
05/12/24 13:00:00.0,34224.1,13.86,45083.1,29.1576
05/12/24 13:10:00.0,34308.9,13.88,45175.2,29.2241
05/12/24 13:20:00.0,34427.2,13.95,45258.4,29.2842
05/12/24 13:30:00.0,34325.3,13.94,45137.8,29.1971
05/12/24 13:40:00.0,34396.8,13.99,45180.9,29.2282
05/12/24 13:50:00.0,34471.4,14.08,45185.9,29.2318
05/12/24 14:00:00.0,34546.1,14.15,45211.9,29.2506
05/12/24 14:10:00.0,34490.7,14.27,45016.5,29.1096
05/12/24 14:20:00.0,34571.1,14.32,45070.8,29.1488
05/12/24 14:30:00.0,34610.1,14.36,45081.8,29.1567
05/12/24 14:40:00.0,34685.4,14.51,45025.2,29.1159
05/12/24 14:50:00.0,34624.0,14.48,44979.2,29.0827
05/12/24 15:00:00.0,34738.6,14.56,45046.2,29.1310
05/12/24 15:10:00.0,34791.9,14.71,44961.5,29.0699
05/12/24 15:20:00.0,34851.0,14.77,44977.6,29.0815
05/12/24 15:30:00.0,34789.1,15.21,44450.0,28.7012
05/12/24 15:40:00.0,34806.0,15.24,44443.1,28.6962
05/12/24 15:50:00.0,34879.2,15.52,44255.2,28.5609
05/12/24 16:00:00.0,34777.9,15.53,44119.3,28.4632
05/12/24 16:10:00.0,34935.8,15.54,44310.7,28.6009
05/12/24 16:20:00.0,34800.4,15.65,44031.8,28.4002
05/12/24 16:30:00.0,34817.2,15.76,43945.3,28.3381
05/12/24 16:40:00.0,34868.0,15.83,43941.5,28.3353
05/12/24 16:50:00.0,34870.8,15.93,43847.9,28.2680
05/12/24 17:00:00.0,34806.0,15.97,43729.3,28.1829
05/12/24 17:10:00.0,34873.6,15.99,43796.2,28.2309
05/12/24 17:20:00.0,34839.8,15.98,43765.9,28.2091
05/12/24 17:30:00.0,34851.0,15.99,43772.1,28.2136
05/12/24 17:40:00.0,34839.8,15.95,43799.7,28.2334
05/12/24 17:50:00.0,35018.0,16.05,43925.5,28.3238
05/12/24 18:00:00.0,35057.9,16.01,44017.1,28.3897
05/12/24 18:10:00.0,34930.1,15.93,43938.7,28.3333
05/12/24 18:20:00.0,34938.6,15.93,43951.4,28.3425
05/12/24 18:30:00.0,34907.5,15.93,43914.6,28.3160
05/12/24 18:40:00.0,34786.3,15.87,43824.3,28.2511
05/12/24 18:50:00.0,34876.4,15.87,43939.3,28.3337
05/12/24 19:00:00.0,34839.8,15.82,43945.2,28.3380
05/12/24 19:10:00.0,34845.4,15.76,44014.0,28.3874
05/12/24 19:20:00.0,34766.6,15.70,43976.8,28.3607
05/12/24 19:30:00.0,35100.7,15.81,44289.0,28.5853
05/12/24 19:40:00.0,35075.0,15.61,44459.8,28.7083
05/12/24 19:50:00.0,34789.1,15.20,44514.8,28.7479
05/12/24 20:00:00.0,34738.6,15.20,44452.6,28.7031
05/12/24 20:10:00.0,34789.1,15.22,44498.7,28.7362
05/12/24 20:20:00.0,34803.2,15.18,44559.4,28.7800
05/12/24 20:30:00.0,34825.7,15.22,44549.5,28.7728
05/12/24 20:40:00.0,34727.4,15.13,44517.9,28.7501
05/12/24 20:50:00.0,34735.8,15.10,44561.2,28.7813
05/12/24 21:00:00.0,34755.4,15.13,44557.8,28.7788
05/12/24 21:10:00.0,34716.2,15.10,44540.4,28.7663
05/12/24 21:20:00.0,34702.2,15.09,44534.9,28.7623
05/12/24 21:30:00.0,34688.2,15.02,44590.5,28.8024
05/12/24 21:40:00.0,34649.1,15.01,44552.7,28.7752
05/12/24 21:50:00.0,34604.5,14.97,44538.6,28.7650
05/12/24 22:00:00.0,34660.3,14.97,44612.1,28.8180
05/12/24 22:10:00.0,34624.0,14.95,44588.2,28.8007
05/12/24 22:20:00.0,34735.8,15.01,44672.1,28.8612
05/12/24 22:30:00.0,34831.3,15.01,44796.4,28.9508
05/12/24 22:40:00.0,34873.6,14.87,44996.8,29.0953
05/12/24 22:50:00.0,34679.8,14.76,44863.3,28.9991
05/12/24 23:00:00.0,34716.2,14.60,45077.9,29.1539
05/12/24 23:10:00.0,34682.6,14.45,45192.8,29.2368
05/12/24 23:20:00.0,34621.2,14.31,45261.5,29.2865
05/12/24 23:30:00.0,34596.2,14.25,45294.0,29.3099
05/12/24 23:40:00.0,34510.1,14.18,45257.4,29.2835
05/12/24 23:50:00.0,34565.6,14.15,45363.5,29.3601
05/13/24 00:00:00.0,34501.8,14.03,45408.7,29.3928
05/13/24 00:10:00.0,34194.1,13.70,45355.6,29.3544
05/13/24 00:20:00.0,34224.1,13.56,45546.1,29.4921
05/13/24 00:30:00.0,34297.9,13.50,45710.1,29.6107
05/13/24 00:40:00.0,34139.6,13.41,45598.6,29.5301
05/13/24 00:50:00.0,34180.4,13.38,45687.1,29.5940
05/13/24 01:00:00.0,34237.7,13.33,45819.1,29.6896
05/13/24 01:10:00.0,34115.2,13.31,45679.8,29.5888
05/13/24 01:20:00.0,34207.7,13.31,45805.0,29.6794
05/13/24 01:30:00.0,34224.1,13.31,45829.0,29.6967
05/13/24 01:40:00.0,34047.4,13.31,45596.0,29.5282
05/13/24 01:50:00.0,34183.2,13.33,45757.4,29.6449
05/13/24 02:00:00.0,34139.6,13.33,45701.6,29.6045
05/13/24 02:10:00.0,34210.4,13.46,45658.4,29.5733
05/13/24 02:20:00.0,34194.1,13.56,45532.2,29.4820
05/13/24 02:30:00.0,34096.2,13.47,45500.6,29.4592
05/13/24 02:40:00.0,34139.6,13.37,45667.3,29.5797
05/13/24 02:50:00.0,34117.9,13.37,45640.6,29.5604
05/13/24 03:00:00.0,34243.2,13.37,45809.3,29.6825
05/13/24 03:10:00.0,34218.6,13.37,45778.8,29.6604
05/13/24 03:20:00.0,34112.4,13.37,45639.7,29.5598
05/13/24 03:30:00.0,34259.6,13.38,45826.8,29.6952
05/13/24 03:40:00.0,34232.3,13.39,45782.0,29.6627
05/13/24 03:50:00.0,34213.1,13.48,45662.1,29.5760
05/13/24 04:00:00.0,34120.6,13.43,45595.0,29.5274
05/13/24 04:10:00.0,34205.0,13.42,45719.9,29.6178
05/13/24 04:20:00.0,34047.4,13.64,45278.8,29.2990
05/13/24 04:30:00.0,34063.6,13.64,45302.4,29.3160
05/13/24 04:40:00.0,33939.5,13.70,45077.2,29.1534
05/13/24 04:50:00.0,34166.8,13.47,45624.3,29.5486
05/13/24 05:00:00.0,34215.9,13.43,45734.5,29.6283
05/13/24 05:10:00.0,34088.0,13.63,45353.8,29.3531
05/13/24 05:20:00.0,34033.9,13.62,45295.0,29.3106
05/13/24 05:30:00.0,34082.6,13.70,45276.8,29.2975
05/13/24 05:40:00.0,34096.2,13.68,45318.0,29.3273
05/13/24 05:50:00.0,34058.2,13.72,45227.7,29.2620
05/13/24 06:00:00.0,34071.8,13.76,45205.5,29.2460
05/13/24 06:10:00.0,34079.9,13.76,45218.4,29.2553
05/13/24 06:20:00.0,34031.2,13.75,45166.8,29.2180
05/13/24 06:30:00.0,33971.8,13.90,44933.1,29.0494
05/13/24 06:40:00.0,34050.1,13.87,45069.7,29.1479
05/13/24 06:50:00.0,33939.5,13.98,44811.3,28.9616
05/13/24 07:00:00.0,33901.8,14.04,44701.5,28.8824
05/13/24 07:10:00.0,33781.4,14.08,44504.4,28.7403
05/13/24 07:20:00.0,33867.0,14.06,44639.3,28.8376
05/13/24 07:30:00.0,33942.2,14.07,44729.6,28.9026
05/13/24 07:40:00.0,33821.4,14.10,44542.4,28.7677
05/13/24 07:50:00.0,33826.8,14.14,44510.2,28.7445
05/13/24 08:00:00.0,33858.9,14.25,44440.8,28.6945
05/13/24 08:10:00.0,34104.3,14.10,44919.2,29.0393
05/13/24 08:20:00.0,33931.4,14.14,44653.3,28.8477
05/13/24 08:30:00.0,34383.1,14.16,45225.5,29.2605
05/13/24 08:40:00.0,34557.3,14.31,45297.8,29.3127
05/13/24 08:50:00.0,34649.1,14.31,45419.6,29.4007
05/13/24 09:00:00.0,34629.6,14.29,45417.4,29.3990
05/13/24 09:10:00.0,34546.1,14.39,45205.9,29.2463
05/13/24 09:20:00.0,34632.4,14.43,45278.5,29.2987
05/13/24 09:30:00.0,34800.4,14.59,45331.5,29.3370
05/13/24 09:40:00.0,34952.8,14.72,45395.0,29.3829
05/13/24 09:50:00.0,34955.6,14.80,45317.4,29.3268
05/13/24 10:00:00.0,34975.5,14.79,45355.6,29.3544
05/13/24 10:10:00.0,34969.8,14.81,45329.6,29.3356
05/13/24 10:20:00.0,34935.8,14.76,45339.9,29.3431
05/13/24 10:30:00.0,34879.2,14.75,45279.4,29.2993
05/13/24 10:40:00.0,35097.8,14.95,45355.2,29.3541
05/13/24 10:50:00.0,35258.3,15.06,45449.0,29.4219
05/13/24 11:00:00.0,35155.0,15.00,45381.0,29.3727
05/13/24 11:10:00.0,35120.6,14.95,45390.9,29.3799
05/13/24 11:20:00.0,35209.4,15.05,45403.1,29.3887
05/13/24 11:30:00.0,35243.9,15.09,45408.0,29.3922
05/13/24 11:40:00.0,35295.7,15.16,45403.8,29.3892
05/13/24 11:50:00.0,35094.9,14.95,45366.4,29.3622
05/13/24 12:00:00.0,35137.8,14.97,45402.9,29.3885
05/13/24 12:10:00.0,35083.5,14.96,45345.6,29.3472
05/13/24 12:20:00.0,35086.4,15.01,45299.5,29.3139
05/13/24 12:30:00.0,34947.1,15.09,45040.2,29.1267
05/13/24 12:40:00.0,35018.0,15.13,45092.0,29.1640
05/13/24 12:50:00.0,35057.9,15.10,45176.2,29.2248
05/13/24 13:00:00.0,35117.8,15.22,45131.2,29.1924
05/13/24 13:10:00.0,35126.4,15.16,45206.2,29.2465
05/13/24 13:20:00.0,35203.7,15.24,45224.7,29.2599
05/13/24 13:30:00.0,35339.0,15.37,45265.5,29.2893
05/13/24 13:40:00.0,35241.0,15.37,45142.7,29.2006
05/13/24 13:50:00.0,35241.0,15.37,45144.8,29.2022
05/13/24 14:00:00.0,35411.4,15.45,45281.6,29.3010
05/13/24 14:10:00.0,35344.8,15.45,45199.0,29.2413
05/13/24 14:20:00.0,35307.3,15.33,45276.9,29.2976
05/13/24 14:30:00.0,35339.0,15.42,45226.7,29.2613
05/13/24 14:40:00.0,35373.7,15.52,45170.2,29.2205
05/13/24 14:50:00.0,35518.9,15.76,45110.7,29.1776
05/13/24 15:00:00.0,35650.5,16.01,45024.2,29.1151
05/13/24 15:10:00.0,35700.5,15.86,45242.1,29.2724
05/13/24 15:20:00.0,35721.1,15.89,45239.6,29.2706
05/13/24 15:30:00.0,35765.3,15.99,45195.3,29.2386
05/13/24 15:40:00.0,35827.3,16.02,45244.8,29.2744
05/13/24 15:50:00.0,35946.1,16.25,45161.9,29.2145
05/13/24 16:00:00.0,36137.5,16.63,45018.6,29.1111
05/13/24 16:10:00.0,36143.5,17.06,44599.0,28.8085
05/13/24 16:20:00.0,36026.6,17.15,44368.7,28.6427
05/13/24 16:30:00.0,36014.7,17.11,44395.6,28.6620
05/13/24 16:40:00.0,36059.5,17.36,44207.3,28.5264
05/13/24 16:50:00.0,36149.5,17.65,44036.7,28.4037
05/13/24 17:00:00.0,36209.8,17.71,44053.7,28.4160
05/13/24 17:10:00.0,36252.0,17.76,44058.5,28.4194
05/13/24 17:20:00.0,36279.2,17.80,44054.8,28.4168
05/13/24 17:30:00.0,36297.4,17.81,44069.2,28.4271
05/13/24 17:40:00.0,36279.2,17.92,43943.1,28.3364
05/13/24 17:50:00.0,36224.8,18.04,43764.3,28.2080
05/13/24 18:00:00.0,36246.0,18.01,43820.6,28.2484
05/13/24 18:10:00.0,36227.9,17.79,44012.7,28.3865
05/13/24 18:20:00.0,36279.2,17.76,44105.9,28.4536
05/13/24 18:30:00.0,36243.0,17.75,44073.8,28.4305
05/13/24 18:40:00.0,36221.8,17.72,44079.3,28.4344
05/13/24 18:50:00.0,36167.6,17.69,44044.7,28.4095
05/13/24 19:00:00.0,36146.5,17.71,44001.8,28.3786
05/13/24 19:10:00.0,36122.5,17.65,44032.8,28.4010
05/13/24 19:20:00.0,36134.5,17.60,44098.0,28.4478
05/13/24 19:30:00.0,36074.5,17.56,44065.9,28.4248
05/13/24 19:40:00.0,36074.5,17.55,44077.7,28.4332
05/13/24 19:50:00.0,36074.5,17.48,44147.9,28.4837
05/13/24 20:00:00.0,36041.6,17.33,44256.2,28.5617
05/13/24 20:10:00.0,35952.0,17.16,44315.2,28.6041
05/13/24 20:20:00.0,36011.7,17.16,44390.6,28.6584
05/13/24 20:30:00.0,35821.4,17.08,44237.4,28.5482
05/13/24 20:40:00.0,35827.3,16.82,44503.4,28.7396
05/13/24 20:50:00.0,35815.5,16.83,44481.0,28.7235
05/13/24 21:00:00.0,35910.4,16.92,44511.1,28.7452
05/13/24 21:10:00.0,35854.0,16.83,44532.8,28.7608
05/13/24 21:20:00.0,35674.0,16.94,44203.8,28.5239
05/13/24 21:30:00.0,35647.6,17.02,44094.8,28.4455
05/13/24 21:40:00.0,35747.6,17.12,44122.0,28.4651
05/13/24 21:50:00.0,35545.2,16.74,44247.8,28.5556
05/13/24 22:00:00.0,35562.7,16.70,44311.1,28.6012
05/13/24 22:10:00.0,35644.6,16.71,44404.9,28.6687
05/13/24 22:20:00.0,35449.1,16.74,44134.8,28.4743
05/13/24 22:30:00.0,35644.6,16.80,44320.0,28.6076
05/13/24 22:40:00.0,35679.9,16.84,44326.2,28.6121
05/13/24 22:50:00.0,35665.2,16.83,44320.0,28.6076
05/13/24 23:00:00.0,35359.2,16.43,44338.0,28.6205
05/13/24 23:10:00.0,35278.4,16.26,44408.3,28.6712
05/13/24 23:20:00.0,35295.7,16.27,44422.1,28.6811
05/13/24 23:30:00.0,35350.6,16.23,44533.0,28.7609
05/13/24 23:40:00.0,35423.0,16.11,44746.5,28.9148
05/13/24 23:50:00.0,35486.9,16.03,44909.9,29.0326
05/14/24 00:00:00.0,35481.1,16.03,44904.7,29.0289
05/14/24 00:10:00.0,35449.1,16.06,44836.1,28.9794
05/14/24 00:20:00.0,35417.2,16.07,44788.0,28.9447
05/14/24 00:30:00.0,35466.5,15.94,44983.8,29.0860
05/14/24 00:40:00.0,35120.6,15.05,45459.6,29.4295
05/14/24 00:50:00.0,35134.9,14.76,45783.5,29.6638
05/14/24 01:00:00.0,35112.1,14.73,45787.7,29.6668
05/14/24 01:10:00.0,35020.9,14.72,45682.0,29.5904
05/14/24 01:20:00.0,34955.6,14.71,45609.9,29.5382
05/14/24 01:30:00.0,35080.7,14.72,45763.9,29.6496
05/14/24 01:40:00.0,35043.6,14.68,45759.9,29.6468
05/14/24 01:50:00.0,35055.0,14.68,45776.9,29.6590
05/14/24 02:00:00.0,34868.0,14.65,45567.6,29.5076
05/14/24 02:10:00.0,35043.6,14.67,45776.9,29.6590
05/14/24 02:20:00.0,35020.9,14.61,45812.8,29.6850
05/14/24 02:30:00.0,35009.5,14.57,45842.3,29.7064
05/14/24 02:40:00.0,35009.5,14.53,45886.8,29.7385
05/14/24 02:50:00.0,34964.1,14.53,45829.7,29.6972
05/14/24 03:00:00.0,34975.5,14.48,45899.6,29.7478
05/14/24 03:10:00.0,34910.3,14.40,45901.4,29.7491
05/14/24 03:20:00.0,34941.4,14.39,45954.8,29.7878
05/14/24 03:30:00.0,34896.2,14.39,45897.8,29.7465
05/14/24 03:40:00.0,34941.4,14.40,45948.5,29.7832
05/14/24 03:50:00.0,34921.6,14.40,45924.8,29.7660
05/14/24 04:00:00.0,34791.9,14.37,45789.0,29.6678
05/14/24 04:10:00.0,34921.6,14.40,45929.1,29.7691
05/14/24 04:20:00.0,34834.1,14.41,45806.2,29.6802
05/14/24 04:30:00.0,34845.4,14.43,45801.9,29.6771
05/14/24 04:40:00.0,34998.2,14.53,45897.8,29.7465
05/14/24 04:50:00.0,34955.6,14.77,45591.8,29.5252
05/14/24 05:00:00.0,34932.9,14.47,45880.4,29.7339
05/14/24 05:10:00.0,34992.5,14.81,45602.1,29.5325
05/14/24 05:20:00.0,34998.2,14.83,45590.6,29.5243
05/14/24 05:30:00.0,34842.6,14.97,45245.6,29.2750
05/14/24 05:40:00.0,34907.5,14.91,45394.0,29.3821
05/14/24 05:50:00.0,34887.7,15.18,45091.0,29.1633
05/14/24 06:00:00.0,34856.7,15.32,44909.6,29.0324
05/14/24 06:10:00.0,34876.4,15.18,45080.7,29.1559
05/14/24 06:20:00.0,34930.1,15.09,45244.8,29.2744
05/14/24 06:30:00.0,34797.5,15.28,44880.9,29.0117
05/14/24 06:40:00.0,34730.2,15.17,44909.2,29.0322
05/14/24 06:50:00.0,34679.8,15.30,44713.6,28.8911
05/14/24 07:00:00.0,34576.7,15.49,44390.9,28.6587
05/14/24 07:10:00.0,34618.4,15.21,44730.8,28.9035
05/14/24 07:20:00.0,34501.8,15.50,44289.3,28.5855
05/14/24 07:30:00.0,34587.8,15.57,44330.7,28.6153
05/14/24 07:40:00.0,34612.9,15.68,44254.2,28.5602
05/14/24 07:50:00.0,34612.9,15.68,44256.2,28.5617
05/14/24 08:00:00.0,34560.0,15.49,44382.1,28.6523
05/14/24 08:10:00.0,34590.6,15.45,44463.7,28.7110
05/14/24 08:20:00.0,34635.2,15.33,44644.6,28.8414
05/14/24 08:30:00.0,34601.7,15.41,44522.6,28.7534
05/14/24 08:40:00.0,34632.4,15.42,44553.8,28.7759
05/14/24 08:50:00.0,34615.7,15.34,44615.7,28.8206
05/14/24 09:00:00.0,34579.5,15.44,44470.0,28.7156
05/14/24 09:10:00.0,34571.1,15.61,44289.9,28.5859
05/14/24 09:20:00.0,34596.2,15.56,44374.3,28.6467
05/14/24 09:30:00.0,34635.2,15.58,44406.0,28.6695
05/14/24 09:40:00.0,34696.6,15.77,44295.1,28.5897
05/14/24 09:50:00.0,34749.8,15.87,44264.5,28.5677
05/14/24 10:00:00.0,34741.4,15.91,44215.9,28.5327
05/14/24 10:10:00.0,34693.8,15.90,44167.7,28.4980
05/14/24 10:20:00.0,34733.0,15.94,44179.5,28.5065
05/14/24 10:30:00.0,34590.6,16.07,43872.3,28.2856
05/14/24 10:40:00.0,34663.1,16.11,43926.3,28.3244
05/14/24 10:50:00.0,34744.2,16.17,43971.2,28.3567
05/14/24 11:00:00.0,34893.4,16.19,44141.4,28.4791
05/14/24 11:10:00.0,34924.5,16.13,44242.3,28.5517
05/14/24 11:20:00.0,34964.1,16.06,44364.3,28.6395
05/14/24 11:30:00.0,35032.3,15.95,44562.9,28.7825
05/14/24 11:40:00.0,34972.6,15.93,44509.5,28.7441
05/14/24 11:50:00.0,35086.4,16.11,44474.8,28.7191
05/14/24 12:00:00.0,35206.6,16.22,44518.3,28.7503
05/14/24 12:10:00.0,35206.6,16.22,44520.3,28.7518
05/14/24 12:20:00.0,35281.3,16.19,44646.6,28.8428
05/14/24 12:30:00.0,35542.2,16.27,44896.5,29.0230
05/14/24 12:40:00.0,35589.0,16.23,44997.9,29.0962
05/14/24 12:50:00.0,35635.9,16.27,45018.6,29.1111
05/14/24 13:00:00.0,35706.3,16.38,44998.0,29.0962
05/14/24 13:10:00.0,35591.9,16.45,44786.2,28.9435
05/14/24 13:20:00.0,35744.6,16.53,44899.1,29.0249
05/14/24 13:30:00.0,35806.6,16.56,44948.6,29.0606
05/14/24 13:40:00.0,35868.8,16.59,44998.3,29.0964
05/14/24 13:50:00.0,35815.5,16.02,45512.5,29.4678
05/14/24 14:00:00.0,35774.1,15.74,45750.7,29.6401
05/14/24 14:10:00.0,35806.6,15.77,45763.1,29.6490
05/14/24 14:20:00.0,35856.9,15.79,45808.5,29.6819
05/14/24 14:30:00.0,35794.8,15.72,45804.2,29.6788
05/14/24 14:40:00.0,35877.7,15.83,45797.8,29.6741
05/14/24 14:50:00.0,35919.3,15.93,45749.3,29.6391
05/14/24 15:00:00.0,36011.7,16.05,45744.7,29.6357
05/14/24 15:10:00.0,36008.7,16.11,45681.2,29.5898
05/14/24 15:20:00.0,36050.5,16.13,45715.6,29.6146
05/14/24 15:30:00.0,36086.5,16.25,45639.8,29.5599
05/14/24 15:40:00.0,36200.7,16.49,45540.0,29.4877
05/14/24 15:50:00.0,36218.8,16.58,45473.2,29.4394
05/14/24 16:00:00.0,36239.9,16.63,45450.9,29.4233
05/14/24 16:10:00.0,36239.9,16.71,45371.9,29.3662
05/14/24 16:20:00.0,36294.4,16.72,45431.8,29.4095
05/14/24 16:30:00.0,36236.9,16.64,45443.3,29.4178
05/14/24 16:40:00.0,36285.3,16.64,45505.9,29.4630
05/14/24 16:50:00.0,36188.7,16.70,45326.6,29.3335
05/14/24 17:00:00.0,36321.7,16.74,45454.1,29.4256
05/14/24 17:10:00.0,36361.1,16.80,45444.5,29.4186
05/14/24 17:20:00.0,36437.2,17.16,45178.5,29.2265
05/14/24 17:30:00.0,36415.9,17.44,44875.5,29.0078
05/14/24 17:40:00.0,36437.2,17.45,44893.8,29.0210
05/14/24 17:50:00.0,36437.2,17.68,44668.9,28.8589
05/14/24 18:00:00.0,36443.3,18.18,44191.5,28.5151
05/14/24 18:10:00.0,36443.3,18.54,43848.3,28.2684
05/14/24 18:20:00.0,36516.7,18.65,43833.6,28.2578
05/14/24 18:30:00.0,36525.8,18.65,43846.6,28.2671
05/14/24 18:40:00.0,36504.4,18.66,43813.5,28.2433
05/14/24 18:50:00.0,36504.4,18.57,43901.2,28.3064
05/14/24 19:00:00.0,36538.1,18.46,44048.8,28.4125
05/14/24 19:10:00.0,36446.4,18.54,43864.3,28.2799
05/14/24 19:20:00.0,36480.0,18.45,43992.7,28.3721
05/14/24 19:30:00.0,36418.9,18.49,43883.1,28.2933
05/14/24 19:40:00.0,36434.2,18.46,43932.2,28.3286
05/14/24 19:50:00.0,36385.4,18.33,43999.9,28.3773
05/14/24 20:00:00.0,36352.0,18.24,44048.1,28.4120
05/14/24 20:10:00.0,36270.2,18.33,43865.2,28.2804
05/14/24 20:20:00.0,36315.6,17.97,44268.8,28.5707
05/14/24 20:30:00.0,36221.8,18.03,44098.9,28.4485
05/14/24 20:40:00.0,36182.6,18.04,44043.8,28.4089
05/14/24 20:50:00.0,36044.6,17.95,43965.0,28.3522
05/14/24 21:00:00.0,36116.5,17.76,44238.5,28.5490
05/14/24 21:10:00.0,36167.6,17.57,44488.6,28.7290
05/14/24 21:20:00.0,36176.6,17.48,44590.1,28.8021
05/14/24 21:30:00.0,36092.5,17.48,44488.9,28.7292
05/14/24 21:40:00.0,36140.5,17.43,44599.1,28.8086
05/14/24 21:50:00.0,36158.6,17.32,44732.1,28.9044
05/14/24 22:00:00.0,35981.8,17.14,44694.1,28.8770
05/14/24 22:10:00.0,35987.8,17.19,44654.0,28.8482
05/14/24 22:20:00.0,35842.1,16.94,44723.6,28.8983
05/14/24 22:30:00.0,35854.0,16.76,44920.2,29.0401
05/14/24 22:40:00.0,35871.8,16.72,44984.6,29.0866
05/14/24 22:50:00.0,35830.3,16.71,44944.9,29.0579
05/14/24 23:00:00.0,35854.0,16.71,44976.6,29.0808
05/14/24 23:10:00.0,35836.2,16.74,44926.4,29.0445
05/14/24 23:20:00.0,35812.5,16.75,44888.9,29.0175
05/14/24 23:30:00.0,35827.3,16.83,44829.4,28.9746
05/14/24 23:40:00.0,35848.1,16.98,44707.9,28.8870
05/14/24 23:50:00.0,35791.8,16.98,44640.1,28.8381
05/15/24 00:00:00.0,35818.5,16.91,44744.9,28.9137
05/15/24 00:10:00.0,35803.7,16.82,44818.3,28.9666
05/15/24 00:20:00.0,35694.6,16.71,44794.2,28.9492
05/15/24 00:30:00.0,35513.1,16.59,44689.1,28.8734
05/15/24 00:40:00.0,35521.8,16.56,44732.1,28.9044
05/15/24 00:50:00.0,35501.4,16.51,44758.6,28.9236
05/15/24 01:00:00.0,35446.2,16.53,44671.4,28.8607
05/15/24 01:10:00.0,35630.0,16.60,44833.9,28.9778
05/15/24 01:20:00.0,35871.8,16.49,45250.2,29.2782
05/15/24 01:30:00.0,35851.0,16.33,45388.6,29.3783
05/15/24 01:40:00.0,35759.4,16.22,45387.3,29.3773
05/15/24 01:50:00.0,35712.2,16.21,45339.9,29.3431
05/15/24 02:00:00.0,35830.3,16.30,45399.4,29.3861
05/15/24 02:10:00.0,35949.0,16.42,45428.8,29.4073
05/15/24 02:20:00.0,36008.7,16.43,45495.9,29.4558
05/15/24 02:30:00.0,35877.7,16.33,45435.0,29.4118
05/15/24 02:40:00.0,35785.9,16.19,45464.1,29.4328
05/15/24 02:50:00.0,35744.6,16.15,45454.8,29.4261
05/15/24 03:00:00.0,35691.6,15.87,45677.3,29.5870
05/15/24 03:10:00.0,35600.7,15.57,45874.3,29.7295
05/15/24 03:20:00.0,35510.2,15.38,45958.4,29.7904
05/15/24 03:30:00.0,35373.7,15.34,45826.5,29.6949
05/15/24 03:40:00.0,35495.6,15.36,45964.8,29.7950
05/15/24 03:50:00.0,35495.6,15.34,45987.9,29.8117
05/15/24 04:00:00.0,35463.6,15.37,45917.4,29.7607
05/15/24 04:10:00.0,35498.5,15.42,45912.2,29.7569
05/15/24 04:20:00.0,35495.6,15.40,45931.5,29.7709
05/15/24 04:30:00.0,35478.1,15.38,45932.0,29.7713
05/15/24 04:40:00.0,35489.8,15.37,45959.7,29.7913
05/15/24 04:50:00.0,35463.6,15.36,45938.5,29.7760
05/15/24 05:00:00.0,35315.9,15.36,45750.3,29.6397
05/15/24 05:10:00.0,35423.0,15.34,45911.3,29.7563
05/15/24 05:20:00.0,35350.6,15.36,45799.2,29.6752
05/15/24 05:30:00.0,35457.8,15.53,45762.3,29.6485
05/15/24 05:40:00.0,35495.6,15.38,45969.5,29.7984
05/15/24 05:50:00.0,35489.8,15.38,45964.2,29.7946
05/15/24 06:00:00.0,35469.4,15.42,45898.2,29.7468
05/15/24 06:10:00.0,35489.8,15.41,45937.1,29.7749
05/15/24 06:20:00.0,35457.8,15.42,45887.5,29.7391
05/15/24 06:30:00.0,35460.7,15.44,45872.5,29.7282
05/15/24 06:40:00.0,35486.9,15.45,45898.0,29.7466
05/15/24 06:50:00.0,35466.5,15.45,45873.8,29.7292
05/15/24 07:00:00.0,35454.9,15.49,45819.4,29.6897
05/15/24 07:10:00.0,35591.9,15.70,45779.0,29.6606
05/15/24 07:20:00.0,35600.7,15.82,45668.2,29.5804
05/15/24 07:30:00.0,35603.6,15.86,45632.8,29.5548
05/15/24 07:40:00.0,35624.1,16.22,45292.0,29.3085
05/15/24 07:50:00.0,35521.8,16.02,45368.5,29.3637
05/15/24 08:00:00.0,35568.5,15.90,45553.2,29.4972
05/15/24 08:10:00.0,35577.3,16.10,45361.4,29.3586
05/15/24 08:20:00.0,35518.9,16.25,45136.8,29.1964
05/15/24 08:30:00.0,35553.9,16.41,45021.2,29.1130
05/15/24 08:40:00.0,35665.2,16.56,45012.2,29.1064
05/15/24 08:50:00.0,35428.8,17.08,44201.9,28.5226
05/15/24 09:00:00.0,35630.0,17.02,44513.2,28.7467
05/15/24 09:10:00.0,35824.4,16.60,45178.1,29.2262
05/15/24 09:20:00.0,35718.1,16.45,45198.2,29.2407
05/15/24 09:30:00.0,35771.2,16.66,45055.1,29.1374
05/15/24 09:40:00.0,35768.2,16.91,44803.0,28.9555
05/15/24 09:50:00.0,35919.3,16.86,45043.7,29.1292
05/15/24 10:00:00.0,35791.8,16.90,44846.6,28.9870
05/15/24 10:10:00.0,35741.7,17.07,44617.2,28.8216
05/15/24 10:20:00.0,35571.5,17.16,44319.0,28.6069
05/15/24 10:30:00.0,35621.2,17.15,44392.6,28.6598
05/15/24 10:40:00.0,35650.5,17.18,44401.5,28.6662
05/15/24 10:50:00.0,35732.8,17.18,44505.6,28.7413
05/15/24 11:00:00.0,35815.5,17.18,44610.3,28.8167
05/15/24 11:10:00.0,35978.8,17.12,44874.7,29.0072
05/15/24 11:20:00.0,35993.8,17.30,44716.7,28.8933
05/15/24 11:30:00.0,35842.1,17.39,44442.5,28.6958
05/15/24 11:40:00.0,35922.3,17.23,44701.6,28.8824
05/15/24 11:50:00.0,35886.6,17.15,44738.6,28.9092
05/15/24 12:00:00.0,35946.1,17.16,44804.7,28.9568
05/15/24 12:10:00.0,35934.2,17.16,44792.0,28.9476
05/15/24 12:20:00.0,35859.9,17.14,44721.6,28.8969
05/15/24 12:30:00.0,35880.7,17.16,44729.7,28.9027
05/15/24 12:40:00.0,35978.8,17.18,44833.7,28.9777
05/15/24 12:50:00.0,36128.5,17.23,44971.8,29.0773
05/15/24 13:00:00.0,36324.7,17.26,45187.1,29.2327
05/15/24 13:10:00.0,36367.2,17.15,45352.3,29.3520
05/15/24 13:20:00.0,36385.4,17.08,45447.5,29.4208
05/15/24 13:30:00.0,36385.4,17.03,45500.0,29.4588
05/15/24 13:40:00.0,36312.6,16.95,45492.3,29.4532
05/15/24 13:50:00.0,36376.3,16.91,45614.4,29.5415
05/15/24 14:00:00.0,36297.4,16.87,45558.5,29.5011
05/15/24 14:10:00.0,36318.6,16.82,45637.9,29.5585
