Date Time,DO conc (mg/L)  #21984864,Temp (°C)  #21984864,DO Adj Conc (mg/L) c:1 2,DO Percent Sat (%),Salinity (ppt)
05/07/24 09:00:00.0,9.12,19.30,,,0.0123
05/07/24 09:10:00.0,9.13,19.18,,,0.0123
05/07/24 09:20:00.0,9.11,19.48,,,0.0123
05/07/24 09:30:00.0,9.06,19.64,,,0.0123
05/07/24 09:40:00.0,9.00,19.78,,,0.0123
05/07/24 09:50:00.0,8.89,20.22,,,0.0123
05/07/24 10:00:00.0,8.82,20.74,,,0.0123
05/07/24 10:10:00.0,8.75,21.34,,,0.0123
05/07/24 10:20:00.0,8.65,22.14,,,0.0123
05/07/24 10:30:00.0,8.52,23.04,,,0.0123
05/07/24 10:40:00.0,8.36,24.08,,,0.0123
05/07/24 10:50:00.0,8.12,25.40,,,0.0123
05/07/24 11:00:00.0,7.86,26.82,,,0.0123
05/07/24 11:10:00.0,7.64,28.24,,,0.0123
05/07/24 11:20:00.0,7.59,28.68,,,0.0123
05/07/24 11:30:00.0,8.57,20.58,,,28.1278
05/07/24 11:40:00.0,10.39,16.12,,,28.2686
05/07/24 11:50:00.0,10.46,15.90,,,27.9449
05/07/24 12:00:00.0,10.55,16.04,,,27.8493
05/07/24 12:10:00.0,10.40,16.32,,,27.7143
05/07/24 12:20:00.0,10.49,17.82,,,0.1072
05/07/24 12:30:00.0,10.19,20.58,,,0.0123
05/07/24 12:40:00.0,9.72,22.50,,,0.0123
05/07/24 12:50:00.0,9.42,22.40,,,0.0123
05/07/24 13:00:00.0,9.14,23.54,,,0.0123
05/07/24 13:10:00.0,9.06,24.82,,,0.0123
05/07/24 13:20:00.0,8.62,24.96,,,0.0123
05/07/24 13:30:00.0,8.69,25.50,,,0.0123
05/07/24 13:40:00.0,8.47,26.48,,,0.0123
05/07/24 13:50:00.0,8.46,27.64,,,0.0123
05/07/24 14:00:00.0,8.18,27.62,,,0.0123
05/07/24 14:10:00.0,8.53,23.64,8.54,114.2,21.7612
05/07/24 14:20:00.0,9.99,19.32,9.98,122.9,21.3479
05/07/24 14:30:00.0,10.13,19.06,10.14,124.0,20.9820
05/07/24 14:40:00.0,10.02,19.26,10.05,123.1,20.6821
05/07/24 14:50:00.0,10.02,19.36,10.06,123.3,20.5535
05/07/24 15:00:00.0,10.32,19.28,10.37,126.8,20.2859
05/07/24 15:10:00.0,10.62,19.32,10.69,130.6,20.0611
05/07/24 15:20:00.0,10.92,19.20,11.02,133.9,19.5385
05/07/24 15:30:00.0,10.33,19.06,10.46,126.3,18.9636
05/07/24 15:40:00.0,10.43,19.08,10.56,127.6,18.8715
05/07/24 15:50:00.0,10.44,19.18,10.59,127.9,18.6543
05/07/24 16:00:00.0,10.47,19.22,10.62,128.4,18.6135
05/07/24 16:10:00.0,10.69,19.12,10.84,130.8,18.5344
05/07/24 16:20:00.0,10.63,19.20,10.80,130.3,18.2700
05/07/24 16:30:00.0,10.63,19.30,10.81,130.5,18.1297
05/07/24 16:40:00.0,11.02,19.00,11.22,134.5,17.7983
05/07/24 16:50:00.0,11.03,18.84,11.24,134.1,17.5808
05/07/24 17:00:00.0,11.03,18.80,11.25,134.0,17.4437
05/07/24 17:10:00.0,11.02,18.60,11.24,133.3,17.4312
05/07/24 17:20:00.0,11.27,18.24,11.48,135.3,17.5762
05/07/24 17:30:00.0,11.42,17.86,11.62,136.0,17.5986
05/07/24 17:40:00.0,11.35,17.60,11.55,134.5,17.5646
05/07/24 17:50:00.0,11.07,17.30,11.26,130.3,17.5748
05/07/24 18:00:00.0,11.02,17.02,11.21,129.0,17.4856
05/07/24 18:10:00.0,10.92,16.74,11.10,127.0,17.6290
05/07/24 18:20:00.0,11.00,16.14,11.16,126.3,17.8259
05/07/24 18:30:00.0,10.94,15.80,11.08,124.7,18.0107
05/07/24 18:40:00.0,10.97,15.42,11.09,124.0,18.2420
05/07/24 18:50:00.0,10.97,15.20,11.07,123.4,18.4805
05/07/24 19:00:00.0,10.95,14.92,11.04,122.4,18.5341
05/07/24 19:10:00.0,10.95,14.56,11.00,121.5,19.0626
05/07/24 19:20:00.0,11.02,14.46,11.05,122.0,19.3106
05/07/24 19:30:00.0,10.99,14.34,11.00,121.3,19.5620
05/07/24 19:40:00.0,11.03,14.22,11.02,121.4,19.8063
05/07/24 19:50:00.0,11.06,14.16,11.03,121.6,20.0423
05/07/24 20:00:00.0,11.05,14.02,11.00,121.1,20.3553
05/07/24 20:10:00.0,11.06,13.82,10.98,120.6,20.7157
05/07/24 20:20:00.0,11.04,13.46,10.92,119.4,21.1506
05/07/24 20:30:00.0,11.12,13.22,10.97,119.6,21.5467
05/07/24 20:40:00.0,11.11,13.14,10.94,119.3,21.8416
05/07/24 20:50:00.0,11.12,13.12,10.93,119.3,22.1176
05/07/24 21:00:00.0,11.20,13.10,10.98,120.1,22.4001
05/07/24 21:10:00.0,11.18,13.14,10.94,120.0,22.7213
05/07/24 21:20:00.0,11.08,13.28,10.83,119.3,22.9193
05/07/24 21:30:00.0,11.06,13.38,10.80,119.3,23.0811
05/07/24 21:40:00.0,11.09,13.54,10.82,120.0,23.1754
05/07/24 21:50:00.0,11.02,13.62,10.75,119.5,23.2937
05/07/24 22:00:00.0,10.97,13.68,10.69,119.1,23.4325
05/07/24 22:10:00.0,10.77,13.58,10.48,116.6,23.5957
05/07/24 22:20:00.0,10.75,13.50,10.44,116.2,23.8037
05/07/24 22:30:00.0,10.77,13.48,10.45,116.3,23.9115
05/07/24 22:40:00.0,10.72,13.54,10.39,115.9,24.1136
05/07/24 22:50:00.0,10.68,13.62,10.35,115.7,24.1953
05/07/24 23:00:00.0,10.95,14.10,10.62,119.9,24.0930
05/07/24 23:10:00.0,10.67,14.68,10.35,118.3,24.1544
05/07/24 23:20:00.0,10.16,15.94,9.88,115.7,24.0097
05/07/24 23:30:00.0,10.23,14.88,9.89,113.8,24.7197
05/07/24 23:40:00.0,9.94,15.98,9.64,113.2,24.3584
05/07/24 23:50:00.0,9.81,15.44,9.48,110.5,24.7708
05/08/24 00:00:00.0,9.63,16.10,9.33,109.9,24.5133
05/08/24 00:10:00.0,9.50,16.00,9.20,108.2,24.5679
05/08/24 00:20:00.0,9.18,16.46,8.90,105.6,24.3653
05/08/24 00:30:00.0,8.80,16.84,8.55,102.0,24.2170
05/08/24 00:40:00.0,8.74,16.92,8.48,101.5,24.2632
05/08/24 00:50:00.0,8.76,16.88,8.50,101.6,24.3968
05/08/24 01:00:00.0,8.80,16.88,8.53,102.0,24.4637
05/08/24 01:10:00.0,8.73,16.84,8.46,101.1,24.4958
05/08/24 01:20:00.0,8.65,16.84,8.38,100.2,24.4762
05/08/24 01:30:00.0,8.51,16.82,8.24,98.5,24.4550
05/08/24 01:40:00.0,8.39,16.88,8.13,97.2,24.4534
05/08/24 01:50:00.0,8.90,16.42,8.59,102.1,24.8682
05/08/24 02:00:00.0,8.98,16.26,8.67,102.7,24.9175
05/08/24 02:10:00.0,8.74,16.36,8.43,100.1,24.9168
05/08/24 02:20:00.0,8.33,16.52,8.05,95.8,24.6711
05/08/24 02:30:00.0,8.30,16.62,8.02,95.6,24.7639
05/08/24 02:40:00.0,8.22,16.66,7.95,94.7,24.5965
05/08/24 02:50:00.0,8.11,16.72,7.84,93.6,24.4911
05/08/24 03:00:00.0,8.04,16.72,7.78,92.8,24.4739
05/08/24 03:10:00.0,7.87,16.74,7.61,90.8,24.4075
05/08/24 03:20:00.0,7.76,16.68,7.51,89.4,24.3307
05/08/24 03:30:00.0,8.05,16.34,7.77,92.1,24.6089
05/08/24 03:40:00.0,7.92,16.12,7.65,90.2,24.5919
05/08/24 03:50:00.0,7.63,16.10,7.36,86.8,24.6075
05/08/24 04:00:00.0,7.76,16.50,7.49,89.0,24.6475
05/08/24 04:10:00.0,7.44,16.58,7.18,85.5,24.5516
05/08/24 04:20:00.0,7.35,16.58,7.11,84.4,24.1524
05/08/24 04:30:00.0,7.08,16.54,6.86,81.3,23.8399
05/08/24 04:40:00.0,6.95,16.46,6.74,79.6,23.8634
05/08/24 04:50:00.0,6.96,16.36,6.74,79.6,23.9440
05/08/24 05:00:00.0,6.92,16.32,6.70,79.0,24.0563
05/08/24 05:10:00.0,7.39,16.18,7.12,84.1,24.5976
05/08/24 05:20:00.0,7.29,15.94,7.05,82.6,24.1200
05/08/24 05:30:00.0,7.49,15.84,7.22,84.6,24.5296
05/08/24 05:40:00.0,7.96,15.68,7.66,89.6,24.8183
05/08/24 05:50:00.0,8.14,15.46,7.79,91.2,25.5104
05/08/24 06:00:00.0,8.39,15.38,8.02,93.8,25.7201
05/08/24 06:10:00.0,8.69,15.36,8.29,97.1,26.0837
05/08/24 06:20:00.0,8.81,15.22,8.38,98.2,26.3855
05/08/24 06:30:00.0,8.74,14.98,8.31,96.9,26.5126
05/08/24 06:40:00.0,8.57,14.74,8.14,94.5,26.6112
05/08/24 06:50:00.0,8.92,14.40,8.45,97.6,26.8120
05/08/24 07:00:00.0,9.21,14.32,8.72,100.6,26.8411
05/08/24 07:10:00.0,9.28,14.40,8.79,101.5,26.8957
05/08/24 07:20:00.0,9.56,14.26,9.04,104.2,27.1183
05/08/24 07:30:00.0,9.81,13.96,9.26,106.2,27.2254
05/08/24 07:40:00.0,10.11,13.90,9.54,109.3,27.3234
05/08/24 07:50:00.0,10.27,13.72,9.67,110.6,27.5394
05/08/24 08:00:00.0,10.35,13.48,9.73,110.9,27.6322
05/08/24 08:10:00.0,10.35,13.44,9.73,110.7,27.7060
05/08/24 08:20:00.0,10.37,13.38,9.74,110.8,27.8010
05/08/24 08:30:00.0,10.40,13.34,9.76,111.0,27.8803
05/08/24 08:40:00.0,10.44,13.26,9.79,111.2,27.9545
05/08/24 08:50:00.0,10.44,13.24,9.79,111.1,27.9901
05/08/24 09:00:00.0,10.43,13.22,9.77,111.0,28.0331
05/08/24 09:10:00.0,10.42,13.16,9.76,110.7,28.0861
05/08/24 09:20:00.0,10.44,13.12,9.77,110.8,28.1464
05/08/24 09:30:00.0,10.48,13.16,9.81,111.3,28.1501
05/08/24 09:40:00.0,10.41,13.22,9.74,110.7,28.1319
05/08/24 09:50:00.0,10.40,13.22,9.73,110.6,28.1602
05/08/24 10:00:00.0,10.36,13.26,9.69,110.2,28.1543
05/08/24 10:10:00.0,10.34,13.30,9.67,110.1,28.1630
05/08/24 10:20:00.0,10.28,13.38,9.62,109.6,28.1104
05/08/24 10:30:00.0,10.18,13.56,9.53,109.0,28.0043
05/08/24 10:40:00.0,10.08,13.70,9.44,108.2,27.9307
05/08/24 10:50:00.0,10.06,13.48,9.41,107.5,28.1518
05/08/24 11:00:00.0,10.18,13.36,9.52,108.5,28.1534
05/08/24 11:10:00.0,10.15,13.34,9.49,108.1,28.1549
05/08/24 11:20:00.0,10.14,13.38,9.48,108.0,28.1393
05/08/24 11:30:00.0,10.11,13.48,9.46,108.0,27.9889
05/08/24 11:40:00.0,9.82,13.94,9.21,105.9,27.5926
05/08/24 11:50:00.0,9.02,14.50,8.49,98.5,27.2031
05/08/24 12:00:00.0,8.95,14.70,8.43,98.1,27.0989
05/08/24 12:10:00.0,8.79,14.80,8.29,96.6,26.8469
05/08/24 12:20:00.0,9.06,14.74,8.54,99.4,26.8888
05/08/24 12:30:00.0,8.92,14.80,8.41,98.0,26.9498
05/08/24 12:40:00.0,8.97,14.82,8.45,98.5,26.9815
05/08/24 12:50:00.0,8.97,14.84,8.45,98.6,26.9175
05/08/24 13:00:00.0,8.88,14.88,8.37,97.6,26.8683
05/08/24 13:10:00.0,8.85,14.94,8.34,97.4,26.8375
05/08/24 13:20:00.0,8.86,14.94,8.36,97.5,26.7398
05/08/24 13:30:00.0,8.85,14.96,8.35,97.4,26.7274
05/08/24 13:40:00.0,8.83,15.02,8.33,97.3,26.6529
05/08/24 13:50:00.0,8.78,15.02,8.28,96.8,26.6476
05/08/24 14:00:00.0,8.81,15.06,8.31,97.2,26.5991
05/08/24 14:10:00.0,8.71,15.14,8.22,96.2,26.4980
05/08/24 14:20:00.0,8.68,15.18,8.20,95.9,26.2932
05/08/24 14:30:00.0,8.71,15.24,8.23,96.4,26.3173
05/08/24 14:40:00.0,9.06,15.14,8.54,100.0,26.6390
05/08/24 14:50:00.0,8.94,15.12,8.43,98.6,26.5121
05/08/24 15:00:00.0,8.92,15.14,8.42,98.5,26.4958
05/08/24 15:10:00.0,9.01,15.12,8.49,99.4,26.6600
05/08/24 15:20:00.0,9.07,15.04,8.55,99.9,26.4686
05/08/24 15:30:00.0,9.04,15.02,8.52,99.5,26.5336
05/08/24 15:40:00.0,9.14,14.94,8.61,100.4,26.6607
05/08/24 15:50:00.0,9.17,14.92,8.63,100.7,26.7009
05/08/24 16:00:00.0,9.27,14.82,8.72,101.5,26.7385
05/08/24 16:10:00.0,9.36,14.78,8.80,102.4,26.7560
05/08/24 16:20:00.0,9.38,14.78,8.82,102.6,26.7804
05/08/24 16:30:00.0,9.41,14.78,8.84,102.9,26.8396
05/08/24 16:40:00.0,9.40,14.82,8.83,102.9,26.8346
05/08/24 16:50:00.0,9.41,14.82,8.84,103.0,26.8570
05/08/24 17:00:00.0,9.42,14.84,8.85,103.1,26.8585
05/08/24 17:10:00.0,9.45,14.82,8.87,103.4,26.8760
05/08/24 17:20:00.0,9.40,14.84,8.83,102.9,26.7551
05/08/24 17:30:00.0,9.35,14.84,8.78,102.3,26.8746
05/08/24 17:40:00.0,9.34,14.84,8.77,102.2,26.8389
05/08/24 17:50:00.0,9.28,14.88,8.71,101.6,26.8965
05/08/24 18:00:00.0,9.42,14.84,8.84,103.0,26.9417
05/08/24 18:10:00.0,9.46,14.78,8.86,103.3,27.0525
05/08/24 18:20:00.0,9.52,14.70,8.91,103.8,27.1333
05/08/24 18:30:00.0,9.54,14.58,8.92,103.7,27.3508
05/08/24 18:40:00.0,9.70,14.36,9.05,104.9,27.5560
05/08/24 18:50:00.0,9.73,14.22,9.07,104.9,27.6313
05/08/24 19:00:00.0,9.94,14.12,9.27,106.9,27.6248
05/08/24 19:10:00.0,10.06,13.92,9.36,107.7,27.9127
05/08/24 19:20:00.0,10.10,13.68,9.39,107.6,27.9603
05/08/24 19:30:00.0,10.10,13.52,9.38,107.2,28.0106
05/08/24 19:40:00.0,10.12,13.44,9.39,107.2,28.0782
05/08/24 19:50:00.0,10.18,13.34,9.45,107.6,28.0970
05/08/24 20:00:00.0,10.15,13.28,9.41,107.1,28.1064
05/08/24 20:10:00.0,10.23,13.14,9.48,107.6,28.1873
05/08/24 20:20:00.0,10.27,13.02,9.51,107.7,28.1972
05/08/24 20:30:00.0,10.27,12.96,9.51,107.5,28.2259
05/08/24 20:40:00.0,10.25,13.02,9.49,107.4,28.1777
05/08/24 20:50:00.0,10.32,12.88,9.55,107.8,28.2304
05/08/24 21:00:00.0,10.36,12.78,9.58,108.0,28.2869
05/08/24 21:10:00.0,10.37,12.76,9.59,108.0,28.2934
05/08/24 21:20:00.0,10.44,12.62,9.65,108.4,28.3502
05/08/24 21:30:00.0,10.47,12.50,9.67,108.4,28.4418
05/08/24 21:40:00.0,10.49,12.38,9.68,108.3,28.4632
05/08/24 21:50:00.0,10.50,12.36,9.69,108.3,28.4609
05/08/24 22:00:00.0,10.48,12.40,9.67,108.2,28.4498
05/08/24 22:10:00.0,10.42,12.46,9.61,107.7,28.4327
05/08/24 22:20:00.0,10.38,12.50,9.58,107.4,28.4334
05/08/24 22:30:00.0,10.35,12.52,9.55,107.1,28.4129
05/08/24 22:40:00.0,10.30,12.54,9.50,106.6,28.3939
05/08/24 22:50:00.0,10.25,12.60,9.46,106.2,28.3754
05/08/24 23:00:00.0,10.25,12.58,9.45,106.2,28.3969
05/08/24 23:10:00.0,10.25,12.58,9.45,106.2,28.4060
05/08/24 23:20:00.0,10.22,12.56,9.42,105.8,28.4195
05/08/24 23:30:00.0,10.25,12.74,9.46,106.5,28.2920
05/08/24 23:40:00.0,9.68,13.44,8.97,102.1,27.7386
05/08/24 23:50:00.0,9.90,13.06,9.14,103.6,28.3154
05/09/24 00:00:00.0,9.43,13.46,8.73,99.5,27.8270
05/09/24 00:10:00.0,10.04,12.84,9.27,104.5,28.1095
05/09/24 00:20:00.0,9.68,13.26,8.95,101.7,27.9031
05/09/24 00:30:00.0,8.87,13.88,8.26,94.4,27.0046
05/09/24 00:40:00.0,8.94,13.94,8.31,95.3,27.2441
05/09/24 00:50:00.0,9.32,13.40,8.62,98.2,27.8417
05/09/24 01:00:00.0,9.10,13.68,8.45,96.4,27.3793
05/09/24 01:10:00.0,8.64,13.84,8.03,91.9,27.1187
05/09/24 01:20:00.0,8.84,13.80,8.21,93.9,27.2880
05/09/24 01:30:00.0,8.64,13.82,8.03,91.8,27.0406
05/09/24 01:40:00.0,8.42,13.88,7.83,89.6,27.0976
05/09/24 01:50:00.0,8.48,13.96,7.88,90.3,27.0298
05/09/24 02:00:00.0,8.03,13.96,7.50,85.5,26.2779
05/09/24 02:10:00.0,8.01,14.10,7.48,85.6,26.3816
05/09/24 02:20:00.0,7.91,14.10,7.38,84.5,26.3907
05/09/24 02:30:00.0,8.43,13.80,7.83,89.4,27.1203
05/09/24 02:40:00.0,8.12,13.88,7.56,86.3,26.6580
05/09/24 02:50:00.0,7.84,14.02,7.31,83.6,26.3955
05/09/24 03:00:00.0,7.72,14.08,7.21,82.4,26.2101
05/09/24 03:10:00.0,7.68,14.08,7.16,81.9,26.3701
05/09/24 03:20:00.0,7.64,14.04,7.13,81.4,26.3274
05/09/24 03:30:00.0,7.63,14.04,7.11,81.3,26.5007
05/09/24 03:40:00.0,7.78,13.90,7.23,82.6,26.7905
05/09/24 03:50:00.0,7.87,13.82,7.31,83.4,26.8671
05/09/24 04:00:00.0,7.45,13.94,6.95,79.2,26.2800
05/09/24 04:10:00.0,7.31,13.96,6.83,77.7,25.7941
05/09/24 04:20:00.0,7.20,13.94,6.73,76.5,25.7335
05/09/24 04:30:00.0,7.08,13.82,6.63,75.0,25.3491
05/09/24 04:40:00.0,7.05,13.80,6.60,74.7,25.4086
05/09/24 04:50:00.0,7.12,13.78,6.65,75.3,25.8756
05/09/24 05:00:00.0,7.04,13.76,6.58,74.5,25.7753
05/09/24 05:10:00.0,7.35,13.70,6.85,77.6,26.0693
05/09/24 05:20:00.0,7.77,13.68,7.22,82.0,26.4955
05/09/24 05:30:00.0,7.85,13.70,7.29,82.9,26.6681
05/09/24 05:40:00.0,7.77,13.72,7.21,82.1,26.7707
05/09/24 05:50:00.0,7.99,13.74,7.40,84.4,27.0894
05/09/24 06:00:00.0,8.16,13.70,7.55,86.1,27.2538
05/09/24 06:10:00.0,7.94,13.64,7.33,83.7,27.3727
05/09/24 06:20:00.0,7.91,13.60,7.31,83.3,27.3229
05/09/24 06:30:00.0,8.00,13.58,7.39,84.2,27.4063
05/09/24 06:40:00.0,8.14,13.56,7.51,85.6,27.3896
05/09/24 06:50:00.0,8.26,13.52,7.61,86.8,27.6082
05/09/24 07:00:00.0,8.13,13.48,7.49,85.3,27.6248
05/09/24 07:10:00.0,8.09,13.42,7.45,84.8,27.7744
05/09/24 07:20:00.0,8.26,13.38,7.60,86.4,27.8533
05/09/24 07:30:00.0,8.81,13.14,8.09,91.7,27.9405
05/09/24 07:40:00.0,8.97,13.08,8.24,93.2,27.9131
05/09/24 07:50:00.0,9.00,13.10,8.27,93.6,27.8663
05/09/24 08:00:00.0,9.06,13.12,8.32,94.2,27.8895
05/09/24 08:10:00.0,9.31,13.00,8.55,96.5,27.9345
05/09/24 08:20:00.0,9.46,12.98,8.68,98.0,28.0102
05/09/24 08:30:00.0,9.51,12.96,8.72,98.5,28.0840
05/09/24 08:40:00.0,9.63,12.92,8.82,99.6,28.1811
05/09/24 08:50:00.0,9.74,12.84,8.93,100.6,27.9675
05/09/24 09:00:00.0,9.85,12.76,9.01,101.5,28.3425
05/09/24 09:10:00.0,9.85,12.76,9.01,101.5,28.3413
05/09/24 09:20:00.0,9.86,12.78,9.02,101.6,28.3401
05/09/24 09:30:00.0,9.84,12.82,9.00,101.5,28.3168
05/09/24 09:40:00.0,9.92,12.86,9.07,102.4,28.3501
05/09/24 09:50:00.0,10.04,12.76,9.17,103.4,28.4340
05/09/24 10:00:00.0,10.04,12.86,9.17,103.6,28.4294
05/09/24 10:10:00.0,9.99,12.94,9.13,103.3,28.4228
05/09/24 10:20:00.0,10.08,13.00,9.21,104.3,28.4236
05/09/24 10:30:00.0,10.10,13.02,9.23,104.6,28.3538
05/09/24 10:40:00.0,10.05,13.22,9.18,104.5,28.3985
05/09/24 10:50:00.0,10.06,13.22,9.19,104.6,28.3996
05/09/24 11:00:00.0,10.13,13.20,9.25,105.2,28.3976
05/09/24 11:10:00.0,10.13,13.28,9.25,105.4,28.4059
05/09/24 11:20:00.0,10.12,13.34,9.24,105.4,28.3873
05/09/24 11:30:00.0,10.14,13.28,9.26,105.5,28.3591
05/09/24 11:40:00.0,10.18,13.30,9.30,105.9,28.2838
05/09/24 11:50:00.0,10.18,13.46,9.30,106.3,28.3588
05/09/24 12:00:00.0,10.18,13.58,9.30,106.6,28.3182
05/09/24 12:10:00.0,10.20,13.64,9.32,106.9,28.2976
05/09/24 12:20:00.0,10.14,13.72,9.26,106.4,28.2993
05/09/24 12:30:00.0,10.16,14.00,9.29,107.3,28.2133
05/09/24 12:40:00.0,10.06,14.20,9.20,106.7,28.0995
05/09/24 12:50:00.0,9.91,14.40,9.08,105.5,27.8665
05/09/24 13:00:00.0,9.34,15.00,8.61,100.8,27.0937
05/09/24 13:10:00.0,9.35,15.18,8.62,101.2,27.0571
05/09/24 13:20:00.0,9.40,15.30,8.67,102.0,27.0160
05/09/24 13:30:00.0,9.40,15.40,8.67,102.2,27.0028
05/09/24 13:40:00.0,9.60,15.46,8.85,104.5,27.0807
05/09/24 13:50:00.0,9.42,15.56,8.69,102.8,26.9642
05/09/24 14:00:00.0,9.50,15.60,8.76,103.7,26.9268
05/09/24 14:10:00.0,9.48,15.70,8.75,103.7,26.8393
05/09/24 14:20:00.0,9.48,15.78,8.75,103.9,26.8138
05/09/24 14:30:00.0,9.48,15.86,8.75,104.0,26.7656
05/09/24 14:40:00.0,9.55,15.92,8.81,104.9,26.8222
05/09/24 14:50:00.0,9.73,15.94,8.97,106.9,26.9680
05/09/24 15:00:00.0,9.66,16.04,8.92,106.4,26.6851
05/09/24 15:10:00.0,9.65,16.14,8.91,106.5,26.6256
05/09/24 15:20:00.0,9.65,16.22,8.91,106.6,26.5930
05/09/24 15:30:00.0,9.65,16.20,8.91,106.6,26.6533
05/09/24 15:40:00.0,9.74,16.14,8.98,107.4,26.7584
05/09/24 15:50:00.0,10.32,15.90,9.47,113.2,27.5467
05/09/24 16:00:00.0,10.41,15.60,9.54,113.4,27.6363
05/09/24 16:10:00.0,10.55,15.30,9.64,114.2,28.0140
05/09/24 16:20:00.0,10.69,15.24,9.77,115.6,28.0169
05/09/24 16:30:00.0,10.69,15.36,9.77,115.8,28.0063
05/09/24 16:40:00.0,10.86,15.48,9.94,118.0,27.6974
05/09/24 16:50:00.0,10.82,15.60,9.91,117.8,27.6031
05/09/24 17:00:00.0,10.90,15.56,9.98,118.6,27.5951
05/09/24 17:10:00.0,10.90,15.50,9.97,118.4,27.6899
05/09/24 17:20:00.0,10.96,15.44,10.03,118.9,27.6887
05/09/24 17:30:00.0,10.97,15.42,10.03,118.9,27.6876
05/09/24 17:40:00.0,11.02,15.28,10.08,119.1,27.7136
05/09/24 17:50:00.0,10.62,15.70,9.73,115.8,27.4051
05/09/24 18:00:00.0,10.56,15.82,9.68,115.4,27.3782
05/09/24 18:10:00.0,10.53,15.82,9.65,115.1,27.4074
05/09/24 18:20:00.0,10.55,15.72,9.66,115.0,27.4995
05/09/24 18:30:00.0,10.77,15.42,9.84,116.7,27.6986
05/09/24 18:40:00.0,10.62,15.14,9.69,114.3,27.8677
05/09/24 18:50:00.0,10.60,15.00,9.67,113.7,27.8917
05/09/24 19:00:00.0,10.56,14.96,9.63,113.2,27.8584
05/09/24 19:10:00.0,10.56,14.94,9.63,113.1,27.8741
05/09/24 19:20:00.0,10.70,14.94,9.75,114.6,27.8879
05/09/24 19:30:00.0,10.89,14.94,9.93,116.6,27.8560
05/09/24 19:40:00.0,10.70,15.06,9.76,114.9,27.6989
05/09/24 19:50:00.0,10.60,15.16,9.67,114.0,27.7094
05/09/24 20:00:00.0,10.25,14.58,9.31,108.9,28.1966
05/09/24 20:10:00.0,10.28,14.24,9.33,108.4,28.2562
05/09/24 20:20:00.0,10.29,14.16,9.34,108.3,28.2675
05/09/24 20:30:00.0,10.22,14.06,9.27,107.3,28.2746
05/09/24 20:40:00.0,10.22,13.84,9.27,106.7,28.2499
05/09/24 20:50:00.0,10.24,13.68,9.28,106.6,28.3572
05/09/24 21:00:00.0,10.27,13.58,9.30,106.6,28.3635
05/09/24 21:10:00.0,10.28,13.56,9.31,106.7,28.3477
05/09/24 21:20:00.0,10.36,13.42,9.37,107.1,28.4608
05/09/24 21:30:00.0,10.40,13.32,9.40,107.3,28.4773
05/09/24 21:40:00.0,10.41,13.32,9.41,107.4,28.4988
05/09/24 21:50:00.0,10.46,13.26,9.45,107.7,28.5529
05/09/24 22:00:00.0,10.43,13.20,9.42,107.3,28.5619
05/09/24 22:10:00.0,10.39,13.22,9.38,106.9,28.5608
05/09/24 22:20:00.0,10.35,13.22,9.35,106.5,28.5699
05/09/24 22:30:00.0,10.35,13.22,9.34,106.5,28.5615
05/09/24 22:40:00.0,10.36,13.20,9.35,106.5,28.5009
05/09/24 22:50:00.0,10.36,13.20,9.35,106.5,28.5795
05/09/24 23:00:00.0,10.32,13.22,9.31,106.1,28.5611
05/09/24 23:10:00.0,10.36,13.28,9.35,106.6,28.5274
05/09/24 23:20:00.0,10.23,13.30,9.23,105.3,28.5464
05/09/24 23:30:00.0,10.14,13.32,9.15,104.4,28.5556
05/09/24 23:40:00.0,10.09,13.26,9.10,103.8,28.5671
05/09/24 23:50:00.0,10.21,13.26,9.21,105.0,28.5511
05/10/24 00:00:00.0,10.24,13.30,9.24,105.4,28.5152
05/10/24 00:10:00.0,10.14,13.40,9.15,104.5,28.4694
05/10/24 00:20:00.0,10.04,13.40,9.05,103.5,28.5007
05/10/24 00:30:00.0,9.99,13.50,9.02,103.2,28.2819
05/10/24 00:40:00.0,9.81,13.96,8.88,102.4,28.0759
05/10/24 00:50:00.0,9.67,14.02,8.75,101.0,27.9896
05/10/24 01:00:00.0,9.65,13.80,8.71,100.3,28.3258
05/10/24 01:10:00.0,9.52,13.90,8.61,99.2,27.9629
05/10/24 01:20:00.0,9.60,13.82,8.68,99.8,28.0810
05/10/24 01:30:00.0,9.59,13.82,8.67,99.7,28.1142
05/10/24 01:40:00.0,9.15,13.94,8.29,95.3,27.6874
05/10/24 01:50:00.0,9.08,14.02,8.23,94.8,27.6387
05/10/24 02:00:00.0,9.29,13.88,8.40,96.6,27.8660
05/10/24 02:10:00.0,8.89,14.00,8.06,92.7,27.5988
05/10/24 02:20:00.0,8.86,14.12,8.04,92.6,27.4504
05/10/24 02:30:00.0,8.83,14.10,8.01,92.3,27.4663
05/10/24 02:40:00.0,8.82,14.08,8.00,92.1,27.4678
05/10/24 02:50:00.0,8.81,14.04,7.98,91.9,27.4858
05/10/24 03:00:00.0,8.71,14.00,7.89,90.8,27.4783
05/10/24 03:10:00.0,8.75,13.96,7.93,91.1,27.4562
05/10/24 03:20:00.0,8.70,13.92,7.89,90.5,27.3242
05/10/24 03:30:00.0,8.67,13.88,7.85,90.1,27.4385
05/10/24 03:40:00.0,8.66,13.82,7.84,89.8,27.5304
05/10/24 03:50:00.0,8.72,13.74,7.89,90.3,27.5444
05/10/24 04:00:00.0,8.70,13.70,7.87,90.0,27.5176
05/10/24 04:10:00.0,8.71,13.70,7.88,90.1,27.5166
05/10/24 04:20:00.0,8.61,13.68,7.79,89.0,27.4739
05/10/24 04:30:00.0,8.58,13.70,7.76,88.7,27.4000
05/10/24 04:40:00.0,8.45,13.72,7.65,87.4,27.3481
05/10/24 04:50:00.0,8.39,13.66,7.59,86.6,27.3339
05/10/24 05:00:00.0,8.42,13.60,7.62,86.8,27.3711
05/10/24 05:10:00.0,8.38,13.58,7.58,86.3,27.4401
05/10/24 05:20:00.0,8.48,13.56,7.66,87.3,27.4472
05/10/24 05:30:00.0,8.51,13.50,7.69,87.5,27.4682
05/10/24 05:40:00.0,8.34,13.44,7.54,85.6,27.4205
05/10/24 05:50:00.0,8.14,13.54,7.37,83.7,27.1831
05/10/24 06:00:00.0,8.10,13.56,7.33,83.4,27.0862
05/10/24 06:10:00.0,8.00,13.46,7.24,82.1,27.0126
05/10/24 06:20:00.0,7.75,13.48,7.02,79.6,26.8898
05/10/24 06:30:00.0,7.72,13.38,7.00,79.1,26.7645
05/10/24 06:40:00.0,7.80,13.42,7.06,80.0,26.9873
05/10/24 06:50:00.0,8.20,13.40,7.40,84.0,27.3980
05/10/24 07:00:00.0,8.53,13.30,7.69,87.2,27.5162
05/10/24 07:10:00.0,8.54,13.28,7.70,87.3,27.5569
05/10/24 07:20:00.0,8.61,13.26,7.75,87.9,27.6733
05/10/24 07:30:00.0,8.71,13.12,7.83,88.6,27.8437
05/10/24 07:40:00.0,8.78,13.00,7.89,89.1,27.8755
05/10/24 07:50:00.0,8.80,12.94,7.90,89.2,28.0156
05/10/24 08:00:00.0,8.78,12.96,7.88,89.0,28.0256
05/10/24 08:10:00.0,8.78,13.00,7.88,89.1,28.0702
05/10/24 08:20:00.0,9.04,13.04,8.10,91.8,28.1940
05/10/24 08:30:00.0,9.24,12.98,8.28,93.7,28.2949
05/10/24 08:40:00.0,9.36,13.00,8.38,94.9,28.3274
05/10/24 08:50:00.0,9.41,13.04,8.42,95.5,28.3258
05/10/24 09:00:00.0,9.48,13.08,8.48,96.3,28.3613
05/10/24 09:10:00.0,9.51,13.10,8.51,96.6,28.3452
05/10/24 09:20:00.0,9.54,13.10,8.54,96.9,28.3463
05/10/24 09:30:00.0,9.60,13.14,8.59,97.6,28.3473
05/10/24 09:40:00.0,9.69,13.06,8.66,98.3,28.4755
05/10/24 09:50:00.0,9.67,13.10,8.64,98.2,28.4670
05/10/24 10:00:00.0,9.69,13.10,8.66,98.3,28.4509
05/10/24 10:10:00.0,9.62,13.24,8.60,97.9,28.4519
05/10/24 10:20:00.0,9.63,13.24,8.61,98.0,28.4507
05/10/24 10:30:00.0,9.70,13.18,8.67,98.6,28.4399
05/10/24 10:40:00.0,10.10,13.00,9.01,102.2,28.6839
05/10/24 10:50:00.0,10.10,12.90,9.00,102.0,28.6762
05/10/24 11:00:00.0,10.04,12.94,8.95,101.4,28.6320
05/10/24 11:10:00.0,10.02,13.02,8.93,101.4,28.6227
05/10/24 11:20:00.0,9.97,13.16,8.89,101.2,28.6362
05/10/24 11:30:00.0,9.97,13.24,8.89,101.4,28.6348
05/10/24 11:40:00.0,9.96,13.32,8.88,101.4,28.5836
05/10/24 11:50:00.0,10.06,13.36,8.97,102.5,28.6168
05/10/24 12:00:00.0,10.01,13.50,8.93,102.3,28.5034
05/10/24 12:10:00.0,9.94,13.62,8.87,101.8,28.5023
05/10/24 12:20:00.0,9.98,13.66,8.91,102.3,28.4392
05/10/24 12:30:00.0,10.04,13.82,8.96,103.3,28.3986
05/10/24 12:40:00.0,9.91,13.94,8.86,102.2,28.2326
05/10/24 12:50:00.0,9.85,14.10,8.81,101.9,28.1610
05/10/24 13:00:00.0,9.78,14.16,8.75,101.3,28.1555
05/10/24 13:10:00.0,9.68,14.24,8.66,100.5,28.0449
05/10/24 13:20:00.0,9.79,14.40,8.76,101.9,28.0771
05/10/24 13:30:00.0,9.68,14.50,8.66,101.0,28.0079
05/10/24 13:40:00.0,9.81,14.64,8.78,102.6,27.9456
05/10/24 13:50:00.0,9.68,14.70,8.67,101.4,27.8457
05/10/24 14:00:00.0,9.85,14.86,8.82,103.5,27.8776
05/10/24 14:10:00.0,9.66,14.94,8.67,101.7,27.6518
05/10/24 14:20:00.0,9.59,15.12,8.61,101.3,27.5811
05/10/24 14:30:00.0,9.71,15.18,8.71,102.7,27.5854
05/10/24 14:40:00.0,9.65,15.36,8.67,102.5,27.4594
05/10/24 14:50:00.0,9.71,15.48,8.72,103.3,27.4037
05/10/24 15:00:00.0,9.69,15.60,8.71,103.4,27.3426
05/10/24 15:10:00.0,9.74,15.78,8.76,104.3,27.3408
05/10/24 15:20:00.0,9.71,15.72,8.73,103.8,27.2741
05/10/24 15:30:00.0,9.81,15.68,8.81,104.8,27.3693
05/10/24 15:40:00.0,9.84,15.68,8.84,105.1,27.3560
05/10/24 15:50:00.0,9.88,15.64,8.87,105.4,27.4409
05/10/24 16:00:00.0,9.84,15.60,8.84,104.9,27.3284
05/10/24 16:10:00.0,9.83,15.60,8.83,104.8,27.3258
05/10/24 16:20:00.0,9.86,15.56,8.85,105.0,27.3802
05/10/24 16:30:00.0,9.90,15.44,8.88,105.1,27.4826
05/10/24 16:40:00.0,10.00,15.36,8.96,106.0,27.6209
05/10/24 16:50:00.0,10.06,15.32,9.00,106.5,27.8390
05/10/24 17:00:00.0,10.21,15.12,9.12,107.6,27.9915
05/10/24 17:10:00.0,10.35,15.06,9.23,108.9,28.0846
05/10/24 17:20:00.0,10.34,15.06,9.22,108.8,28.1716
05/10/24 17:30:00.0,10.38,15.00,9.25,109.1,28.2018
05/10/24 17:40:00.0,10.76,14.92,9.58,112.8,28.4086
05/10/24 17:50:00.0,10.56,14.60,9.39,110.0,28.4176
05/10/24 18:00:00.0,10.50,14.44,9.33,108.9,28.4058
05/10/24 18:10:00.0,10.51,14.40,9.34,108.9,28.4100
05/10/24 18:20:00.0,10.48,14.40,9.31,108.6,28.3838
05/10/24 18:30:00.0,10.47,14.34,9.30,108.3,28.3821
05/10/24 18:40:00.0,10.48,14.44,9.32,108.7,28.2826
05/10/24 18:50:00.0,10.37,14.68,9.23,108.1,28.1520
05/10/24 19:00:00.0,10.27,14.78,9.14,107.2,28.1009
05/10/24 19:10:00.0,10.27,14.56,9.13,106.7,28.1969
05/10/24 19:20:00.0,10.34,14.40,9.19,107.1,28.3200
05/10/24 19:30:00.0,10.40,14.16,9.23,107.1,28.3514
05/10/24 19:40:00.0,10.39,14.24,9.23,107.2,28.2948
05/10/24 19:50:00.0,10.37,14.32,9.21,107.1,28.2399
05/10/24 20:00:00.0,10.37,14.38,9.21,107.3,28.1904
05/10/24 20:10:00.0,10.30,14.38,9.15,106.5,28.2288
05/10/24 20:20:00.0,10.25,14.20,9.09,105.6,28.4010
05/10/24 20:30:00.0,10.22,14.04,9.05,104.9,28.4956
05/10/24 20:40:00.0,10.35,13.76,9.16,105.5,28.5903
05/10/24 20:50:00.0,10.34,13.72,9.15,105.3,28.5795
05/10/24 21:00:00.0,10.32,13.64,9.12,104.9,28.6984
05/10/24 21:10:00.0,10.32,13.50,9.12,104.6,28.6946
05/10/24 21:20:00.0,10.32,13.48,9.12,104.5,28.6961
05/10/24 21:30:00.0,10.30,13.46,9.10,104.2,28.7152
05/10/24 21:40:00.0,10.28,13.42,9.08,103.9,28.7092
05/10/24 21:50:00.0,10.27,13.42,9.07,103.8,28.7157
05/10/24 22:00:00.0,10.25,13.42,9.05,103.6,28.6897
05/10/24 22:10:00.0,10.28,13.46,9.08,104.0,28.6512
05/10/24 22:20:00.0,10.23,13.52,9.03,103.6,28.6252
05/10/24 22:30:00.0,10.18,13.52,8.98,103.1,28.6994
05/10/24 22:40:00.0,10.35,13.18,9.12,104.0,28.8173
05/10/24 22:50:00.0,10.43,13.04,9.18,104.5,28.8874
05/10/24 23:00:00.0,10.42,13.02,9.17,104.3,28.8938
05/10/24 23:10:00.0,10.51,12.84,9.24,104.7,29.0935
05/10/24 23:20:00.0,10.58,12.66,9.30,105.0,29.0752
05/10/24 23:30:00.0,10.53,12.64,9.26,104.4,28.9204
05/10/24 23:40:00.0,10.52,12.68,9.24,104.4,29.0546
05/10/24 23:50:00.0,10.51,12.74,9.24,104.4,28.9821
05/11/24 00:00:00.0,10.47,12.76,9.20,104.1,28.9988
05/11/24 00:10:00.0,10.41,12.76,9.15,103.5,28.8622
05/11/24 00:20:00.0,10.33,12.88,9.08,102.9,28.9348
05/11/24 00:30:00.0,10.25,12.86,9.01,102.1,28.8894
05/11/24 00:40:00.0,10.38,12.78,9.11,103.2,29.0126
05/11/24 00:50:00.0,10.34,12.76,9.08,102.7,29.0318
05/11/24 01:00:00.0,10.30,12.76,9.05,102.3,28.9099
05/11/24 01:10:00.0,10.32,12.76,9.06,102.5,28.9994
05/11/24 01:20:00.0,10.27,12.88,9.03,102.2,28.7361
05/11/24 01:30:00.0,10.02,13.02,8.80,100.0,28.9280
05/11/24 01:40:00.0,9.86,13.18,8.69,98.8,28.3755
05/11/24 01:50:00.0,9.77,13.34,8.60,98.2,28.6434
05/11/24 02:00:00.0,9.95,12.98,8.74,99.2,28.8523
05/11/24 02:10:00.0,9.55,13.28,8.42,95.8,28.2821
05/11/24 02:20:00.0,9.59,13.20,8.43,96.1,28.6437
05/11/24 02:30:00.0,9.53,13.18,8.39,95.4,28.4886
05/11/24 02:40:00.0,9.53,13.18,8.38,95.4,28.5846
05/11/24 02:50:00.0,9.57,13.16,8.41,95.7,28.5465
05/11/24 03:00:00.0,9.44,13.20,8.30,94.5,28.4811
05/11/24 03:10:00.0,9.17,13.26,8.08,91.9,28.2221
05/11/24 03:20:00.0,9.04,13.36,7.97,90.8,28.0921
05/11/24 03:30:00.0,8.94,13.38,7.88,89.8,28.0743
05/11/24 03:40:00.0,8.94,13.40,7.88,89.8,28.1417
05/11/24 03:50:00.0,8.92,13.34,7.86,89.5,28.0229
05/11/24 04:00:00.0,8.90,13.32,7.85,89.3,27.9410
05/11/24 04:10:00.0,9.10,13.24,8.01,91.1,28.2010
05/11/24 04:20:00.0,9.08,13.18,7.98,90.7,28.3154
05/11/24 04:30:00.0,8.99,13.18,7.91,89.8,28.0982
05/11/24 04:40:00.0,8.70,13.14,7.64,86.8,28.3795
05/11/24 04:50:00.0,9.09,13.06,7.99,90.6,28.3305
05/11/24 05:00:00.0,8.84,13.14,7.78,88.2,28.0547
05/11/24 05:10:00.0,8.67,13.16,7.64,86.5,27.8306
05/11/24 05:20:00.0,8.58,13.10,7.57,85.5,27.5823
05/11/24 05:30:00.0,8.72,13.06,7.67,86.8,28.1412
05/11/24 05:40:00.0,8.83,13.02,7.76,87.8,28.2267
05/11/24 05:50:00.0,8.78,13.02,7.72,87.3,28.1491
05/11/24 06:00:00.0,8.81,12.98,7.74,87.5,28.1999
05/11/24 06:10:00.0,8.76,13.00,7.69,87.0,28.1758
05/11/24 06:20:00.0,8.70,12.90,7.64,86.2,28.2430
05/11/24 06:30:00.0,8.52,12.92,7.50,84.5,27.7838
05/11/24 06:40:00.0,8.37,12.94,7.37,83.0,27.6116
05/11/24 06:50:00.0,8.30,12.82,7.32,82.1,27.4495
05/11/24 07:00:00.0,8.23,12.80,7.25,81.3,27.4300
05/11/24 07:10:00.0,8.23,12.80,7.26,81.3,27.3871
05/11/24 07:20:00.0,8.19,12.86,7.22,81.0,27.4012
05/11/24 07:30:00.0,8.37,12.88,7.37,82.8,27.6368
05/11/24 07:40:00.0,8.53,12.90,7.49,84.4,27.9512
05/11/24 07:50:00.0,8.64,12.90,7.59,85.5,27.9654
05/11/24 08:00:00.0,8.74,12.84,7.67,86.4,28.0467
05/11/24 08:10:00.0,8.96,12.82,7.85,88.5,28.2119
05/11/24 08:20:00.0,9.14,12.82,8.01,90.3,28.2116
05/11/24 08:30:00.0,9.17,12.90,8.03,90.7,28.2478
05/11/24 08:40:00.0,9.20,12.88,8.06,91.0,28.2587
05/11/24 08:50:00.0,9.20,12.90,8.06,91.0,28.2542
05/11/24 09:00:00.0,9.18,12.92,8.04,90.8,28.2823
05/11/24 09:10:00.0,9.04,12.96,7.91,89.5,28.3703
05/11/24 09:20:00.0,9.29,13.02,8.12,92.1,28.4766
05/11/24 09:30:00.0,9.49,12.94,8.29,93.9,28.4959
05/11/24 09:40:00.0,9.77,12.84,8.52,96.4,28.7117
05/11/24 09:50:00.0,9.88,12.76,8.61,97.3,28.7887
05/11/24 10:00:00.0,9.93,12.86,8.65,98.0,28.8161
05/11/24 10:10:00.0,9.96,12.86,8.68,98.3,28.7997
05/11/24 10:20:00.0,9.93,12.78,8.65,97.8,28.8121
05/11/24 10:30:00.0,9.93,12.76,8.65,97.7,28.7767
05/11/24 10:40:00.0,9.96,12.84,8.67,98.2,28.9321
05/11/24 10:50:00.0,10.19,12.82,8.86,100.4,28.9921
05/11/24 11:00:00.0,10.26,12.74,8.92,100.9,29.0522
05/11/24 11:10:00.0,10.29,12.76,8.94,101.2,29.0410
05/11/24 11:20:00.0,10.26,12.82,8.92,101.0,29.0446
05/11/24 11:30:00.0,10.25,12.92,8.91,101.2,29.0404
05/11/24 11:40:00.0,10.27,13.00,8.93,101.5,29.0386
05/11/24 11:50:00.0,10.34,13.02,8.98,102.2,29.0476
05/11/24 12:00:00.0,10.39,13.04,9.02,102.8,29.1121
05/11/24 12:10:00.0,10.38,13.06,9.01,102.7,29.0829
05/11/24 12:20:00.0,10.37,13.18,9.01,102.9,29.0886
05/11/24 12:30:00.0,10.38,13.30,9.02,103.2,28.9882
05/11/24 12:40:00.0,10.36,13.42,9.01,103.3,28.9003
05/11/24 12:50:00.0,10.29,13.60,8.95,103.0,28.8538
05/11/24 13:00:00.0,10.26,13.70,8.93,102.9,28.7521
05/11/24 13:10:00.0,10.27,13.78,8.94,103.1,28.7866
05/11/24 13:20:00.0,10.27,13.88,8.94,103.4,28.6905
05/11/24 13:30:00.0,10.18,13.98,8.86,102.7,28.6924
05/11/24 13:40:00.0,10.23,13.94,8.91,103.1,28.5692
05/11/24 13:50:00.0,10.22,14.00,8.89,103.1,28.7992
05/11/24 14:00:00.0,10.40,13.86,9.04,104.5,28.9343
05/11/24 14:10:00.0,10.48,13.96,9.11,105.6,28.7953
05/11/24 14:20:00.0,10.22,14.16,8.91,103.4,28.4599
05/11/24 14:30:00.0,10.14,14.36,8.84,103.0,28.3612
05/11/24 14:40:00.0,10.04,14.42,8.76,102.1,28.2486
05/11/24 14:50:00.0,10.13,14.52,8.84,103.2,28.3040
05/11/24 15:00:00.0,10.15,14.68,8.86,103.8,28.2478
05/11/24 15:10:00.0,10.00,14.74,8.73,102.4,28.1486
05/11/24 15:20:00.0,10.15,14.92,8.85,104.3,28.3695
05/11/24 15:30:00.0,10.09,15.00,8.80,103.8,28.2530
05/11/24 15:40:00.0,10.14,14.88,8.85,104.1,28.2135
05/11/24 15:50:00.0,10.16,14.94,8.87,104.4,28.1689
05/11/24 16:00:00.0,10.18,15.02,8.88,104.8,28.1576
05/11/24 16:10:00.0,10.14,15.02,8.85,104.3,28.1299
05/11/24 16:20:00.0,10.15,15.10,8.86,104.6,28.0733
05/11/24 16:30:00.0,10.22,15.14,8.92,105.4,28.0813
05/11/24 16:40:00.0,10.20,15.14,8.90,105.2,28.0820
05/11/24 16:50:00.0,10.14,15.14,8.85,104.5,28.0078
05/11/24 17:00:00.0,10.16,15.22,8.87,104.9,28.0375
05/11/24 17:10:00.0,10.20,15.16,8.90,105.2,28.0726
05/11/24 17:20:00.0,10.25,15.14,8.94,105.6,28.0840
05/11/24 17:30:00.0,10.22,15.14,8.91,105.3,28.0908
05/11/24 17:40:00.0,10.21,15.16,8.91,105.2,28.0177
05/11/24 17:50:00.0,10.20,15.16,8.89,105.1,28.0535
05/11/24 18:00:00.0,10.23,15.10,8.91,105.3,28.1652
05/11/24 18:10:00.0,10.72,15.10,9.31,110.3,28.6587
05/11/24 18:20:00.0,10.62,14.92,9.22,108.8,28.6753
05/11/24 18:30:00.0,10.58,14.80,9.18,108.1,28.6545
05/11/24 18:40:00.0,10.58,14.68,9.18,107.8,28.6743
05/11/24 18:50:00.0,10.62,14.60,9.21,108.0,28.6947
05/11/24 19:00:00.0,10.64,14.56,9.22,108.1,28.7133
05/11/24 19:10:00.0,10.67,14.54,9.24,108.3,28.7324
05/11/24 19:20:00.0,10.63,14.50,9.21,107.8,28.7249
05/11/24 19:30:00.0,10.61,14.44,9.19,107.5,28.7329
05/11/24 19:40:00.0,10.60,14.38,9.18,107.2,28.7538
05/11/24 19:50:00.0,10.57,14.32,9.15,106.7,28.7696
05/11/24 20:00:00.0,10.57,14.30,9.15,106.7,28.6844
05/11/24 20:10:00.0,10.57,14.26,9.14,106.6,28.7893
05/11/24 20:20:00.0,10.48,14.18,9.06,105.5,28.8805
05/11/24 20:30:00.0,10.61,14.08,9.17,106.5,28.8938
05/11/24 20:40:00.0,10.67,14.12,9.22,107.2,28.8523
05/11/24 20:50:00.0,10.68,14.06,9.23,107.1,28.8607
05/11/24 21:00:00.0,10.62,14.04,9.17,106.5,28.8800
05/11/24 21:10:00.0,10.65,14.06,9.20,106.8,28.8160
05/11/24 21:20:00.0,10.53,14.12,9.09,105.7,28.8179
05/11/24 21:30:00.0,10.48,14.12,9.05,105.2,28.7586
05/11/24 21:40:00.0,10.38,14.10,8.96,104.1,28.8030
05/11/24 21:50:00.0,10.27,14.06,8.86,102.9,28.8465
05/11/24 22:00:00.0,10.27,13.94,8.86,102.6,28.9179
05/11/24 22:10:00.0,10.38,13.82,8.94,103.4,28.9870
05/11/24 22:20:00.0,10.35,13.76,8.92,103.0,28.9984
05/11/24 22:30:00.0,10.40,13.72,8.96,103.4,29.0253
05/11/24 22:40:00.0,10.39,13.70,8.94,103.2,29.0291
05/11/24 22:50:00.0,10.38,13.54,8.93,102.7,29.0806
05/11/24 23:00:00.0,10.43,13.42,8.97,102.9,29.0182
05/11/24 23:10:00.0,10.44,13.38,8.97,102.9,29.1472
05/11/24 23:20:00.0,10.46,13.30,8.99,102.9,29.1308
05/11/24 23:30:00.0,10.53,13.16,9.04,103.3,29.2348
05/11/24 23:40:00.0,10.56,13.08,9.06,103.4,29.2290
05/11/24 23:50:00.0,10.61,13.04,9.11,103.8,29.1060
05/12/24 00:00:00.0,10.61,13.04,9.10,103.7,29.2884
05/12/24 00:10:00.0,10.58,13.04,9.08,103.4,29.1675
05/12/24 00:20:00.0,10.58,13.00,9.07,103.3,29.3253
05/12/24 00:30:00.0,10.62,12.94,9.10,103.6,29.3502
05/12/24 00:40:00.0,10.60,12.94,9.08,103.3,29.3363
05/12/24 00:50:00.0,10.58,12.96,9.06,103.2,29.2942
05/12/24 01:00:00.0,10.50,13.04,9.00,102.6,29.2183
05/12/24 01:10:00.0,10.41,13.04,8.92,101.7,29.2302
05/12/24 01:20:00.0,10.42,13.00,8.92,101.7,29.3165
05/12/24 01:30:00.0,10.37,13.00,8.88,101.2,29.3232
05/12/24 01:40:00.0,10.34,13.06,8.86,101.0,29.2064
05/12/24 01:50:00.0,10.15,13.26,8.70,99.6,29.2184
05/12/24 02:00:00.0,10.33,13.08,8.85,100.9,29.2045
05/12/24 02:10:00.0,10.05,13.32,8.63,98.7,28.7749
05/12/24 02:20:00.0,10.22,13.16,8.75,100.0,29.2488
05/12/24 02:30:00.0,10.09,13.06,8.64,98.5,29.1255
05/12/24 02:40:00.0,9.82,13.20,8.42,96.1,28.9161
05/12/24 02:50:00.0,9.80,13.06,8.39,95.6,29.0530
05/12/24 03:00:00.0,9.70,13.20,8.32,94.9,28.7441
05/12/24 03:10:00.0,9.57,13.28,8.22,93.8,28.6379
05/12/24 03:20:00.0,9.29,13.28,7.98,91.0,28.6066
05/12/24 03:30:00.0,9.30,13.22,7.98,91.0,28.6595
05/12/24 03:40:00.0,9.38,13.20,8.04,91.7,28.8681
05/12/24 03:50:00.0,9.34,13.22,8.02,91.3,28.5685
05/12/24 04:00:00.0,9.28,13.22,7.96,90.7,28.7286
05/12/24 04:10:00.0,9.38,13.18,8.05,91.6,28.6438
05/12/24 04:20:00.0,9.23,13.18,7.92,90.1,28.5709
05/12/24 04:30:00.0,9.18,13.20,7.87,89.7,28.6217
05/12/24 04:40:00.0,9.65,13.16,8.26,94.2,28.8373
05/12/24 04:50:00.0,9.63,13.16,8.24,94.0,28.8688
05/12/24 05:00:00.0,9.79,13.16,8.39,95.5,28.7008
05/12/24 05:10:00.0,9.83,13.16,8.41,95.9,28.9546
05/12/24 05:20:00.0,9.71,13.12,8.30,94.6,29.0498
05/12/24 05:30:00.0,9.69,13.14,8.28,94.4,29.0690
05/12/24 05:40:00.0,9.31,13.12,7.95,90.7,29.1009
05/12/24 05:50:00.0,9.34,13.14,7.98,91.0,29.0620
05/12/24 06:00:00.0,9.72,13.18,8.31,94.8,28.8968
05/12/24 06:10:00.0,9.69,13.22,8.28,94.6,28.9083
05/12/24 06:20:00.0,9.46,13.20,8.08,92.3,28.9755
05/12/24 06:30:00.0,8.85,13.20,7.56,86.3,28.9170
05/12/24 06:40:00.0,9.18,13.16,7.85,89.4,28.8162
05/12/24 06:50:00.0,8.98,13.16,7.68,87.5,28.6198
05/12/24 07:00:00.0,8.87,13.16,7.59,86.4,28.4788
05/12/24 07:10:00.0,8.79,13.14,7.54,85.5,28.2576
05/12/24 07:20:00.0,8.73,13.20,7.45,85.1,28.8730
05/12/24 07:30:00.0,9.27,13.26,7.91,90.4,28.9152
05/12/24 07:40:00.0,9.24,13.34,7.89,90.3,28.8488
05/12/24 07:50:00.0,9.20,13.34,7.85,89.9,29.0235
05/12/24 08:00:00.0,8.74,13.42,7.46,85.5,28.9069
05/12/24 08:10:00.0,8.96,13.56,7.65,87.9,28.8551
05/12/24 08:20:00.0,8.86,13.64,7.56,87.1,28.9572
05/12/24 08:30:00.0,9.01,13.62,7.69,88.5,28.9007
05/12/24 08:40:00.0,9.14,13.78,7.80,90.1,28.8443
05/12/24 08:50:00.0,9.09,13.64,7.76,89.3,28.7186
05/12/24 09:00:00.0,9.23,13.76,7.87,90.9,28.9332
05/12/24 09:10:00.0,9.56,13.78,8.15,94.2,28.9961
05/12/24 09:20:00.0,9.57,13.88,8.16,94.5,28.9801
05/12/24 09:30:00.0,10.22,13.92,8.71,101.0,28.9590
05/12/24 09:40:00.0,10.13,13.94,8.63,100.1,28.9817
05/12/24 09:50:00.0,10.21,14.10,8.70,101.2,29.0099
05/12/24 10:00:00.0,9.92,14.08,8.45,98.3,29.0111
05/12/24 10:10:00.0,9.94,14.12,8.47,98.6,29.0226
05/12/24 10:20:00.0,9.97,14.04,8.49,98.7,28.9723
05/12/24 10:30:00.0,9.94,13.96,8.47,98.2,28.9272
05/12/24 10:40:00.0,10.13,13.88,8.62,99.9,29.0025
05/12/24 10:50:00.0,10.21,13.86,8.69,100.6,29.0644
05/12/24 11:00:00.0,10.29,13.74,8.75,101.1,29.0734
05/12/24 11:10:00.0,10.41,13.80,8.85,102.4,29.0957
05/12/24 11:20:00.0,10.43,13.86,8.87,102.7,29.1156
05/12/24 11:30:00.0,10.42,13.86,8.85,102.6,29.1708
05/12/24 11:40:00.0,10.36,13.86,8.81,102.0,29.0829
05/12/24 11:50:00.0,10.47,13.92,8.89,103.2,29.1614
05/12/24 12:00:00.0,10.44,13.94,8.86,102.9,29.2663
05/12/24 12:10:00.0,10.51,13.98,8.92,103.7,29.2013
05/12/24 12:20:00.0,10.52,14.04,8.93,103.9,29.2655
05/12/24 12:30:00.0,10.53,14.10,8.94,104.1,29.2597
05/12/24 12:40:00.0,10.52,14.18,8.93,104.2,29.2365
05/12/24 12:50:00.0,10.53,14.06,8.93,104.0,29.2720
05/12/24 13:00:00.0,10.54,14.04,8.95,104.0,29.1576
05/12/24 13:10:00.0,10.62,14.22,9.01,105.2,29.2241
05/12/24 13:20:00.0,10.66,14.26,9.04,105.7,29.2842
05/12/24 13:30:00.0,10.63,14.14,9.02,105.1,29.1971
05/12/24 13:40:00.0,10.64,14.18,9.02,105.3,29.2282
05/12/24 13:50:00.0,10.67,14.32,9.05,105.9,29.2318
05/12/24 14:00:00.0,10.66,14.46,9.04,106.1,29.2506
05/12/24 14:10:00.0,10.65,14.58,9.04,106.3,29.1096
05/12/24 14:20:00.0,10.67,14.60,9.05,106.5,29.1488
05/12/24 14:30:00.0,10.66,14.68,9.04,106.5,29.1567
05/12/24 14:40:00.0,10.77,14.90,9.14,108.1,29.1159
05/12/24 14:50:00.0,10.78,14.82,9.15,108.0,29.0827
05/12/24 15:00:00.0,10.71,14.88,9.09,107.5,29.1310
05/12/24 15:10:00.0,10.70,15.08,9.08,107.8,29.0699
05/12/24 15:20:00.0,10.71,15.18,9.09,108.1,29.0815
05/12/24 15:30:00.0,10.67,15.52,9.08,108.5,28.7012
05/12/24 15:40:00.0,10.55,15.46,8.97,107.1,28.6962
05/12/24 15:50:00.0,10.74,15.58,9.14,109.3,28.5609
05/12/24 16:00:00.0,10.32,15.70,8.79,105.3,28.4632
05/12/24 16:10:00.0,10.40,15.76,8.85,106.2,28.6009
05/12/24 16:20:00.0,10.28,15.90,8.76,105.3,28.4002
05/12/24 16:30:00.0,10.21,15.98,8.70,104.7,28.3381
05/12/24 16:40:00.0,10.25,16.06,8.74,105.3,28.3353
05/12/24 16:50:00.0,10.19,16.14,8.69,104.8,28.2680
05/12/24 17:00:00.0,10.20,16.20,8.70,105.1,28.1829
05/12/24 17:10:00.0,10.21,16.18,8.71,105.1,28.2309
05/12/24 17:20:00.0,10.20,16.16,8.70,104.9,28.2091
05/12/24 17:30:00.0,10.21,16.16,8.70,105.0,28.2136
05/12/24 17:40:00.0,10.16,16.18,8.66,104.5,28.2334
05/12/24 17:50:00.0,10.32,16.28,8.79,106.4,28.3238
05/12/24 18:00:00.0,10.40,16.24,8.85,107.1,28.3897
05/12/24 18:10:00.0,10.36,16.12,8.82,106.4,28.3333
05/12/24 18:20:00.0,10.30,16.14,8.77,105.8,28.3425
05/12/24 18:30:00.0,10.26,16.10,8.73,105.3,28.3160
05/12/24 18:40:00.0,10.28,16.08,8.75,105.4,28.2511
05/12/24 18:50:00.0,10.24,16.04,8.71,104.9,28.3337
05/12/24 19:00:00.0,10.27,16.00,8.73,105.1,28.3380
05/12/24 19:10:00.0,10.30,15.90,8.75,105.2,28.3874
05/12/24 19:20:00.0,10.33,15.86,8.78,105.4,28.3607
05/12/24 19:30:00.0,10.56,15.92,8.96,107.9,28.5853
05/12/24 19:40:00.0,10.65,15.80,9.03,108.5,28.7083
05/12/24 19:50:00.0,10.80,15.42,9.15,109.1,28.7479
05/12/24 20:00:00.0,10.89,15.36,9.22,109.9,28.7031
05/12/24 20:10:00.0,10.78,15.38,9.13,108.8,28.7362
05/12/24 20:20:00.0,10.94,15.34,9.26,110.3,28.7800
05/12/24 20:30:00.0,10.84,15.36,9.17,109.3,28.7728
05/12/24 20:40:00.0,10.79,15.30,9.13,108.6,28.7501
05/12/24 20:50:00.0,10.79,15.26,9.13,108.5,28.7813
05/12/24 21:00:00.0,10.62,15.28,8.98,106.8,28.7788
05/12/24 21:10:00.0,10.52,15.26,8.89,105.8,28.7663
05/12/24 21:20:00.0,10.39,15.24,8.78,104.4,28.7623
05/12/24 21:30:00.0,10.39,15.18,8.78,104.3,28.8024
05/12/24 21:40:00.0,10.36,15.14,8.75,103.9,28.7752
05/12/24 21:50:00.0,10.44,15.12,8.82,104.6,28.7650
05/12/24 22:00:00.0,10.43,15.10,8.81,104.4,28.8180
05/12/24 22:10:00.0,10.40,15.08,8.78,104.1,28.8007
05/12/24 22:20:00.0,10.35,15.12,8.73,103.6,28.8612
05/12/24 22:30:00.0,10.40,15.16,8.77,104.2,28.9508
05/12/24 22:40:00.0,10.53,15.06,8.87,105.3,29.0953
05/12/24 22:50:00.0,10.56,14.94,8.90,105.3,28.9991
05/12/24 23:00:00.0,10.22,14.82,8.60,101.6,29.1539
05/12/24 23:10:00.0,9.65,14.66,8.11,95.6,29.2368
05/12/24 23:20:00.0,9.76,14.50,8.20,96.3,29.2865
05/12/24 23:30:00.0,9.72,14.42,8.16,95.8,29.3099
05/12/24 23:40:00.0,10.06,14.34,8.45,98.9,29.2835
05/12/24 23:50:00.0,10.16,14.30,8.52,99.8,29.3601
05/13/24 00:00:00.0,10.39,14.26,8.71,101.9,29.3928
05/13/24 00:10:00.0,10.58,13.94,8.87,103.1,29.3544
05/13/24 00:20:00.0,10.63,13.74,8.90,103.1,29.4921
05/13/24 00:30:00.0,10.56,13.66,8.83,102.2,29.6107
05/13/24 00:40:00.0,10.55,13.58,8.83,101.9,29.5301
05/13/24 00:50:00.0,10.55,13.52,8.82,101.8,29.5940
05/13/24 01:00:00.0,10.56,13.48,8.82,101.8,29.6896
05/13/24 01:10:00.0,10.53,13.44,8.80,101.4,29.5888
05/13/24 01:20:00.0,10.49,13.44,8.76,101.0,29.6794
05/13/24 01:30:00.0,10.40,13.44,8.68,100.1,29.6967
05/13/24 01:40:00.0,10.43,13.44,8.72,100.3,29.5282
05/13/24 01:50:00.0,10.38,13.46,8.67,99.9,29.6449
05/13/24 02:00:00.0,10.43,13.46,8.71,100.4,29.6045
05/13/24 02:10:00.0,10.41,13.52,8.69,100.3,29.5733
05/13/24 02:20:00.0,10.26,13.66,8.57,99.1,29.4820
05/13/24 02:30:00.0,10.15,13.68,8.48,98.1,29.4592
05/13/24 02:40:00.0,10.25,13.52,8.55,98.7,29.5797
05/13/24 02:50:00.0,10.28,13.50,8.58,98.9,29.5604
05/13/24 03:00:00.0,10.24,13.50,8.54,98.5,29.6825
05/13/24 03:10:00.0,10.27,13.50,8.56,98.8,29.6604
05/13/24 03:20:00.0,10.21,13.50,8.52,98.2,29.5598
05/13/24 03:30:00.0,10.14,13.50,8.45,97.5,29.6952
05/13/24 03:40:00.0,10.16,13.58,8.47,97.9,29.6627
05/13/24 03:50:00.0,10.05,13.68,8.38,97.0,29.5760
05/13/24 04:00:00.0,9.85,13.84,8.22,95.4,29.5274
05/13/24 04:10:00.0,9.85,13.74,8.21,95.2,29.6178
05/13/24 04:20:00.0,9.70,13.92,8.10,94.1,29.2990
05/13/24 04:30:00.0,9.53,13.96,7.96,92.5,29.3160
05/13/24 04:40:00.0,9.49,13.92,7.93,92.0,29.1534
05/13/24 04:50:00.0,9.52,13.78,7.93,92.0,29.5486
05/13/24 05:00:00.0,9.64,13.62,8.03,92.8,29.6283
05/13/24 05:10:00.0,9.51,13.76,7.93,91.8,29.3531
05/13/24 05:20:00.0,9.55,13.80,7.97,92.3,29.3106
05/13/24 05:30:00.0,9.65,13.84,8.05,93.3,29.2975
05/13/24 05:40:00.0,9.62,13.84,8.02,93.0,29.3273
05/13/24 05:50:00.0,9.58,13.90,7.99,92.7,29.2620
05/13/24 06:00:00.0,9.80,13.92,8.17,94.9,29.2460
05/13/24 06:10:00.0,9.80,13.94,8.17,94.9,29.2553
05/13/24 06:20:00.0,9.66,13.94,8.06,93.5,29.2180
05/13/24 06:30:00.0,9.10,14.10,7.60,88.4,29.0494
05/13/24 06:40:00.0,9.03,14.12,7.53,87.8,29.1479
05/13/24 06:50:00.0,8.95,14.16,7.47,87.0,28.9616
05/13/24 07:00:00.0,8.87,14.30,7.41,86.5,28.8824
05/13/24 07:10:00.0,8.81,14.38,7.37,86.1,28.7403
05/13/24 07:20:00.0,8.87,14.42,7.41,86.7,28.8376
05/13/24 07:30:00.0,8.84,14.44,7.38,86.4,28.9026
05/13/24 07:40:00.0,8.81,14.46,7.36,86.2,28.7677
05/13/24 07:50:00.0,8.82,14.48,7.37,86.3,28.7445
05/13/24 08:00:00.0,8.73,14.66,7.30,85.7,28.6945
05/13/24 08:10:00.0,9.07,14.48,7.56,88.7,29.0393
05/13/24 08:20:00.0,9.29,14.44,7.76,90.8,28.8477
05/13/24 08:30:00.0,9.50,14.42,7.91,92.8,29.2605
05/13/24 08:40:00.0,9.63,14.62,8.02,94.4,29.3127
05/13/24 08:50:00.0,9.44,14.84,7.85,93.0,29.4007
05/13/24 09:00:00.0,9.40,14.80,7.82,92.5,29.3990
05/13/24 09:10:00.0,9.34,14.94,7.78,92.2,29.2463
05/13/24 09:20:00.0,9.49,14.76,7.90,93.3,29.2987
05/13/24 09:30:00.0,9.67,14.92,8.04,95.4,29.3370
05/13/24 09:40:00.0,9.85,15.02,8.19,97.3,29.3829
05/13/24 09:50:00.0,9.94,15.14,8.27,98.4,29.3268
05/13/24 10:00:00.0,9.77,15.24,8.13,97.0,29.3544
05/13/24 10:10:00.0,9.90,15.08,8.23,97.9,29.3356
05/13/24 10:20:00.0,9.86,15.12,8.20,97.6,29.3431
05/13/24 10:30:00.0,9.82,15.14,8.17,97.2,29.2993
05/13/24 10:40:00.0,10.55,15.26,8.77,104.7,29.3541
05/13/24 10:50:00.0,10.88,15.58,9.04,108.7,29.4219
05/13/24 11:00:00.0,10.40,15.52,8.64,103.7,29.3727
05/13/24 11:10:00.0,10.79,15.32,8.96,107.1,29.3799
05/13/24 11:20:00.0,10.90,15.28,9.05,108.1,29.3887
05/13/24 11:30:00.0,10.76,15.30,8.94,106.8,29.3922
05/13/24 11:40:00.0,10.79,15.46,8.96,107.4,29.3892
05/13/24 11:50:00.0,10.62,15.32,8.82,105.4,29.3622
05/13/24 12:00:00.0,10.82,15.30,8.98,107.3,29.3885
05/13/24 12:10:00.0,10.78,15.30,8.95,106.9,29.3472
05/13/24 12:20:00.0,10.80,15.34,8.97,107.2,29.3139
05/13/24 12:30:00.0,10.91,15.48,9.07,108.6,29.1267
05/13/24 12:40:00.0,10.92,15.52,9.07,108.7,29.1640
05/13/24 12:50:00.0,10.68,15.34,8.87,105.9,29.2248
05/13/24 13:00:00.0,10.81,15.58,8.98,107.7,29.1924
05/13/24 13:10:00.0,10.63,15.48,8.82,105.7,29.2465
05/13/24 13:20:00.0,10.69,15.44,8.87,106.2,29.2599
05/13/24 13:30:00.0,11.02,15.70,9.14,110.1,29.2893
05/13/24 13:40:00.0,10.99,15.74,9.12,109.8,29.2006
05/13/24 13:50:00.0,11.06,15.76,9.18,110.6,29.2022
05/13/24 14:00:00.0,11.11,15.80,9.21,111.1,29.3010
05/13/24 14:10:00.0,11.05,15.82,9.17,110.6,29.2413
05/13/24 14:20:00.0,10.88,15.66,9.02,108.5,29.2976
05/13/24 14:30:00.0,10.88,15.72,9.02,108.6,29.2613
05/13/24 14:40:00.0,10.90,15.82,9.04,109.0,29.2205
05/13/24 14:50:00.0,10.96,15.98,9.09,110.0,29.1776
05/13/24 15:00:00.0,10.97,16.26,9.11,110.7,29.1151
05/13/24 15:10:00.0,10.90,16.28,9.04,110.0,29.2724
05/13/24 15:20:00.0,10.93,16.20,9.06,110.1,29.2706
05/13/24 15:30:00.0,10.94,16.30,9.07,110.4,29.2386
05/13/24 15:40:00.0,10.95,16.28,9.07,110.5,29.2744
05/13/24 15:50:00.0,11.05,16.52,9.16,112.0,29.2145
05/13/24 16:00:00.0,11.21,16.94,9.30,114.6,29.1111
05/13/24 16:10:00.0,11.16,17.28,9.28,114.9,28.8085
05/13/24 16:20:00.0,10.91,17.36,9.08,112.5,28.6427
05/13/24 16:30:00.0,10.81,17.38,9.00,111.5,28.6620
05/13/24 16:40:00.0,10.75,17.50,8.96,111.1,28.5264
05/13/24 16:50:00.0,10.63,17.80,8.86,110.6,28.4037
05/13/24 17:00:00.0,10.64,17.92,8.87,110.9,28.4160
05/13/24 17:10:00.0,10.65,17.96,8.88,111.1,28.4194
05/13/24 17:20:00.0,10.65,17.98,8.88,111.1,28.4168
05/13/24 17:30:00.0,10.62,18.06,8.85,111.0,28.4271
05/13/24 17:40:00.0,10.66,18.08,8.89,111.4,28.3364
05/13/24 17:50:00.0,10.43,18.22,8.70,109.3,28.2080
05/13/24 18:00:00.0,10.40,18.26,8.68,109.1,28.2484
05/13/24 18:10:00.0,10.66,18.04,8.88,111.3,28.3865
05/13/24 18:20:00.0,10.66,17.96,8.87,111.1,28.4536
05/13/24 18:30:00.0,10.66,17.92,8.87,111.0,28.4305
05/13/24 18:40:00.0,10.61,17.92,8.83,110.4,28.4344
05/13/24 18:50:00.0,10.54,17.88,8.77,109.6,28.4095
05/13/24 19:00:00.0,10.50,17.88,8.74,109.2,28.3786
05/13/24 19:10:00.0,10.36,17.82,8.62,107.6,28.4010
05/13/24 19:20:00.0,10.27,17.78,8.54,106.5,28.4478
05/13/24 19:30:00.0,10.41,17.72,8.66,107.8,28.4248
05/13/24 19:40:00.0,10.35,17.70,8.60,107.1,28.4332
05/13/24 19:50:00.0,10.24,17.66,8.51,105.9,28.4837
05/13/24 20:00:00.0,10.33,17.54,8.58,106.5,28.5617
05/13/24 20:10:00.0,10.38,17.40,8.61,106.7,28.6041
05/13/24 20:20:00.0,10.40,17.34,8.62,106.8,28.6584
05/13/24 20:30:00.0,10.44,17.26,8.66,107.0,28.5482
05/13/24 20:40:00.0,10.63,17.06,8.80,108.5,28.7396
05/13/24 20:50:00.0,10.50,16.98,8.69,106.9,28.7235
05/13/24 21:00:00.0,10.39,17.06,8.60,106.0,28.7452
05/13/24 21:10:00.0,10.16,16.96,8.41,103.4,28.7608
05/13/24 21:20:00.0,10.06,17.04,8.34,102.5,28.5239
05/13/24 21:30:00.0,9.99,17.12,8.28,102.0,28.4455
05/13/24 21:40:00.0,9.88,17.22,8.19,101.0,28.4651
05/13/24 21:50:00.0,9.63,17.18,7.98,98.4,28.5556
05/13/24 22:00:00.0,9.82,16.84,8.13,99.6,28.6012
05/13/24 22:10:00.0,9.80,16.86,8.10,99.4,28.6687
05/13/24 22:20:00.0,9.83,16.84,8.14,99.7,28.4743
05/13/24 22:30:00.0,9.73,16.90,8.05,98.8,28.6076
05/13/24 22:40:00.0,9.64,16.96,7.97,98.0,28.6121
05/13/24 22:50:00.0,9.57,16.98,7.91,97.3,28.6076
05/13/24 23:00:00.0,9.72,16.74,8.03,98.3,28.6205
05/13/24 23:10:00.0,10.08,16.46,8.32,101.3,28.6712
05/13/24 23:20:00.0,10.12,16.40,8.35,101.6,28.6811
05/13/24 23:30:00.0,10.08,16.38,8.32,101.1,28.7609
05/13/24 23:40:00.0,10.33,16.28,8.51,103.4,28.9148
05/13/24 23:50:00.0,10.43,16.18,8.58,104.1,29.0326
05/14/24 00:00:00.0,10.41,16.16,8.57,103.9,29.0289
05/14/24 00:10:00.0,10.19,16.18,8.39,101.7,28.9794
05/14/24 00:20:00.0,10.04,16.20,8.26,100.2,28.9447
05/14/24 00:30:00.0,9.98,16.18,8.21,99.6,29.0860
05/14/24 00:40:00.0,10.39,15.44,8.51,102.0,29.4295
05/14/24 00:50:00.0,10.51,14.98,8.59,102.2,29.6638
05/14/24 01:00:00.0,10.49,14.88,8.57,101.8,29.6668
05/14/24 01:10:00.0,10.46,14.86,8.55,101.4,29.5904
05/14/24 01:20:00.0,10.42,14.84,8.52,101.0,29.5382
05/14/24 01:30:00.0,10.35,14.84,8.46,100.3,29.6496
05/14/24 01:40:00.0,10.41,14.82,8.50,100.8,29.6468
05/14/24 01:50:00.0,10.42,14.80,8.51,100.8,29.6590
05/14/24 02:00:00.0,10.34,14.80,8.45,100.0,29.5076
05/14/24 02:10:00.0,10.26,14.78,8.38,99.2,29.6590
05/14/24 02:20:00.0,10.22,14.76,8.34,98.7,29.6850
05/14/24 02:30:00.0,10.26,14.74,8.37,99.1,29.7064
05/14/24 02:40:00.0,10.25,14.68,8.36,98.8,29.7385
05/14/24 02:50:00.0,10.24,14.66,8.35,98.7,29.6972
05/14/24 03:00:00.0,10.21,14.62,8.32,98.3,29.7478
05/14/24 03:10:00.0,10.33,14.54,8.42,99.2,29.7491
05/14/24 03:20:00.0,10.27,14.52,8.36,98.6,29.7878
05/14/24 03:30:00.0,10.16,14.52,8.27,97.5,29.7465
05/14/24 03:40:00.0,10.10,14.52,8.22,96.9,29.7832
05/14/24 03:50:00.0,10.05,14.52,8.18,96.4,29.7660
05/14/24 04:00:00.0,10.11,14.52,8.23,97.0,29.6678
05/14/24 04:10:00.0,10.13,14.52,8.24,97.2,29.7691
05/14/24 04:20:00.0,10.04,14.56,8.17,96.4,29.6802
05/14/24 04:30:00.0,9.98,14.56,8.12,95.8,29.6771
05/14/24 04:40:00.0,9.87,14.64,8.03,94.9,29.7465
05/14/24 04:50:00.0,9.57,15.00,7.80,92.7,29.5252
05/14/24 05:00:00.0,9.74,14.82,7.92,94.0,29.7339
05/14/24 05:10:00.0,9.63,14.82,7.84,92.9,29.5325
05/14/24 05:20:00.0,9.31,15.00,7.58,90.1,29.5243
05/14/24 05:30:00.0,9.45,15.12,7.71,91.7,29.2750
05/14/24 05:40:00.0,9.34,15.08,7.61,90.6,29.3821
05/14/24 05:50:00.0,9.18,15.34,7.49,89.5,29.1633
05/14/24 06:00:00.0,9.11,15.48,7.44,89.1,29.0324
05/14/24 06:10:00.0,9.13,15.48,7.45,89.2,29.1559
05/14/24 06:20:00.0,9.04,15.52,7.37,88.4,29.2744
05/14/24 06:30:00.0,8.84,15.50,7.22,86.4,29.0117
05/14/24 06:40:00.0,8.75,15.38,7.14,85.3,29.0322
05/14/24 06:50:00.0,8.79,15.46,7.18,85.8,28.8911
05/14/24 07:00:00.0,8.78,15.66,7.19,86.1,28.6587
05/14/24 07:10:00.0,8.75,15.64,7.15,85.7,28.9035
05/14/24 07:20:00.0,8.83,15.66,7.23,86.5,28.5855
05/14/24 07:30:00.0,8.84,15.74,7.23,86.8,28.6153
05/14/24 07:40:00.0,8.79,15.82,7.19,86.4,28.5602
05/14/24 07:50:00.0,8.83,16.00,7.23,87.1,28.5617
05/14/24 08:00:00.0,8.86,15.76,7.24,87.0,28.6523
05/14/24 08:10:00.0,8.87,15.68,7.25,86.9,28.7110
05/14/24 08:20:00.0,9.01,15.60,7.35,88.1,28.8414
05/14/24 08:30:00.0,9.02,15.58,7.37,88.1,28.7534
05/14/24 08:40:00.0,8.93,15.64,7.29,87.4,28.7759
05/14/24 08:50:00.0,9.29,15.62,7.58,90.8,28.8206
05/14/24 09:00:00.0,9.28,15.76,7.58,91.0,28.7156
05/14/24 09:10:00.0,9.20,15.84,7.52,90.3,28.5859
05/14/24 09:20:00.0,9.23,15.86,7.54,90.7,28.6467
05/14/24 09:30:00.0,9.45,16.02,7.72,93.1,28.6695
05/14/24 09:40:00.0,9.31,16.06,7.61,91.8,28.5897
05/14/24 09:50:00.0,9.37,16.28,7.66,92.8,28.5677
05/14/24 10:00:00.0,9.41,16.34,7.69,93.3,28.5327
05/14/24 10:10:00.0,9.40,16.22,7.68,93.0,28.4980
05/14/24 10:20:00.0,9.53,16.26,7.79,94.3,28.5065
05/14/24 10:30:00.0,9.58,16.42,7.84,95.1,28.2856
05/14/24 10:40:00.0,9.65,16.48,7.89,95.9,28.3244
05/14/24 10:50:00.0,9.69,16.60,7.92,96.5,28.3567
05/14/24 11:00:00.0,9.74,16.74,7.96,97.3,28.4791
05/14/24 11:10:00.0,9.73,16.40,7.94,96.5,28.5517
05/14/24 11:20:00.0,9.84,16.48,8.03,97.7,28.6395
05/14/24 11:30:00.0,9.96,16.42,8.12,98.8,28.7825
05/14/24 11:40:00.0,9.94,16.32,8.10,98.4,28.7441
05/14/24 11:50:00.0,9.94,16.38,8.10,98.5,28.7191
05/14/24 12:00:00.0,9.92,16.52,8.08,98.5,28.7503
05/14/24 12:10:00.0,9.98,16.54,8.13,99.2,28.7518
05/14/24 12:20:00.0,10.07,16.50,8.20,100.0,28.8428
05/14/24 12:30:00.0,10.21,16.56,8.30,101.5,29.0230
05/14/24 12:40:00.0,10.39,16.58,8.44,103.3,29.0962
05/14/24 12:50:00.0,10.66,16.62,8.66,106.0,29.1111
05/14/24 13:00:00.0,11.12,16.82,9.04,111.0,29.0962
05/14/24 13:10:00.0,11.32,16.92,9.21,113.3,28.9435
05/14/24 13:20:00.0,11.28,16.92,9.17,112.8,29.0249
05/14/24 13:30:00.0,10.79,16.92,8.77,107.9,29.0606
05/14/24 13:40:00.0,10.83,16.90,8.79,108.3,29.0964
05/14/24 13:50:00.0,11.04,16.62,8.94,109.7,29.4678
05/14/24 14:00:00.0,11.27,16.14,9.11,110.8,29.6401
05/14/24 14:10:00.0,11.34,16.04,9.16,111.3,29.6490
05/14/24 14:20:00.0,11.18,16.12,9.03,109.9,29.6819
05/14/24 14:30:00.0,11.09,15.98,8.95,108.6,29.6788
05/14/24 14:40:00.0,11.17,16.10,9.02,109.7,29.6741
05/14/24 14:50:00.0,11.20,16.18,9.04,110.1,29.6391
05/14/24 15:00:00.0,11.25,16.30,9.09,110.9,29.6357
05/14/24 15:10:00.0,11.32,16.36,9.14,111.7,29.5898
05/14/24 15:20:00.0,11.46,16.40,9.25,113.2,29.6146
05/14/24 15:30:00.0,11.46,16.46,9.26,113.3,29.5599
05/14/24 15:40:00.0,11.39,16.68,9.21,113.1,29.4877
05/14/24 15:50:00.0,11.39,16.82,9.21,113.4,29.4394
05/14/24 16:00:00.0,11.39,16.92,9.21,113.6,29.4233
05/14/24 16:10:00.0,11.40,16.96,9.22,113.8,29.3662
05/14/24 16:20:00.0,11.47,17.04,9.27,114.7,29.4095
05/14/24 16:30:00.0,11.56,16.94,9.34,115.3,29.4178
05/14/24 16:40:00.0,11.42,16.88,9.22,113.8,29.4630
05/14/24 16:50:00.0,11.40,16.88,9.21,113.5,29.3335
05/14/24 17:00:00.0,11.36,16.96,9.18,113.3,29.4256
05/14/24 17:10:00.0,11.37,17.00,9.18,113.5,29.4186
05/14/24 17:20:00.0,11.50,17.16,9.30,115.1,29.2265
05/14/24 17:30:00.0,11.34,17.86,9.19,115.2,29.0078
05/14/24 17:40:00.0,11.08,17.86,8.98,112.5,29.0210
05/14/24 17:50:00.0,11.10,17.90,9.00,112.8,28.8589
05/14/24 18:00:00.0,10.97,18.26,8.92,112.3,28.5151
05/14/24 18:10:00.0,10.88,18.62,8.86,112.2,28.2684
05/14/24 18:20:00.0,10.81,18.78,8.80,111.8,28.2578
05/14/24 18:30:00.0,10.78,18.84,8.78,111.6,28.2671
05/14/24 18:40:00.0,10.71,18.84,8.72,110.8,28.2433
05/14/24 18:50:00.0,10.74,18.80,8.74,111.0,28.3064
05/14/24 19:00:00.0,10.71,18.68,8.71,110.4,28.4125
05/14/24 19:10:00.0,10.70,18.70,8.70,110.4,28.2799
05/14/24 19:20:00.0,10.55,18.74,8.58,108.9,28.3721
05/14/24 19:30:00.0,10.56,18.70,8.59,108.9,28.2933
05/14/24 19:40:00.0,10.44,18.76,8.49,107.8,28.3286
05/14/24 19:50:00.0,10.46,18.70,8.50,107.8,28.3773
05/14/24 20:00:00.0,10.34,18.56,8.40,106.3,28.4120
05/14/24 20:10:00.0,10.24,18.46,8.32,105.0,28.2804
05/14/24 20:20:00.0,10.28,18.36,8.33,105.2,28.5707
05/14/24 20:30:00.0,10.41,18.28,8.44,106.3,28.4485
05/14/24 20:40:00.0,10.44,18.22,8.47,106.5,28.4089
05/14/24 20:50:00.0,10.35,18.16,8.39,105.4,28.3522
05/14/24 21:00:00.0,10.36,17.98,8.39,105.1,28.5490
05/14/24 21:10:00.0,10.51,17.76,8.50,106.1,28.7290
05/14/24 21:20:00.0,10.36,17.66,8.37,104.4,28.8021
05/14/24 21:30:00.0,10.41,17.64,8.41,104.8,28.7292
05/14/24 21:40:00.0,10.26,17.60,8.29,103.2,28.8086
05/14/24 21:50:00.0,9.84,17.52,7.94,98.8,28.9044
05/14/24 22:00:00.0,9.94,17.42,8.02,99.6,28.8770
05/14/24 22:10:00.0,10.21,17.38,8.24,102.2,28.8482
05/14/24 22:20:00.0,10.33,17.32,8.33,103.2,28.8983
05/14/24 22:30:00.0,10.24,17.00,8.24,101.6,29.0401
05/14/24 22:40:00.0,10.44,16.90,8.40,103.4,29.0866
05/14/24 22:50:00.0,10.56,16.86,8.50,104.5,29.0579
05/14/24 23:00:00.0,10.29,16.84,8.28,101.7,29.0808
05/14/24 23:10:00.0,10.47,16.86,8.42,103.5,29.0445
05/14/24 23:20:00.0,10.39,16.88,8.36,102.8,29.0175
05/14/24 23:30:00.0,10.38,16.94,8.35,102.8,28.9746
05/14/24 23:40:00.0,9.91,17.18,7.98,98.6,28.8870
05/14/24 23:50:00.0,9.91,17.20,7.98,98.6,28.8381
05/15/24 00:00:00.0,9.94,17.18,8.00,98.9,28.9137
05/15/24 00:10:00.0,10.06,16.98,8.09,99.6,28.9666
05/15/24 00:20:00.0,9.98,16.88,8.02,98.6,28.9492
05/15/24 00:30:00.0,10.15,16.76,8.16,100.0,28.8734
05/15/24 00:40:00.0,10.18,16.70,8.18,100.2,28.9044
05/15/24 00:50:00.0,10.14,16.66,8.15,99.7,28.9236
05/15/24 01:00:00.0,10.11,16.64,8.12,99.3,28.8607
05/15/24 01:10:00.0,9.45,16.68,7.59,92.9,28.9778
05/15/24 01:20:00.0,8.33,16.66,6.67,81.9,29.2782
05/15/24 01:30:00.0,9.40,16.50,7.52,92.0,29.3783
05/15/24 01:40:00.0,9.72,16.38,7.78,94.9,29.3773
05/15/24 01:50:00.0,9.73,16.34,7.78,94.9,29.3431
05/15/24 02:00:00.0,9.43,16.36,7.54,92.0,29.3861
05/15/24 02:10:00.0,8.81,16.52,7.05,86.2,29.4073
05/15/24 02:20:00.0,8.56,16.52,6.84,83.8,29.4558
05/15/24 02:30:00.0,8.65,16.46,6.91,84.5,29.4118
05/15/24 02:40:00.0,9.15,16.34,7.31,89.2,29.4328
05/15/24 02:50:00.0,9.40,16.28,7.51,91.5,29.4261
05/15/24 03:00:00.0,9.76,16.14,7.79,94.7,29.5870
05/15/24 03:10:00.0,9.94,15.78,7.92,95.7,29.7295
05/15/24 03:20:00.0,10.18,15.56,8.10,97.5,29.7904
05/15/24 03:30:00.0,10.20,15.48,8.12,97.5,29.6949
05/15/24 03:40:00.0,10.00,15.48,7.95,95.6,29.7950
05/15/24 03:50:00.0,9.88,15.46,7.86,94.4,29.8117
05/15/24 04:00:00.0,9.97,15.50,7.93,95.3,29.7607
05/15/24 04:10:00.0,9.90,15.54,7.87,94.7,29.7569
05/15/24 04:20:00.0,9.87,15.56,7.85,94.5,29.7709
05/15/24 04:30:00.0,9.87,15.52,7.85,94.4,29.7713
05/15/24 04:40:00.0,9.82,15.50,7.80,93.8,29.7913
05/15/24 04:50:00.0,9.76,15.48,7.75,93.2,29.7760
05/15/24 05:00:00.0,9.70,15.48,7.71,92.6,29.6397
05/15/24 05:10:00.0,9.78,15.46,7.77,93.3,29.7563
05/15/24 05:20:00.0,9.57,15.48,7.60,91.3,29.6752
05/15/24 05:30:00.0,9.52,15.62,7.57,91.1,29.6485
05/15/24 05:40:00.0,9.60,15.52,7.62,91.7,29.7984
05/15/24 05:50:00.0,9.50,15.52,7.54,90.7,29.7946
05/15/24 06:00:00.0,9.65,15.66,7.66,92.4,29.7468
05/15/24 06:10:00.0,9.73,15.62,7.72,93.1,29.7749
05/15/24 06:20:00.0,9.67,15.64,7.67,92.5,29.7391
05/15/24 06:30:00.0,9.70,15.60,7.70,92.7,29.7282
05/15/24 06:40:00.0,9.73,15.62,7.72,93.0,29.7466
05/15/24 06:50:00.0,9.74,15.62,7.73,93.1,29.7292
05/15/24 07:00:00.0,9.95,15.68,7.89,95.2,29.6897
05/15/24 07:10:00.0,10.08,15.88,8.00,96.8,29.6606
05/15/24 07:20:00.0,9.73,16.06,7.73,93.8,29.5804
05/15/24 07:30:00.0,9.54,16.10,7.58,92.1,29.5548
05/15/24 07:40:00.0,9.42,16.40,7.49,91.5,29.3085
05/15/24 07:50:00.0,9.32,16.42,7.41,90.5,29.3637
05/15/24 08:00:00.0,9.54,16.42,7.58,92.6,29.4972
05/15/24 08:10:00.0,9.26,16.52,7.36,90.1,29.3586
05/15/24 08:20:00.0,9.06,16.74,7.21,88.5,29.1964
05/15/24 08:30:00.0,8.97,16.80,7.14,87.7,29.1130
05/15/24 08:40:00.0,9.02,16.84,7.18,88.3,29.1064
05/15/24 08:50:00.0,9.04,17.32,7.23,89.4,28.5226
05/15/24 09:00:00.0,9.08,17.66,7.25,90.4,28.7467
05/15/24 09:10:00.0,9.16,16.98,7.28,89.9,29.2262
05/15/24 09:20:00.0,9.25,16.74,7.35,90.3,29.2407
05/15/24 09:30:00.0,9.22,16.88,7.33,90.2,29.1374
05/15/24 09:40:00.0,9.43,17.14,7.51,92.8,28.9555
05/15/24 09:50:00.0,9.70,17.14,7.71,95.4,29.1292
05/15/24 10:00:00.0,9.73,17.20,7.74,95.8,28.9870
05/15/24 10:10:00.0,9.54,17.36,7.60,94.3,28.8216
05/15/24 10:20:00.0,9.53,17.48,7.60,94.4,28.6069
05/15/24 10:30:00.0,9.57,17.48,7.63,94.8,28.6598
05/15/24 10:40:00.0,9.41,17.46,7.50,93.1,28.6662
05/15/24 10:50:00.0,9.52,17.46,7.58,94.2,28.7413
05/15/24 11:00:00.0,9.53,17.38,7.59,94.1,28.8167
05/15/24 11:10:00.0,9.95,17.40,7.91,98.3,29.0072
05/15/24 11:20:00.0,9.96,17.50,7.92,98.6,28.8933
05/15/24 11:30:00.0,10.02,17.66,7.98,99.5,28.6958
05/15/24 11:40:00.0,9.85,17.60,7.84,97.6,28.8824
05/15/24 11:50:00.0,9.85,17.42,7.83,97.3,28.9092
05/15/24 12:00:00.0,10.06,17.34,7.99,99.2,28.9568
05/15/24 12:10:00.0,10.16,17.34,8.07,100.1,28.9476
05/15/24 12:20:00.0,10.18,17.32,8.09,100.3,28.8969
05/15/24 12:30:00.0,10.26,17.36,8.15,101.1,28.9027
05/15/24 12:40:00.0,10.40,17.38,8.26,102.5,28.9777
05/15/24 12:50:00.0,10.53,17.44,8.35,103.9,29.0773
05/15/24 13:00:00.0,10.90,17.44,8.64,107.5,29.2327
05/15/24 13:10:00.0,10.74,17.38,8.50,105.8,29.3520
05/15/24 13:20:00.0,10.74,17.32,8.50,105.7,29.4208
05/15/24 13:30:00.0,10.66,17.26,8.43,104.7,29.4588
05/15/24 13:40:00.0,10.90,17.18,8.62,106.9,29.4532
05/15/24 13:50:00.0,10.89,17.14,8.60,106.7,29.5415
05/15/24 14:00:00.0,11.06,17.06,8.74,108.2,29.5011
05/15/24 14:10:00.0,11.12,17.02,8.78,108.6,29.5585
