Date Time,high range High Range (μS/cm),temperature Temp (°C),Specific Conductance (μS/cm),Salinity (ppt)
07/22/24 12:20:00.0,0.0,31.98,,
07/22/24 12:30:00.0,31505.7,23.83,46798.2,30.3993
07/22/24 12:40:00.0,30436.6,18.97,50057.7,32.7799
07/22/24 12:50:00.0,30268.6,18.61,50173.1,32.8647
07/22/24 13:00:00.0,30257.7,18.61,50154.8,32.8512
07/22/24 13:10:00.0,30220.8,18.44,50279.7,32.9430
07/22/24 13:20:00.0,30015.8,17.60,50870.6,33.3778
07/22/24 13:30:00.0,30117.0,18.08,50503.8,33.1078
07/22/24 13:40:00.0,30084.7,17.85,50705.6,33.2563
07/22/24 13:50:00.0,30149.4,18.18,50446.4,33.0656
07/22/24 14:00:00.0,30286.0,18.62,50188.7,32.8761
07/22/24 14:10:00.0,30517.8,19.76,49340.2,32.2536
07/22/24 14:20:00.0,30612.6,20.19,49040.0,32.0337
07/22/24 14:30:00.0,30745.5,20.53,48897.5,31.9294
07/22/24 14:40:00.0,30924.1,21.28,48408.8,31.5723
07/22/24 14:50:00.0,30928.6,21.17,48527.5,31.6589
07/22/24 15:00:00.0,30962.2,21.55,48194.5,31.4158
07/22/24 15:10:00.0,31090.6,22.00,47942.3,31.2318
07/22/24 15:20:00.0,30973.4,21.55,48211.3,31.4281
07/22/24 15:30:00.0,30861.4,21.02,48574.0,31.6929
07/22/24 15:40:00.0,31016.2,21.70,48126.3,31.3660
07/22/24 15:50:00.0,30973.4,21.41,48351.8,31.5306
07/22/24 16:00:00.0,30430.0,19.10,49899.7,32.6639
07/22/24 16:10:00.0,30506.8,19.63,49456.5,32.3388
07/22/24 16:20:00.0,30628.0,20.08,49176.1,32.1333
07/22/24 16:30:00.0,30557.4,19.76,49399.7,32.2971
07/22/24 16:40:00.0,30546.4,19.73,49413.4,32.3072
07/22/24 16:50:00.0,30203.5,18.27,50431.2,33.0544
07/22/24 17:00:00.0,30379.7,19.12,49794.0,32.5863
07/22/24 17:10:00.0,30342.6,18.94,49927.4,32.6842
07/22/24 17:20:00.0,30355.7,18.91,49981.1,32.7236
07/22/24 17:30:00.0,30360.1,18.98,49912.1,32.6730
07/22/24 17:40:00.0,30309.9,18.80,50024.6,32.7556
07/22/24 17:50:00.0,30281.6,18.74,50043.0,32.7691
07/22/24 18:00:00.0,30294.7,18.74,50064.3,32.7847
07/22/24 18:10:00.0,30344.8,18.88,49994.1,32.7332
07/22/24 18:20:00.0,30384.1,19.05,49874.1,32.6451
07/22/24 18:30:00.0,30386.3,19.06,49866.6,32.6396
07/22/24 18:40:00.0,30233.9,18.38,50356.8,32.9997
07/22/24 18:50:00.0,30223.0,18.48,50228.5,32.9054
07/22/24 19:00:00.0,30386.3,19.05,49876.4,32.6468
07/22/24 19:10:00.0,30419.1,19.09,49886.6,32.6542
07/22/24 19:20:00.0,30338.3,18.89,49970.3,32.7157
07/22/24 19:30:00.0,30220.8,18.34,50377.5,33.0149
07/22/24 19:40:00.0,30142.9,18.05,50568.4,33.1553
07/22/24 19:50:00.0,29962.2,17.28,51129.0,33.5682
07/22/24 20:00:00.0,29893.8,17.07,51251.5,33.6585
07/22/24 20:10:00.0,29781.0,16.52,51691.3,33.9831
07/22/24 20:20:00.0,29711.0,16.29,51837.8,34.0914
07/22/24 20:30:00.0,29672.9,16.12,51970.5,34.1894
07/22/24 20:40:00.0,29624.4,15.95,52085.7,34.2747
07/22/24 20:50:00.0,29626.5,15.95,52089.1,34.2771
07/22/24 21:00:00.0,29613.9,16.00,52007.7,34.2169
07/22/24 21:10:00.0,29919.4,17.04,51327.3,33.7144
07/22/24 21:20:00.0,29917.3,17.06,51300.4,33.6946
07/22/24 21:30:00.0,29842.6,16.66,51632.5,33.9397
07/22/24 21:40:00.0,29732.2,16.33,51825.2,34.0820
07/22/24 21:50:00.0,29656.0,16.06,52008.9,34.2179
07/22/24 22:00:00.0,29641.3,15.98,52077.2,34.2684
07/22/24 22:10:00.0,29696.2,16.25,51855.2,34.1042
07/22/24 22:20:00.0,29787.3,16.69,51500.9,33.8425
07/22/24 22:30:00.0,29721.6,16.24,51910.4,34.1451
07/22/24 22:40:00.0,29662.4,16.12,51947.8,34.1727
07/22/24 22:50:00.0,29772.5,16.46,51741.1,34.0199
07/22/24 23:00:00.0,29759.7,16.49,51683.7,33.9775
07/22/24 23:10:00.0,29700.4,16.27,51837.1,34.0909
07/22/24 23:20:00.0,29700.4,16.24,51871.9,34.1166
07/22/24 23:30:00.0,29992.2,17.36,51081.9,33.5335
07/22/24 23:40:00.0,30020.1,17.37,51117.6,33.5598
07/22/24 23:50:00.0,29998.7,17.42,51024.3,33.4910
07/23/24 00:00:00.0,30164.5,17.96,50696.4,33.2495
07/23/24 00:10:00.0,30158.1,17.91,50741.2,33.2825
07/23/24 00:20:00.0,29827.7,16.65,51612.8,33.9251
07/23/24 00:30:00.0,30895.0,21.36,48264.0,31.4665
07/23/24 00:40:00.0,30568.4,19.61,49561.2,32.4155
07/23/24 00:50:00.0,31043.2,21.77,48080.9,31.3329
07/23/24 01:00:00.0,31054.5,21.83,48038.0,31.3016
07/23/24 01:10:00.0,31176.6,22.30,47758.5,31.0978
07/23/24 01:20:00.0,31133.5,22.08,47910.0,31.2083
07/23/24 01:30:00.0,31197.0,22.41,47680.6,31.0411
07/23/24 01:40:00.0,30856.9,21.16,48405.1,31.5696
07/23/24 01:50:00.0,31036.4,21.70,48138.7,31.3751
07/23/24 02:00:00.0,30561.8,19.59,49569.2,32.4214
07/23/24 02:10:00.0,30623.6,19.87,49371.5,32.2765
07/23/24 02:20:00.0,30933.0,21.26,48421.3,31.5814
07/23/24 02:30:00.0,31004.9,21.56,48229.4,31.4413
07/23/24 02:40:00.0,30845.8,20.79,48764.6,31.8322
07/23/24 02:50:00.0,30957.7,21.38,48337.2,31.5199
07/23/24 03:00:00.0,30628.0,20.04,49197.8,32.1493
07/23/24 03:10:00.0,30575.1,19.78,49386.7,32.2876
07/23/24 03:20:00.0,30667.9,20.10,49198.1,32.1495
07/23/24 03:30:00.0,30973.4,21.42,48319.9,31.5073
07/23/24 03:40:00.0,31050.0,21.79,48066.2,31.3222
07/23/24 03:50:00.0,31079.3,21.87,48031.1,31.2966
07/23/24 04:00:00.0,31065.7,22.00,47880.3,31.1866
07/23/24 04:10:00.0,31115.4,22.06,47896.8,31.1986
07/23/24 04:20:00.0,31117.7,22.10,47860.3,31.1720
07/23/24 04:30:00.0,31117.7,22.14,47820.3,31.1429
07/23/24 04:40:00.0,30863.6,20.97,48604.0,31.7148
07/23/24 04:50:00.0,30723.3,20.41,48959.8,31.9750
07/23/24 05:00:00.0,30796.7,20.72,48754.8,31.8251
07/23/24 05:10:00.0,30877.1,20.98,48614.0,31.7222
07/23/24 05:20:00.0,30792.2,20.67,48798.6,31.8571
07/23/24 05:30:00.0,30781.1,20.56,48894.5,31.9273
07/23/24 05:40:00.0,30756.6,20.49,48928.0,31.9517
07/23/24 05:50:00.0,30794.5,20.72,48749.7,31.8214
07/23/24 06:00:00.0,30841.3,20.83,48710.0,31.7923
07/23/24 06:10:00.0,30816.8,20.77,48732.8,31.8090
07/23/24 06:20:00.0,30480.5,19.43,49599.9,32.4439
07/23/24 06:30:00.0,30528.8,19.56,49539.2,32.3994
07/23/24 06:40:00.0,30650.2,20.05,49215.9,32.1625
07/23/24 06:50:00.0,30721.1,20.36,49004.5,32.0077
07/23/24 07:00:00.0,30685.6,20.22,49093.7,32.0730
07/23/24 07:10:00.0,30868.1,20.92,48657.6,31.7540
07/23/24 07:20:00.0,30776.7,20.61,48832.4,31.8818
07/23/24 07:30:00.0,30767.7,20.53,48900.6,31.9317
07/23/24 07:40:00.0,30663.4,20.10,49182.7,32.1382
07/23/24 07:50:00.0,30951.0,21.51,48186.1,31.4097
07/23/24 08:00:00.0,30592.7,19.85,49331.8,32.2474
07/23/24 08:10:00.0,30201.3,18.18,50497.3,33.1030
07/23/24 08:20:00.0,29988.0,17.28,51148.2,33.5824
07/23/24 08:30:00.0,29744.9,16.42,51720.6,34.0048
07/23/24 08:40:00.0,29580.2,15.85,52102.4,34.2870
07/23/24 08:50:00.0,29517.2,15.71,52157.3,34.3276
07/23/24 09:00:00.0,29634.9,16.07,51937.9,34.1654
07/23/24 09:10:00.0,29672.9,16.18,51874.7,34.1186
07/23/24 09:20:00.0,29851.1,17.06,51163.6,33.5937
07/23/24 09:30:00.0,29872.5,17.00,51268.5,33.6710
07/23/24 09:40:00.0,29855.4,16.92,51330.6,33.7168
07/23/24 09:50:00.0,29834.1,16.78,51454.7,33.8084
07/23/24 10:00:00.0,29859.7,16.96,51291.4,33.6879
07/23/24 10:10:00.0,29889.5,16.93,51376.5,33.7507
07/23/24 10:20:00.0,29804.3,16.64,51564.1,33.8892
07/23/24 10:30:00.0,30188.3,18.18,50471.1,33.0837
07/23/24 10:40:00.0,30240.4,18.31,50413.7,33.0415
07/23/24 10:50:00.0,30257.7,18.36,50387.0,33.0219
07/23/24 11:00:00.0,30041.6,17.53,50950.6,33.4367
07/23/24 11:10:00.0,30240.4,18.36,50357.6,33.0003
07/23/24 11:20:00.0,30041.6,17.54,50938.6,33.4279
07/23/24 11:30:00.0,30318.6,18.67,50146.2,32.8449
07/23/24 11:40:00.0,30145.1,17.95,50652.2,33.2170
07/23/24 11:50:00.0,30089.0,17.74,50792.6,33.3203
07/23/24 12:00:00.0,30575.1,19.94,49201.0,32.1516
07/23/24 12:10:00.0,30850.2,21.02,48517.7,31.6518
07/23/24 12:20:00.0,29770.3,16.27,51932.2,34.1612
07/23/24 12:30:00.0,30197.0,18.42,50217.0,32.8969
07/23/24 12:40:00.0,30233.9,18.35,50354.9,32.9983
07/23/24 12:50:00.0,30272.9,18.51,50243.3,32.9163
07/23/24 13:00:00.0,30290.3,18.57,50206.0,32.8888
07/23/24 13:10:00.0,30355.7,18.83,50029.7,32.7593
07/23/24 13:20:00.0,30395.0,19.01,49898.6,32.6631
07/23/24 13:30:00.0,30451.9,19.16,49829.4,32.6123
07/23/24 13:40:00.0,30467.3,19.27,49735.8,32.5436
07/23/24 13:50:00.0,30597.1,20.05,49117.3,32.0903
07/23/24 14:00:00.0,30406.0,18.93,50002.1,32.7390
07/23/24 14:10:00.0,30336.1,18.84,49984.7,32.7263
07/23/24 14:20:00.0,30091.1,17.86,50656.9,33.2205
07/23/24 14:30:00.0,30140.8,17.89,50706.4,33.2569
07/23/24 14:40:00.0,30268.6,18.75,49970.5,32.7159
07/23/24 14:50:00.0,30590.5,19.87,49294.2,32.2198
07/23/24 15:00:00.0,30643.5,20.17,49063.6,32.0510
07/23/24 15:10:00.0,30752.2,20.49,48903.1,31.9335
07/23/24 15:20:00.0,30796.7,20.70,48756.0,31.8259
07/23/24 15:30:00.0,30843.5,20.85,48675.1,31.7668
07/23/24 15:40:00.0,30841.3,20.93,48589.2,31.7041
07/23/24 15:50:00.0,30830.1,20.87,48632.8,31.7359
07/23/24 16:00:00.0,30912.9,21.24,48384.7,31.5546
07/23/24 16:10:00.0,30953.2,21.39,48295.2,31.4893
07/23/24 16:20:00.0,30951.0,21.41,48271.2,31.4718
07/23/24 16:30:00.0,30946.5,21.34,48334.7,31.5182
07/23/24 16:40:00.0,30810.1,20.79,48681.9,31.7718
07/23/24 16:50:00.0,30906.1,21.14,48474.2,31.6200
07/23/24 17:00:00.0,30953.2,21.36,48324.0,31.5103
07/23/24 17:10:00.0,30718.9,20.38,48960.7,31.9756
07/23/24 17:20:00.0,30537.6,19.70,49384.0,32.2856
07/23/24 17:30:00.0,30592.7,19.89,49271.5,32.2032
07/23/24 17:40:00.0,30575.1,19.81,49327.3,32.2441
07/23/24 17:50:00.0,30520.0,19.51,49556.6,32.4121
07/23/24 18:00:00.0,30333.9,18.84,49973.7,32.7182
07/23/24 18:10:00.0,30333.9,18.74,50082.2,32.7979
07/23/24 18:20:00.0,30355.7,18.89,49954.6,32.7042
07/23/24 18:30:00.0,30419.1,19.14,49787.8,32.5817
07/23/24 18:40:00.0,30539.8,19.65,49438.0,32.3252
07/23/24 18:50:00.0,30599.3,19.91,49258.5,32.1937
07/23/24 19:00:00.0,30564.0,19.70,49423.4,32.3145
07/23/24 19:10:00.0,30570.6,19.77,49359.5,32.2677
07/23/24 19:20:00.0,30535.4,19.61,49472.1,32.3502
07/23/24 19:30:00.0,30506.8,19.49,49553.3,32.4097
07/23/24 19:40:00.0,30513.4,19.51,49542.4,32.4017
07/23/24 19:50:00.0,30617.0,19.86,49337.8,32.2518
07/23/24 20:00:00.0,30656.8,19.98,49274.8,32.2056
07/23/24 20:10:00.0,30614.8,19.82,49375.9,32.2797
07/23/24 20:20:00.0,30484.8,19.24,49783.8,32.5788
07/23/24 20:30:00.0,30158.1,17.93,50679.0,33.2367
07/23/24 20:40:00.0,29910.9,16.89,51438.3,33.7963
07/23/24 20:50:00.0,29594.9,15.80,52162.9,34.3318
07/23/24 21:00:00.0,29523.5,15.62,52250.9,34.3969
07/23/24 21:10:00.0,29471.1,15.42,52396.9,34.5049
07/23/24 21:20:00.0,29464.8,15.44,52361.5,34.4787
07/23/24 21:30:00.0,29492.0,15.46,52385.3,34.4963
07/23/24 21:40:00.0,29895.9,17.07,51204.3,33.6238
07/23/24 21:50:00.0,29910.9,17.00,51309.7,33.7015
07/23/24 22:00:00.0,29815.0,16.64,51559.3,33.8857
07/23/24 22:10:00.0,29704.6,16.24,51833.5,34.0882
07/23/24 22:20:00.0,29613.9,15.97,51992.2,34.2055
07/23/24 22:30:00.0,29609.6,15.93,52031.5,34.2346
07/23/24 22:40:00.0,29603.3,15.94,52008.4,34.2175
07/23/24 22:50:00.0,29620.2,15.98,51990.4,34.2042
07/23/24 23:00:00.0,29787.3,16.71,51428.8,33.7893
07/23/24 23:10:00.0,29857.5,16.84,51399.3,33.7676
07/23/24 23:20:00.0,29910.9,17.06,51238.1,33.6486
07/23/24 23:30:00.0,29938.7,17.13,51205.2,33.6244
07/23/24 23:40:00.0,29895.9,16.93,51360.7,33.7391
07/23/24 23:50:00.0,29934.4,17.07,51265.8,33.6690
07/24/24 00:00:00.0,29878.9,16.92,51342.4,33.7256
07/24/24 00:10:00.0,29904.5,17.07,51214.1,33.6309
07/24/24 00:20:00.0,29951.5,17.20,51145.6,33.5804
07/24/24 00:30:00.0,29823.5,16.69,51511.2,33.8501
07/24/24 00:40:00.0,29906.6,17.00,51296.7,33.6919
07/24/24 00:50:00.0,30471.7,19.36,49625.1,32.4624
07/24/24 01:00:00.0,30333.9,18.51,50320.6,32.9731
07/24/24 01:10:00.0,30663.4,20.19,49055.2,32.0449
07/24/24 01:20:00.0,29923.7,17.05,51267.4,33.6703
07/24/24 01:30:00.0,30395.0,19.10,49778.1,32.5746
07/24/24 01:40:00.0,30801.1,20.90,48538.0,31.6666
07/24/24 01:50:00.0,30816.8,20.97,48490.8,31.6321
07/24/24 02:00:00.0,30355.7,19.37,49423.7,32.3147
07/24/24 02:10:00.0,30763.3,20.85,48528.8,31.6599
07/24/24 02:20:00.0,30013.7,17.42,50997.5,33.4713
07/24/24 02:30:00.0,30371.0,18.92,49931.4,32.6871
07/24/24 02:40:00.0,30408.1,19.02,49883.6,32.6520
07/24/24 02:50:00.0,30436.6,19.20,49735.7,32.5435
07/24/24 03:00:00.0,30500.2,19.30,49731.6,32.5405
07/24/24 03:10:00.0,30566.2,19.72,49390.2,32.2901
07/24/24 03:20:00.0,30559.6,19.72,49379.2,32.2821
07/24/24 03:30:00.0,30570.6,19.73,49386.0,32.2871
07/24/24 03:40:00.0,30553.0,19.69,49399.7,32.2972
07/24/24 03:50:00.0,30603.7,19.89,49269.5,32.2018
07/24/24 04:00:00.0,30723.3,20.48,48843.3,31.8898
07/24/24 04:10:00.0,30839.1,20.97,48521.4,31.6545
07/24/24 04:20:00.0,30823.4,20.99,48476.0,31.6213
07/24/24 04:30:00.0,30848.0,21.06,48442.9,31.5971
07/24/24 04:40:00.0,30801.1,20.87,48563.1,31.6849
07/24/24 04:50:00.0,30761.1,20.70,48674.3,31.7663
07/24/24 05:00:00.0,30814.5,20.88,48573.3,31.6924
07/24/24 05:10:00.0,30652.4,20.22,48998.8,32.0035
07/24/24 05:20:00.0,30625.8,19.96,49228.4,32.1717
07/24/24 05:30:00.0,30661.2,20.09,49148.2,32.1129
07/24/24 05:40:00.0,30661.2,20.19,49043.2,32.0360
07/24/24 05:50:00.0,30581.7,19.90,49219.9,32.1654
07/24/24 06:00:00.0,30650.2,20.08,49140.1,32.1070
07/24/24 06:10:00.0,30506.8,19.38,49650.4,32.4810
07/24/24 06:20:00.0,30125.6,17.82,50728.2,33.2729
07/24/24 06:30:00.0,30119.2,17.90,50627.8,33.1990
07/24/24 06:40:00.0,30147.2,18.02,50540.7,33.1349
07/24/24 06:50:00.0,30246.9,18.38,50308.1,32.9639
07/24/24 07:00:00.0,30386.3,19.00,49861.2,32.6356
07/24/24 07:10:00.0,30392.8,18.89,49990.7,32.7307
07/24/24 07:20:00.0,30362.3,18.83,50005.5,32.7415
07/24/24 07:30:00.0,30347.0,18.81,50001.8,32.7388
07/24/24 07:40:00.0,30325.2,18.63,50161.8,32.8563
07/24/24 07:50:00.0,30392.8,18.92,49956.9,32.7058
07/24/24 08:00:00.0,30493.6,19.54,49454.8,32.3375
07/24/24 08:10:00.0,30476.1,19.30,49682.4,32.5044
07/24/24 08:20:00.0,30515.6,19.46,49575.0,32.4257
07/24/24 08:30:00.0,30674.5,20.36,48881.9,31.9180
07/24/24 08:40:00.0,30805.6,20.84,48593.4,31.7071
07/24/24 08:50:00.0,30738.8,20.47,48869.2,31.9087
07/24/24 09:00:00.0,30410.3,19.02,49875.0,32.6457
07/24/24 09:10:00.0,30048.1,17.53,50918.0,33.4127
07/24/24 09:20:00.0,29628.6,15.91,52066.6,34.2605
07/24/24 09:30:00.0,29651.8,16.00,52000.7,34.2117
07/24/24 09:40:00.0,29696.2,16.20,51842.7,34.0950
07/24/24 09:50:00.0,29934.4,17.15,51154.7,33.5871
07/24/24 10:00:00.0,30041.6,17.47,50973.1,33.4533
07/24/24 10:10:00.0,29990.1,17.28,51100.8,33.5474
07/24/24 10:20:00.0,29945.1,17.14,51183.3,33.6082
07/24/24 10:30:00.0,29994.4,17.36,51016.7,33.4854
07/24/24 10:40:00.0,29906.6,16.91,51380.1,33.7534
07/24/24 10:50:00.0,29785.2,16.78,51321.1,33.7099
07/24/24 11:00:00.0,29972.9,17.31,51035.9,33.4996
07/24/24 11:10:00.0,29851.1,16.84,51364.5,33.7419
07/24/24 11:20:00.0,29891.7,16.95,51307.4,33.6998
07/24/24 11:30:00.0,29945.1,17.13,51192.4,33.6149
07/24/24 11:40:00.0,29988.0,17.27,51105.6,33.5510
07/24/24 11:50:00.0,29994.4,17.32,51059.4,33.5169
07/24/24 12:00:00.0,30003.0,17.25,51153.2,33.5860
07/24/24 12:10:00.0,30011.6,17.37,51031.2,33.4961
07/24/24 12:20:00.0,30026.6,17.46,50954.4,33.4395
07/24/24 12:30:00.0,30050.2,17.50,50948.8,33.4354
07/24/24 12:40:00.0,30171.0,18.02,50568.7,33.1556
07/24/24 12:50:00.0,30173.2,17.96,50638.9,33.2072
07/24/24 13:00:00.0,30462.9,19.28,49673.1,32.4976
07/24/24 13:10:00.0,30701.1,20.31,48967.4,31.9806
07/24/24 13:20:00.0,29928.0,16.95,51365.5,33.7426
07/24/24 13:30:00.0,29742.8,16.44,51635.8,33.9421
07/24/24 13:40:00.0,30069.6,17.72,50731.7,33.2755
07/24/24 13:50:00.0,30216.5,18.14,50509.1,33.1117
07/24/24 14:00:00.0,30270.8,18.43,50278.8,32.9424
07/24/24 14:10:00.0,30309.9,18.56,50200.5,32.8848
07/24/24 14:20:00.0,30355.7,18.75,50068.1,32.7876
07/24/24 14:30:00.0,30487.0,19.54,49431.7,32.3206
07/24/24 14:40:00.0,30366.6,18.89,49933.2,32.6885
07/24/24 14:50:00.0,30504.6,19.46,49544.8,32.4035
07/24/24 15:00:00.0,30438.8,19.25,49662.3,32.4896
07/24/24 15:10:00.0,30656.8,20.35,48851.5,31.8958
07/24/24 15:20:00.0,30249.0,18.30,50383.3,33.0191
07/24/24 15:30:00.0,30667.9,20.39,48827.0,31.8779
07/24/24 15:40:00.0,30515.6,19.72,49284.8,32.2129
07/24/24 15:50:00.0,30397.2,19.00,49862.0,32.6362
07/24/24 16:00:00.0,30375.4,19.15,49664.4,32.4912
07/24/24 16:10:00.0,30511.2,19.46,49552.9,32.4094
07/24/24 16:20:00.0,30542.0,19.64,49410.8,32.3053
07/24/24 16:30:00.0,30566.2,19.69,49396.5,32.2948
07/24/24 16:40:00.0,30599.3,19.96,49164.4,32.1248
07/24/24 16:50:00.0,30707.8,20.32,48960.7,31.9757
07/24/24 17:00:00.0,30754.4,20.59,48754.3,31.8247
07/24/24 17:10:00.0,30763.3,20.67,48685.5,31.7744
07/24/24 17:20:00.0,30763.3,20.61,48747.1,31.8194
07/24/24 17:30:00.0,30738.8,20.62,48697.7,31.7833
07/24/24 17:40:00.0,30741.1,20.63,48690.7,31.7782
07/24/24 17:50:00.0,30763.3,20.65,48704.9,31.7886
07/24/24 18:00:00.0,30745.5,20.62,48707.4,31.7904
07/24/24 18:10:00.0,30586.1,19.70,49414.8,32.3082
07/24/24 18:20:00.0,30441.0,19.12,49799.2,32.5901
07/24/24 18:30:00.0,30493.6,19.43,49551.9,32.4087
07/24/24 18:40:00.0,30312.1,18.61,50140.7,32.8409
07/24/24 18:50:00.0,30353.5,18.76,50044.9,32.7705
07/24/24 19:00:00.0,30388.5,19.12,49712.3,32.5263
07/24/24 19:10:00.0,30454.1,19.29,49636.3,32.4706
07/24/24 19:20:00.0,30522.2,19.50,49522.0,32.3868
07/24/24 19:30:00.0,30480.5,19.38,49582.2,32.4309
07/24/24 19:40:00.0,30447.6,19.29,49624.8,32.4621
07/24/24 19:50:00.0,30522.2,19.43,49595.7,32.4409
07/24/24 20:00:00.0,30498.0,19.40,49588.2,32.4354
07/24/24 20:10:00.0,30482.6,19.23,49745.1,32.5504
07/24/24 20:20:00.0,30329.5,19.01,49731.8,32.5407
07/24/24 20:30:00.0,30478.3,19.21,49759.0,32.5606
07/24/24 20:40:00.0,30517.8,19.45,49565.7,32.4188
07/24/24 20:50:00.0,30608.2,19.72,49424.1,32.3150
07/24/24 21:00:00.0,30539.8,19.51,49536.6,32.3975
07/24/24 21:10:00.0,30493.6,19.28,49707.4,32.5227
07/24/24 21:20:00.0,30225.2,18.34,50288.0,32.9491
07/24/24 21:30:00.0,29949.4,17.00,51328.6,33.7154
07/24/24 21:40:00.0,29534.0,15.48,52386.7,34.4974
07/24/24 21:50:00.0,29456.5,15.24,52537.2,34.6088
07/24/24 22:00:00.0,29466.9,15.33,52447.1,34.5421
07/24/24 22:10:00.0,29398.0,15.10,52601.3,34.6564
07/24/24 22:20:00.0,29377.1,14.99,52696.9,34.7272
07/24/24 22:30:00.0,29352.2,14.96,52688.4,34.7209
07/24/24 22:40:00.0,29531.9,15.60,52237.7,34.3871
07/24/24 22:50:00.0,29515.1,15.57,52243.5,34.3914
07/24/24 23:00:00.0,29487.8,15.46,52326.3,34.4527
07/24/24 23:10:00.0,29377.1,14.97,52719.4,34.7439
07/24/24 23:20:00.0,29441.8,15.19,52568.3,34.6319
07/24/24 23:30:00.0,29450.2,15.26,52498.5,34.5802
07/24/24 23:40:00.0,29370.9,15.01,52658.9,34.6990
07/24/24 23:50:00.0,29770.3,16.56,51523.5,33.8592
07/25/24 00:00:00.0,29844.8,16.82,51351.2,33.7321
07/25/24 00:10:00.0,29842.6,16.83,51335.6,33.7206
07/25/24 00:20:00.0,30037.3,17.49,50915.0,33.4105
07/25/24 00:30:00.0,29672.9,16.11,51878.0,34.1211
07/25/24 00:40:00.0,29563.4,15.67,52205.8,34.3635
07/25/24 00:50:00.0,29366.7,15.08,52564.3,34.6289
07/25/24 01:00:00.0,29552.9,15.67,52186.7,34.3493
07/25/24 01:10:00.0,29681.4,16.13,51868.0,34.1137
07/25/24 01:20:00.0,29744.9,16.37,51697.3,33.9875
07/25/24 01:30:00.0,29947.2,17.01,51305.4,33.6983
07/25/24 01:40:00.0,30233.9,18.18,50470.7,33.0834
07/25/24 01:50:00.0,29819.2,16.82,51303.7,33.6970
07/25/24 02:00:00.0,29793.7,16.58,51536.3,33.8687
07/25/24 02:10:00.0,29723.7,16.34,51693.9,33.9850
07/25/24 02:20:00.0,29846.9,16.89,51269.8,33.6721
07/25/24 02:30:00.0,30073.9,17.65,50792.3,33.3202
07/25/24 02:40:00.0,30544.2,19.87,49151.6,32.1154
07/25/24 02:50:00.0,30073.9,17.73,50702.0,33.2536
07/25/24 03:00:00.0,29759.7,16.47,51603.2,33.9181
07/25/24 03:10:00.0,29793.7,16.53,51591.9,33.9098
07/25/24 03:20:00.0,30138.6,18.27,50209.6,32.8915
07/25/24 03:30:00.0,30443.2,19.38,49506.4,32.3753
07/25/24 03:40:00.0,30104.1,17.71,50773.5,33.3063
07/25/24 03:50:00.0,30201.3,18.11,50489.7,33.0974
07/25/24 04:00:00.0,30164.5,17.96,50594.7,33.1747
07/25/24 04:10:00.0,30253.4,18.33,50332.5,32.9818
07/25/24 04:20:00.0,30314.3,18.81,49907.8,32.6698
07/25/24 04:30:00.0,30381.9,18.89,49931.6,32.6873
07/25/24 04:40:00.0,30392.8,18.92,49916.7,32.6763
07/25/24 04:50:00.0,30506.8,19.51,49468.3,32.3474
07/25/24 05:00:00.0,30509.0,19.70,49269.9,32.2020
07/25/24 05:10:00.0,30445.4,19.81,49051.3,32.0419
07/25/24 05:20:00.0,30506.8,19.76,49202.3,32.1526
07/25/24 05:30:00.0,30559.6,19.81,49234.2,32.1759
07/25/24 05:40:00.0,30553.0,19.81,49223.3,32.1679
07/25/24 05:50:00.0,30438.8,19.65,49208.0,32.1567
07/25/24 06:00:00.0,30498.0,19.51,49451.8,32.3353
07/25/24 06:10:00.0,30469.5,19.41,49511.9,32.3794
07/25/24 06:20:00.0,30515.6,19.59,49394.6,32.2934
07/25/24 06:30:00.0,30423.5,19.09,49779.6,32.5757
07/25/24 06:40:00.0,30054.5,17.56,50852.7,33.3646
07/25/24 06:50:00.0,29947.2,17.16,51123.6,33.5642
07/25/24 07:00:00.0,29842.6,16.89,51253.2,33.6598
07/25/24 07:10:00.0,29968.7,17.18,51136.7,33.5739
07/25/24 07:20:00.0,30035.2,17.46,50931.6,33.4227
07/25/24 07:30:00.0,30110.5,17.82,50653.6,33.2180
07/25/24 07:40:00.0,30181.8,18.07,50494.1,33.1007
07/25/24 07:50:00.0,30210.0,18.23,50363.6,33.0047
07/25/24 08:00:00.0,30205.7,18.14,50455.7,33.0724
07/25/24 08:10:00.0,30249.0,18.33,50317.4,32.9707
07/25/24 08:20:00.0,30253.4,18.36,50291.4,32.9516
07/25/24 08:30:00.0,30238.2,18.22,50420.3,33.0463
07/25/24 08:40:00.0,30323.0,18.67,50066.1,32.7860
07/25/24 08:50:00.0,30360.1,18.84,49941.8,32.6947
07/25/24 09:00:00.0,30416.9,18.98,49882.8,32.6515
07/25/24 09:10:00.0,30441.0,19.09,49803.0,32.5929
07/25/24 09:20:00.0,30462.9,19.11,49816.9,32.6031
07/25/24 09:30:00.0,30522.2,19.45,49548.2,32.4060
07/25/24 09:40:00.0,30482.6,19.20,49751.4,32.5550
07/25/24 09:50:00.0,30052.4,17.40,51023.6,33.4905
07/25/24 10:00:00.0,29898.1,16.83,51411.2,33.7763
07/25/24 10:10:00.0,29810.7,16.57,51560.9,33.8869
07/25/24 10:20:00.0,29675.0,16.06,51920.6,34.1526
07/25/24 10:30:00.0,29628.6,15.85,52086.9,34.2755
07/25/24 10:40:00.0,29546.6,15.86,51931.2,34.1604
07/25/24 10:50:00.0,29634.9,15.94,51991.0,34.2046
07/25/24 11:00:00.0,29893.8,17.10,51092.8,33.5415
07/25/24 11:10:00.0,30003.0,17.31,51039.3,33.5021
07/25/24 11:20:00.0,30106.2,17.78,50683.6,33.2401
07/25/24 11:30:00.0,30056.7,17.54,50869.4,33.3769
07/25/24 11:40:00.0,30071.8,17.60,50827.0,33.3457
07/25/24 11:50:00.0,29972.9,17.22,51089.1,33.5388
07/25/24 12:00:00.0,30063.1,17.56,50856.7,33.3675
07/25/24 12:10:00.0,29906.6,16.97,51260.8,33.6653
07/25/24 12:20:00.0,30052.4,17.55,50849.3,33.3621
07/25/24 12:30:00.0,30009.4,17.27,51092.9,33.5416
07/25/24 12:40:00.0,30043.8,17.45,50946.9,33.4340
07/25/24 12:50:00.0,30151.6,17.81,50723.2,33.2693
07/25/24 13:00:00.0,30229.5,18.17,50452.3,33.0699
07/25/24 13:10:00.0,30238.2,18.16,50477.6,33.0885
07/25/24 13:20:00.0,30149.4,17.82,50707.4,33.2576
07/25/24 13:30:00.0,29979.4,17.14,51187.9,33.6117
07/25/24 13:40:00.0,30395.0,18.81,50022.3,32.7539
07/25/24 13:50:00.0,30495.8,19.27,49689.7,32.5098
07/25/24 14:00:00.0,30296.9,18.63,50056.4,32.7789
07/25/24 14:10:00.0,29893.8,16.82,51407.1,33.7733
07/25/24 14:20:00.0,29908.8,16.89,51351.9,33.7326
07/25/24 14:30:00.0,29930.1,17.01,51250.5,33.6578
07/25/24 14:40:00.0,30041.6,17.40,50995.8,33.4700
07/25/24 14:50:00.0,30270.8,18.27,50406.8,33.0365
07/25/24 15:00:00.0,30205.7,18.14,50442.0,33.0624
07/25/24 15:10:00.0,30515.6,19.51,49462.7,32.3433
07/25/24 15:20:00.0,30634.7,20.00,49136.0,32.1040
07/25/24 15:30:00.0,30667.9,20.19,48989.8,31.9970
07/25/24 15:40:00.0,30179.7,17.91,50653.0,33.2176
07/25/24 15:50:00.0,30659.0,20.19,48975.0,31.9861
07/25/24 16:00:00.0,30586.1,20.04,49015.0,32.0154
07/25/24 16:10:00.0,29943.0,17.01,51269.2,33.6716
07/25/24 16:20:00.0,30147.2,17.82,50697.8,33.2506
07/25/24 16:30:00.0,30381.9,18.81,49995.3,32.7341
07/25/24 16:40:00.0,30441.0,19.01,49875.0,32.6457
07/25/24 16:50:00.0,30471.7,19.21,49709.1,32.5240
07/25/24 17:00:00.0,30509.0,19.32,49651.4,32.4817
07/25/24 17:10:00.0,30342.6,18.62,50136.5,32.8377
07/25/24 17:20:00.0,30340.4,18.63,50121.6,32.8268
07/25/24 17:30:00.0,30386.3,18.79,50022.3,32.7539
07/25/24 17:40:00.0,30685.6,20.09,49118.5,32.0912
07/25/24 17:50:00.0,30723.3,20.16,49105.1,32.0813
07/25/24 18:00:00.0,30705.5,20.18,49055.4,32.0450
07/25/24 18:10:00.0,30723.3,20.27,48989.5,31.9968
07/25/24 18:20:00.0,30727.7,20.31,48954.5,31.9711
07/25/24 18:30:00.0,30449.7,19.05,49842.4,32.6218
07/25/24 18:40:00.0,30338.3,18.67,50071.9,32.7903
07/25/24 18:50:00.0,30388.5,18.79,50023.4,32.7547
07/25/24 19:00:00.0,30553.0,19.65,49367.1,32.2732
07/25/24 19:10:00.0,30661.2,20.03,49139.6,32.1066
07/25/24 19:20:00.0,30316.5,18.60,50111.1,32.8191
07/25/24 19:30:00.0,30384.1,18.79,50014.9,32.7484
07/25/24 19:40:00.0,30147.2,17.86,50646.6,33.2128
07/25/24 19:50:00.0,30301.2,18.51,50183.4,32.8722
07/25/24 20:00:00.0,30414.7,18.84,50009.7,32.7447
07/25/24 20:10:00.0,30401.6,18.85,49977.1,32.7207
07/25/24 20:20:00.0,30458.5,19.06,49842.4,32.6218
07/25/24 20:30:00.0,30513.4,19.36,49609.0,32.4506
07/25/24 20:40:00.0,30423.5,19.01,49838.6,32.6191
07/25/24 20:50:00.0,30441.0,18.97,49910.2,32.6716
07/25/24 21:00:00.0,30375.4,18.88,49900.0,32.6641
07/25/24 21:10:00.0,30277.3,18.54,50108.5,32.8172
07/25/24 21:20:00.0,30301.2,18.43,50268.3,32.9346
07/25/24 21:30:00.0,30617.0,19.77,49338.2,32.2521
07/25/24 21:40:00.0,30403.8,19.06,49750.6,32.5544
07/25/24 21:50:00.0,30375.4,18.75,50039.6,32.7666
07/25/24 22:00:00.0,30447.6,19.16,49713.7,32.5274
07/25/24 22:10:00.0,30445.4,19.07,49806.7,32.5956
07/25/24 22:20:00.0,30390.6,18.89,49911.5,32.6725
07/25/24 22:30:00.0,30323.0,18.61,50104.8,32.8145
07/25/24 22:40:00.0,29981.5,17.14,51173.4,33.6009
07/25/24 22:50:00.0,29832.0,16.69,51433.6,33.7929
07/25/24 23:00:00.0,29834.1,16.60,51540.9,33.8721
07/25/24 23:10:00.0,29778.8,16.48,51584.4,33.9042
07/25/24 23:20:00.0,29806.5,16.62,51469.6,33.8194
07/25/24 23:30:00.0,29802.2,16.49,51612.5,33.9249
07/25/24 23:40:00.0,29817.1,16.51,51614.6,33.9265
07/25/24 23:50:00.0,29715.2,16.21,51787.6,34.0543
07/26/24 00:00:00.0,29708.9,16.26,51717.9,34.0028
07/26/24 00:10:00.0,29687.7,16.15,51809.4,34.0704
07/26/24 00:20:00.0,29753.4,16.34,51701.0,33.9903
07/26/24 00:30:00.0,29876.7,17.06,51082.5,33.5340
07/26/24 00:40:00.0,29804.3,16.62,51463.2,33.8147
07/26/24 00:50:00.0,29827.7,16.64,51480.0,33.8271
07/26/24 01:00:00.0,29932.3,17.07,51164.9,33.5946
07/26/24 01:10:00.0,29740.6,16.35,51665.5,33.9641
07/26/24 01:20:00.0,29757.6,16.35,51694.6,33.9856
07/26/24 01:30:00.0,29861.8,16.74,51421.8,33.7842
07/26/24 01:40:00.0,29751.2,16.30,51741.2,34.0200
07/26/24 01:50:00.0,29698.3,16.11,51871.4,34.1162
07/26/24 02:00:00.0,30061.0,17.49,50904.5,33.4028
07/26/24 02:10:00.0,29925.9,16.92,51323.3,33.7115
07/26/24 02:20:00.0,30257.7,18.33,50296.5,32.9554
07/26/24 02:30:00.0,30454.1,19.15,49726.4,32.5367
07/26/24 02:40:00.0,30641.3,19.83,49304.0,32.2270
07/26/24 02:50:00.0,29664.5,15.81,52164.2,34.3327
07/26/24 03:00:00.0,29502.5,15.50,52247.9,34.3946
07/26/24 03:10:00.0,30212.2,18.40,50142.6,32.8423
07/26/24 03:20:00.0,30436.6,19.16,49685.6,32.5067
07/26/24 03:30:00.0,30628.0,20.40,48685.4,31.7744
07/26/24 03:40:00.0,30577.3,20.01,49010.3,32.0119
07/26/24 03:50:00.0,30233.9,18.36,50221.2,32.9000
07/26/24 04:00:00.0,30288.2,19.07,49539.1,32.3993
07/26/24 04:10:00.0,30145.1,18.54,49876.8,32.6471
07/26/24 04:20:00.0,29947.2,17.23,51001.5,33.4742
07/26/24 04:30:00.0,30236.0,18.11,50499.4,33.1045
07/26/24 04:40:00.0,30294.7,18.49,50177.4,32.8678
07/26/24 04:50:00.0,30379.7,18.72,50065.8,32.7858
07/26/24 05:00:00.0,30379.7,18.76,50021.9,32.7536
07/26/24 05:10:00.0,30344.8,18.62,50116.8,32.8233
07/26/24 05:20:00.0,30408.1,18.88,49937.4,32.6916
07/26/24 05:30:00.0,30366.6,18.74,50021.2,32.7531
07/26/24 05:40:00.0,30401.6,19.02,49774.7,32.5722
07/26/24 05:50:00.0,30509.0,19.45,49487.9,32.3618
07/26/24 06:00:00.0,30575.1,19.67,49360.5,32.2684
07/26/24 06:10:00.0,30544.2,19.74,49236.4,32.1775
07/26/24 06:20:00.0,30564.0,19.72,49289.0,32.2161
07/26/24 06:30:00.0,30511.2,19.61,49320.1,32.2388
07/26/24 06:40:00.0,30515.6,19.81,49115.6,32.0891
07/26/24 06:50:00.0,30601.5,19.96,49095.4,32.0743
07/26/24 07:00:00.0,30553.0,19.67,49323.0,32.2409
07/26/24 07:10:00.0,30517.8,19.49,49457.0,32.3391
07/26/24 07:20:00.0,30229.5,18.11,50483.0,33.0925
07/26/24 07:30:00.0,30110.5,17.71,50729.6,33.2740
07/26/24 07:40:00.0,30229.5,18.16,50427.0,33.0513
07/26/24 07:50:00.0,30112.7,17.65,50800.0,33.3258
07/26/24 08:00:00.0,30279.5,18.43,50211.6,32.8930
07/26/24 08:10:00.0,30340.4,18.61,50114.7,32.8217
07/26/24 08:20:00.0,30277.3,18.61,50010.4,32.7452
07/26/24 08:30:00.0,30384.1,18.83,49946.3,32.6980
07/26/24 08:40:00.0,30309.9,18.76,49900.2,32.6642
07/26/24 08:50:00.0,30240.4,18.40,50178.3,32.8685
07/26/24 09:00:00.0,30294.7,18.47,50190.9,32.8778
07/26/24 09:10:00.0,30318.6,18.53,50164.3,32.8582
07/26/24 09:20:00.0,30392.8,18.72,50078.6,32.7952
07/26/24 09:30:00.0,30323.0,18.60,50094.4,32.8068
07/26/24 09:40:00.0,30465.1,19.27,49601.7,32.4452
07/26/24 09:50:00.0,30469.5,19.16,49726.6,32.5368
07/26/24 10:00:00.0,30434.4,19.00,49841.6,32.6212
07/26/24 10:10:00.0,30351.3,18.79,49932.7,32.6881
07/26/24 10:20:00.0,30419.1,18.93,49891.6,32.6579
07/26/24 10:30:00.0,30377.5,18.76,50007.6,32.7431
07/26/24 10:40:00.0,30149.4,17.73,50766.3,33.3010
07/26/24 10:50:00.0,29817.1,16.61,51476.5,33.8245
07/26/24 11:00:00.0,29772.5,16.49,51538.3,33.8701
07/26/24 11:10:00.0,29607.5,15.80,52059.4,34.2552
07/26/24 11:20:00.0,29527.7,15.54,52227.7,34.3797
07/26/24 11:30:00.0,29513.0,15.45,52308.9,34.4398
07/26/24 11:40:00.0,29492.0,15.40,52331.3,34.4564
07/26/24 11:50:00.0,29523.5,15.48,52290.9,34.4265
07/26/24 12:00:00.0,29624.4,15.88,51992.8,34.2059
07/26/24 12:10:00.0,29634.9,15.97,51904.7,34.1408
07/26/24 12:20:00.0,29634.9,15.97,51904.4,34.1406
07/26/24 12:30:00.0,29766.1,16.53,51477.9,33.8256
07/26/24 12:40:00.0,29932.3,17.20,50993.8,33.4686
07/26/24 12:50:00.0,29795.8,16.56,51493.7,33.8372
07/26/24 13:00:00.0,29656.0,15.94,51975.2,34.1929
07/26/24 13:10:00.0,29601.2,15.76,52091.7,34.2791
07/26/24 13:20:00.0,29668.7,16.08,51832.0,34.0871
07/26/24 13:30:00.0,29679.3,16.00,51944.1,34.1700
07/26/24 13:40:00.0,29772.5,16.53,51486.6,33.8320
07/26/24 13:50:00.0,29609.6,16.08,51728.2,34.0104
07/26/24 14:00:00.0,29797.9,16.48,51587.7,33.9066
07/26/24 14:10:00.0,29774.6,16.34,51710.0,33.9969
07/26/24 14:20:00.0,29751.2,16.31,51704.1,33.9926
07/26/24 14:30:00.0,29742.8,16.38,51607.8,33.9214
07/26/24 14:40:00.0,29785.2,16.87,51115.3,33.5581
07/26/24 14:50:00.0,29827.7,16.66,51429.0,33.7895
07/26/24 15:00:00.0,30035.2,17.35,50993.5,33.4684
07/26/24 15:10:00.0,30093.3,17.64,50764.2,33.2994
07/26/24 15:20:00.0,30024.4,17.32,51008.6,33.4795
07/26/24 15:30:00.0,29670.8,15.98,51948.8,34.1734
07/26/24 15:40:00.0,29517.2,15.51,52236.2,34.3860
07/26/24 15:50:00.0,30138.6,17.84,50615.0,33.1896
07/26/24 16:00:00.0,30259.9,18.33,50273.6,32.9385
07/26/24 16:10:00.0,30162.4,17.82,50676.5,33.2349
07/26/24 16:20:00.0,30305.6,18.33,50348.6,32.9937
07/26/24 16:30:00.0,30785.6,20.54,48765.7,31.8331
07/26/24 16:40:00.0,30082.5,17.51,50889.3,33.3916
07/26/24 16:50:00.0,29923.7,16.87,51347.8,33.7295
07/26/24 17:00:00.0,29740.6,16.26,51738.8,34.0182
07/26/24 17:10:00.0,29887.4,16.87,51285.0,33.6833
07/26/24 17:20:00.0,30268.6,18.35,50263.4,32.9310
07/26/24 17:30:00.0,30366.6,18.69,50052.4,32.7760
07/26/24 17:40:00.0,30467.3,19.05,49826.5,32.6101
07/26/24 17:50:00.0,30550.8,19.43,49553.9,32.4101
07/26/24 18:00:00.0,30590.5,19.52,49521.7,32.3866
07/26/24 18:10:00.0,30617.0,19.76,49309.4,32.2310
07/26/24 18:20:00.0,30605.9,19.65,49407.7,32.3030
07/26/24 18:30:00.0,30513.4,19.34,49588.2,32.4353
07/26/24 18:40:00.0,30659.0,19.79,49344.2,32.2564
07/26/24 18:50:00.0,30698.9,20.08,49102.4,32.0794
07/26/24 19:00:00.0,30732.2,20.12,49113.3,32.0874
07/26/24 19:10:00.0,30725.5,20.19,49029.1,32.0257
07/26/24 19:20:00.0,30246.9,18.18,50411.0,33.0395
07/26/24 19:30:00.0,30216.5,18.09,50459.8,33.0754
07/26/24 19:40:00.0,30257.7,18.22,50384.1,33.0197
07/26/24 19:50:00.0,30229.5,18.11,50458.6,33.0745
07/26/24 20:00:00.0,30231.7,18.13,50439.8,33.0607
07/26/24 20:10:00.0,30246.9,18.23,50354.1,32.9977
07/26/24 20:20:00.0,30205.7,18.04,50495.6,33.1018
07/26/24 20:30:00.0,30147.2,17.80,50664.9,33.2264
07/26/24 20:40:00.0,30108.4,17.68,50733.9,33.2771
07/26/24 20:50:00.0,30279.5,18.49,50121.0,32.8263
07/26/24 21:00:00.0,30386.3,18.79,49969.1,32.7148
07/26/24 21:10:00.0,30329.5,18.56,50126.2,32.8302
07/26/24 21:20:00.0,30349.2,18.56,50158.3,32.8538
07/26/24 21:30:00.0,30229.5,18.11,50455.3,33.0722
07/26/24 21:40:00.0,30173.2,17.96,50527.7,33.1254
07/26/24 21:50:00.0,30190.5,17.99,50522.9,33.1218
07/26/24 22:00:00.0,30360.1,18.58,50153.1,32.8500
07/26/24 22:10:00.0,30403.8,18.80,49984.7,32.7263
07/26/24 22:20:00.0,30401.6,18.83,49948.2,32.6995
07/26/24 22:30:00.0,30555.2,19.55,49424.2,32.3151
07/26/24 22:40:00.0,30033.0,17.51,50794.1,33.3214
07/26/24 22:50:00.0,30451.9,19.06,49780.6,32.5765
07/26/24 23:00:00.0,30465.1,19.10,49758.7,32.5604
07/26/24 23:10:00.0,30410.3,18.74,50058.7,32.7806
07/26/24 23:20:00.0,30495.8,19.16,49743.4,32.5492
07/26/24 23:30:00.0,30351.3,18.61,50102.9,32.8131
07/26/24 23:40:00.0,30296.9,18.34,50308.9,32.9645
07/26/24 23:50:00.0,30101.9,17.49,50930.5,33.4219
07/27/24 00:00:00.0,30054.5,17.41,50940.5,33.4293
07/27/24 00:10:00.0,30058.8,17.41,50947.5,33.4344
07/27/24 00:20:00.0,29925.9,16.95,51244.9,33.6536
07/27/24 00:30:00.0,29806.5,16.49,51570.0,33.8935
07/27/24 00:40:00.0,29863.9,16.74,51379.3,33.7528
07/27/24 00:50:00.0,30015.8,17.31,50986.6,33.4633
07/27/24 01:00:00.0,30048.1,17.40,50939.0,33.4282
07/27/24 01:10:00.0,30065.3,17.42,50945.2,33.4327
07/27/24 01:20:00.0,30030.9,17.40,50909.3,33.4063
07/27/24 01:30:00.0,30073.9,17.49,50880.0,33.3847
07/27/24 01:40:00.0,29994.4,17.23,51039.5,33.5022
07/27/24 01:50:00.0,30026.6,17.32,50991.6,33.4669
07/27/24 02:00:00.0,30015.8,17.46,50814.8,33.3367
07/27/24 02:10:00.0,30192.7,18.12,50373.9,33.0123
07/27/24 02:20:00.0,29981.5,17.14,51118.6,33.5605
07/27/24 02:30:00.0,30117.0,17.71,50703.2,33.2546
07/27/24 02:40:00.0,30320.8,18.60,50057.5,32.7797
07/27/24 02:50:00.0,30406.0,18.80,49979.3,32.7223
07/27/24 03:00:00.0,30386.3,18.96,49773.4,32.5712
07/27/24 03:10:00.0,30522.2,19.33,49596.5,32.4414
07/27/24 03:20:00.0,30020.1,17.33,50966.3,33.4483
07/27/24 03:30:00.0,29964.4,17.06,51178.4,33.6046
07/27/24 03:40:00.0,30045.9,17.28,51066.0,33.5218
07/27/24 03:50:00.0,30078.2,17.41,50973.0,33.4532
07/27/24 04:00:00.0,30229.5,18.42,50101.1,32.8118
07/27/24 04:10:00.0,30353.5,18.62,50086.5,32.8011
07/27/24 04:20:00.0,30654.6,20.09,49003.2,32.0068
07/27/24 04:30:00.0,30484.8,19.10,49780.2,32.5761
07/27/24 04:40:00.0,30347.0,18.61,50085.8,32.8005
07/27/24 04:50:00.0,30581.7,19.98,49001.0,32.0052
07/27/24 05:00:00.0,30732.2,20.49,48709.4,31.7919
07/27/24 05:10:00.0,29992.2,17.07,51211.0,33.6287
07/27/24 05:20:00.0,30316.5,18.67,49968.9,32.7147
07/27/24 05:30:00.0,30471.7,19.11,49746.1,32.5512
07/27/24 05:40:00.0,30465.1,19.20,49638.3,32.4721
07/27/24 05:50:00.0,30526.6,19.45,49470.4,32.3490
07/27/24 06:00:00.0,30581.7,19.67,49325.2,32.2426
07/27/24 06:10:00.0,30665.6,19.86,49258.9,32.1940
07/27/24 06:20:00.0,30592.7,19.85,49152.2,32.1159
07/27/24 06:30:00.0,30656.8,19.95,49149.4,32.1138
07/27/24 06:40:00.0,30656.8,19.95,49149.1,32.1136
07/27/24 06:50:00.0,30685.6,20.08,49058.4,32.0472
07/27/24 07:00:00.0,30674.5,19.98,49145.2,32.1107
07/27/24 07:10:00.0,30656.8,19.99,49106.1,32.0821
07/27/24 07:20:00.0,30639.1,19.85,49224.7,32.1689
07/27/24 07:30:00.0,30643.5,20.03,49042.3,32.0354
07/27/24 07:40:00.0,30511.2,19.55,49335.7,32.2502
07/27/24 07:50:00.0,30434.4,19.02,49777.9,32.5744
07/27/24 08:00:00.0,30294.7,18.40,50223.1,32.9014
07/27/24 08:10:00.0,30270.8,18.47,50106.5,32.8157
07/27/24 08:20:00.0,30381.9,18.74,49994.3,32.7334
07/27/24 08:30:00.0,30325.2,18.43,50239.5,32.9135
07/27/24 08:40:00.0,30290.3,18.35,50269.4,32.9355
07/27/24 08:50:00.0,30473.9,19.18,49668.0,32.4939
07/27/24 09:00:00.0,30520.0,19.51,49389.8,32.2899
07/27/24 09:10:00.0,30605.9,19.70,49326.4,32.2434
07/27/24 09:20:00.0,30623.6,19.67,49386.3,32.2873
07/27/24 09:30:00.0,30520.0,19.40,49506.0,32.3751
07/27/24 09:40:00.0,30493.6,19.23,49644.8,32.4768
07/27/24 09:50:00.0,30511.2,19.25,49651.6,32.4818
07/27/24 10:00:00.0,30493.6,19.36,49505.0,32.3743
07/27/24 10:10:00.0,30542.0,19.51,49423.1,32.3143
07/27/24 10:20:00.0,30473.9,19.28,49557.9,32.4131
07/27/24 10:30:00.0,30528.8,19.36,49561.0,32.4154
07/27/24 10:40:00.0,30561.8,19.51,49454.1,32.3370
07/27/24 10:50:00.0,30566.2,19.46,49514.2,32.3810
07/27/24 11:00:00.0,30537.6,19.47,49457.0,32.3391
07/27/24 11:10:00.0,30588.3,19.52,49485.3,32.3599
07/27/24 11:20:00.0,30533.2,19.29,49641.5,32.4744
07/27/24 11:30:00.0,30544.2,19.30,49648.3,32.4794
07/27/24 11:40:00.0,30408.1,18.71,50063.6,32.7842
07/27/24 11:50:00.0,30097.6,17.47,50922.1,33.4158
07/27/24 12:00:00.0,29785.2,16.33,51696.3,33.9868
07/27/24 12:10:00.0,29641.3,15.84,52020.9,34.2267
07/27/24 12:20:00.0,29706.8,16.07,51863.8,34.1106
07/27/24 12:30:00.0,29679.3,15.99,51909.7,34.1445
07/27/24 12:40:00.0,29793.7,16.38,51651.4,33.9536
07/27/24 12:50:00.0,29592.8,15.69,52112.3,34.2943
07/27/24 13:00:00.0,29534.0,15.62,52091.8,34.2792
07/27/24 13:10:00.0,30052.4,17.50,50809.5,33.3328
07/27/24 13:20:00.0,29998.7,17.23,51023.7,33.4906
07/27/24 13:30:00.0,29940.8,16.96,51232.7,33.6447
07/27/24 13:40:00.0,29979.4,17.05,51195.2,33.6170
07/27/24 13:50:00.0,29842.6,16.52,51570.7,33.8941
07/27/24 14:00:00.0,29930.1,16.87,51316.6,33.7066
07/27/24 14:10:00.0,29863.9,16.64,51467.8,33.8181
07/27/24 14:20:00.0,29783.1,16.24,51793.0,34.0583
07/27/24 14:30:00.0,29675.0,15.82,52098.7,34.2843
07/27/24 14:40:00.0,29719.5,16.09,51857.7,34.1061
07/27/24 14:50:00.0,29751.2,16.20,51783.5,34.0513
07/27/24 15:00:00.0,29732.2,16.22,51726.9,34.0094
07/27/24 15:10:00.0,30076.1,17.37,50992.3,33.4675
07/27/24 15:20:00.0,30138.6,17.74,50680.7,33.2379
07/27/24 15:30:00.0,30318.6,18.38,50269.9,32.9358
07/27/24 15:40:00.0,30423.5,18.76,50026.6,32.7571
07/27/24 15:50:00.0,30473.9,19.00,49848.5,32.6262
07/27/24 16:00:00.0,30656.8,19.73,49363.3,32.2705
07/27/24 16:10:00.0,30307.7,18.26,50382.8,33.0188
07/27/24 16:20:00.0,29622.3,15.57,52299.7,34.4330
07/27/24 16:30:00.0,29930.1,17.22,50912.5,33.4087
07/27/24 16:40:00.0,30465.1,19.11,49713.9,32.5275
07/27/24 16:50:00.0,30449.7,19.05,49753.1,32.5563
07/27/24 17:00:00.0,30495.8,19.07,49806.3,32.5953
07/27/24 17:10:00.0,30397.2,18.81,49926.3,32.6834
07/27/24 17:20:00.0,30318.6,18.40,50244.4,32.9171
07/27/24 17:30:00.0,30190.5,17.91,50573.4,33.1590
07/27/24 17:40:00.0,30249.0,18.16,50393.0,33.0263
07/27/24 17:50:00.0,30205.7,17.90,50609.3,33.1854
07/27/24 18:00:00.0,30511.2,19.37,49507.5,32.3761
07/27/24 18:10:00.0,30338.3,18.48,50187.5,32.8752
07/27/24 18:20:00.0,30430.0,18.78,50010.3,32.7451
07/27/24 18:30:00.0,30639.1,19.68,49383.1,32.2850
07/27/24 18:40:00.0,30758.9,20.10,49131.8,32.1009
07/27/24 18:50:00.0,30850.2,20.50,48859.5,31.9016
07/27/24 19:00:00.0,31002.7,21.05,48533.0,31.6629
07/27/24 19:10:00.0,31004.9,21.20,48383.3,31.5536
07/27/24 19:20:00.0,31016.2,21.15,48451.5,31.6034
07/27/24 19:30:00.0,31052.2,21.45,48203.1,31.4221
07/27/24 19:40:00.0,31138.1,21.72,48064.1,31.3207
07/27/24 19:50:00.0,31151.7,21.81,47994.7,31.2700
07/27/24 20:00:00.0,31149.4,21.91,47891.1,31.1945
07/27/24 20:10:00.0,30955.5,20.94,48569.4,31.6896
07/27/24 20:20:00.0,30603.7,19.58,49428.7,32.3184
07/27/24 20:30:00.0,30436.6,18.81,49984.3,32.7260
07/27/24 20:40:00.0,30502.4,19.14,49734.6,32.5427
07/27/24 20:50:00.0,30325.2,18.36,50292.5,32.9524
07/27/24 21:00:00.0,30360.1,18.61,50075.7,32.7931
07/27/24 21:10:00.0,30480.5,19.06,49784.1,32.5791
07/27/24 21:20:00.0,30511.2,19.21,49672.4,32.4970
07/27/24 21:30:00.0,30539.8,19.19,49740.0,32.5467
07/27/24 21:40:00.0,30539.8,19.32,49600.2,32.4441
07/27/24 21:50:00.0,30597.1,19.52,49479.0,32.3553
07/27/24 22:00:00.0,30608.2,19.64,49369.1,32.2747
07/27/24 22:10:00.0,30509.0,19.61,49240.9,32.1808
07/27/24 22:20:00.0,30590.5,19.51,49478.1,32.3546
07/27/24 22:30:00.0,30504.6,19.12,49756.2,32.5585
07/27/24 22:40:00.0,30340.4,18.49,50171.2,32.8633
07/27/24 22:50:00.0,30364.4,18.61,50079.2,32.7957
07/27/24 23:00:00.0,30495.8,19.12,49740.9,32.5473
07/27/24 23:10:00.0,30628.0,19.56,49483.7,32.3587
07/27/24 23:20:00.0,30694.5,19.85,49283.0,32.2116
07/27/24 23:30:00.0,30827.9,20.52,48794.7,31.8543
07/27/24 23:40:00.0,30645.7,19.81,49246.3,32.1848
07/27/24 23:50:00.0,30033.0,17.27,51015.6,33.4846
07/28/24 00:00:00.0,30329.5,18.62,50008.6,32.7438
07/28/24 00:10:00.0,30592.7,19.49,49499.4,32.3702
07/28/24 00:20:00.0,30283.8,18.63,49921.9,32.6802
07/28/24 00:30:00.0,30458.5,18.89,49925.6,32.6829
07/28/24 00:40:00.0,30403.8,18.69,50053.1,32.7765
07/28/24 00:50:00.0,30344.8,18.42,50251.1,32.9220
07/28/24 01:00:00.0,30327.4,18.34,50310.0,32.9653
07/28/24 01:10:00.0,30327.4,18.40,50243.7,32.9165
07/28/24 01:20:00.0,30259.9,18.07,50495.9,33.1020
07/28/24 01:30:00.0,30000.8,17.65,50530.2,33.1272
07/28/24 01:40:00.0,30166.7,17.78,50662.7,33.2247
07/28/24 01:50:00.0,30125.6,17.55,50851.5,33.3637
07/28/24 02:00:00.0,30249.0,18.16,50376.8,33.0144
07/28/24 02:10:00.0,30214.3,17.94,50562.8,33.1512
07/28/24 02:20:00.0,30197.0,17.84,50645.0,33.2117
07/28/24 02:30:00.0,30199.2,17.81,50681.9,33.2389
07/28/24 02:40:00.0,30171.0,17.76,50690.3,33.2450
07/28/24 02:50:00.0,30132.1,17.77,50613.7,33.1886
07/28/24 03:00:00.0,30188.3,17.77,50707.4,33.2576
07/28/24 03:10:00.0,30147.2,17.71,50705.4,33.2562
07/28/24 03:20:00.0,30132.1,17.63,50769.5,33.3033
07/28/24 03:30:00.0,30121.3,17.62,50762.3,33.2980
07/28/24 03:40:00.0,30333.9,18.42,50227.6,32.9047
07/28/24 03:50:00.0,30275.1,18.12,50460.8,33.0762
07/28/24 04:00:00.0,30281.6,18.22,50360.6,33.0025
07/28/24 04:10:00.0,30220.8,17.98,50525.2,33.1235
07/28/24 04:20:00.0,30487.0,19.06,49780.9,32.5767
07/28/24 04:30:00.0,30212.2,17.84,50666.2,33.2273
07/28/24 04:40:00.0,30108.4,17.41,50974.9,33.4546
07/28/24 04:50:00.0,30093.3,17.42,50937.8,33.4273
07/28/24 05:00:00.0,30110.5,17.62,50741.2,33.2825
07/28/24 05:10:00.0,30249.0,18.04,50503.5,33.1076
07/28/24 05:20:00.0,30333.9,18.36,50290.3,32.9508
07/28/24 05:30:00.0,30307.7,18.47,50125.9,32.8300
07/28/24 05:40:00.0,30140.8,17.63,50779.5,33.3107
07/28/24 05:50:00.0,30188.3,17.84,50623.6,33.1960
07/28/24 06:00:00.0,30255.6,18.27,50258.5,32.9274
07/28/24 06:10:00.0,30390.6,18.66,50053.4,32.7768
07/28/24 06:20:00.0,30438.8,18.83,49947.2,32.6987
07/28/24 06:30:00.0,30406.0,18.78,49947.5,32.6989
07/28/24 06:40:00.0,30537.6,19.20,49708.0,32.5232
07/28/24 06:50:00.0,30546.4,19.33,49582.6,32.4312
07/28/24 07:00:00.0,30621.4,19.64,49373.1,32.2777
07/28/24 07:10:00.0,30723.3,19.98,49177.2,32.1341
07/28/24 07:20:00.0,30776.7,20.13,49104.6,32.0810
07/28/24 07:30:00.0,30827.9,20.40,48904.0,31.9342
07/28/24 07:40:00.0,30819.0,20.39,48900.0,31.9312
07/28/24 07:50:00.0,30850.2,20.52,48814.2,31.8685
07/28/24 08:00:00.0,30865.9,20.63,48725.0,31.8033
07/28/24 08:10:00.0,30919.6,20.90,48531.6,31.6619
07/28/24 08:20:00.0,30935.3,20.97,48484.2,31.6273
07/28/24 08:30:00.0,30845.8,20.57,48754.3,31.8247
07/28/24 08:40:00.0,30723.3,20.04,49111.3,32.0859
07/28/24 08:50:00.0,30441.0,19.05,49708.1,32.5233
07/28/24 09:00:00.0,30432.2,18.84,49920.4,32.6790
07/28/24 09:10:00.0,30318.6,18.34,50279.5,32.9429
07/28/24 09:20:00.0,30368.8,18.54,50142.5,32.8422
07/28/24 09:30:00.0,30502.4,19.14,49709.9,32.5245
07/28/24 09:40:00.0,30286.0,18.14,50445.3,33.0648
07/28/24 09:50:00.0,30487.0,19.05,49781.1,32.5768
07/28/24 10:00:00.0,30462.9,18.87,49936.1,32.6906
07/28/24 10:10:00.0,30482.6,18.94,49892.1,32.6583
07/28/24 10:20:00.0,30456.3,19.00,49784.0,32.5790
07/28/24 10:30:00.0,30416.9,18.83,49903.3,32.6665
07/28/24 10:40:00.0,30601.5,19.59,49387.1,32.2879
07/28/24 10:50:00.0,30531.0,19.07,49829.2,32.6121
07/28/24 11:00:00.0,30491.4,19.09,49742.9,32.5488
07/28/24 11:10:00.0,30588.3,19.51,49449.9,32.3339
07/28/24 11:20:00.0,30621.4,19.59,49417.9,32.3105
07/28/24 11:30:00.0,30636.9,19.67,49357.6,32.2663
07/28/24 11:40:00.0,30647.9,19.64,49406.8,32.3023
07/28/24 11:50:00.0,30511.2,19.02,49849.0,32.6267
07/28/24 12:00:00.0,30535.4,19.25,49640.5,32.4737
07/28/24 12:10:00.0,30665.6,19.83,49233.3,32.1752
07/28/24 12:20:00.0,30730.0,20.13,49020.8,32.0196
07/28/24 12:30:00.0,30594.9,19.49,49479.3,32.3555
07/28/24 12:40:00.0,30685.6,19.81,49285.5,32.2134
07/28/24 12:50:00.0,30460.7,18.79,50013.9,32.7477
07/28/24 13:00:00.0,30421.3,18.74,50003.4,32.7400
07/28/24 13:10:00.0,30231.7,17.98,50525.7,33.1239
07/28/24 13:20:00.0,30231.7,17.96,50547.6,33.1400
07/28/24 13:30:00.0,30086.8,17.38,50955.0,33.4399
07/28/24 13:40:00.0,30018.0,17.09,51167.6,33.5966
07/28/24 13:50:00.0,29953.7,16.86,51321.0,33.7098
07/28/24 14:00:00.0,29930.1,16.84,51303.3,33.6967
07/28/24 14:10:00.0,29930.1,16.86,51280.0,33.6796
07/28/24 14:20:00.0,30048.1,17.24,51046.6,33.5074
07/28/24 14:30:00.0,30190.5,17.82,50632.6,33.2026
07/28/24 14:40:00.0,30151.6,17.60,50813.6,33.3358
07/28/24 14:50:00.0,30067.4,17.31,50998.8,33.4722
07/28/24 15:00:00.0,30000.8,17.10,51124.3,33.5647
07/28/24 15:10:00.0,30018.0,17.11,51141.8,33.5776
07/28/24 15:20:00.0,30020.1,17.07,51190.7,33.6137
07/28/24 15:30:00.0,30003.0,17.09,51138.5,33.5752
07/28/24 15:40:00.0,30132.1,17.54,50846.4,33.3600
07/28/24 15:50:00.0,30078.2,17.38,50935.8,33.4258
07/28/24 16:00:00.0,30063.1,17.27,51034.6,33.4986
07/28/24 16:10:00.0,30307.7,18.23,50369.1,33.0087
07/28/24 16:20:00.0,30425.6,18.61,50145.8,32.8446
07/28/24 16:30:00.0,30471.7,18.84,49970.5,32.7158
07/28/24 16:40:00.0,30645.7,19.64,49393.7,32.2927
07/28/24 16:50:00.0,30286.0,18.60,49926.3,32.6834
07/28/24 17:00:00.0,29992.2,16.93,51300.0,33.6943
07/28/24 17:10:00.0,29925.9,16.70,51451.0,33.8057
07/28/24 17:20:00.0,30465.1,18.85,49947.2,32.6987
07/28/24 17:30:00.0,30636.9,19.54,49484.2,32.3591
07/28/24 17:40:00.0,30643.5,19.68,49345.8,32.2577
07/28/24 17:50:00.0,30568.4,19.33,49597.0,32.4418
07/28/24 18:00:00.0,30360.1,18.42,50242.9,32.9160
07/28/24 18:10:00.0,30220.8,17.96,50520.0,33.1197
07/28/24 18:20:00.0,30160.2,17.67,50742.2,33.2833
07/28/24 18:30:00.0,30227.3,18.09,50385.9,33.0211
07/28/24 18:40:00.0,30251.2,17.99,50536.3,33.1317
07/28/24 18:50:00.0,30379.7,18.70,49967.4,32.7136
07/28/24 19:00:00.0,30451.9,18.78,49998.4,32.7363
07/28/24 19:10:00.0,30599.3,19.64,49314.3,32.2346
07/28/24 19:20:00.0,30683.4,19.82,49258.6,32.1938
07/28/24 19:30:00.0,30690.0,19.86,49226.7,32.1704
07/28/24 19:40:00.0,30827.9,20.41,48870.5,31.9097
07/28/24 19:50:00.0,30903.9,20.68,48710.9,31.7930
07/28/24 20:00:00.0,30901.7,20.87,48511.9,31.6476
07/28/24 20:10:00.0,30942.0,20.92,48523.6,31.6561
07/28/24 20:20:00.0,31020.7,21.21,48350.5,31.5297
07/28/24 20:30:00.0,31011.7,21.30,48245.0,31.4527
07/28/24 20:40:00.0,31070.3,21.46,48174.0,31.4008
07/28/24 20:50:00.0,31040.9,21.38,48208.9,31.4263
07/28/24 21:00:00.0,30890.5,20.80,48564.2,31.6858
07/28/24 21:10:00.0,30794.5,20.30,48929.1,31.9526
07/28/24 21:20:00.0,30674.5,19.82,49240.6,32.1806
07/28/24 21:30:00.0,30581.7,19.38,49558.0,32.4132
07/28/24 21:40:00.0,30427.8,18.74,49997.3,32.7355
07/28/24 21:50:00.0,30550.8,19.43,49454.1,32.3370
07/28/24 22:00:00.0,30621.4,19.67,49312.6,32.2333
07/28/24 22:10:00.0,30641.3,19.74,49270.2,32.2023
07/28/24 22:20:00.0,30659.0,19.78,49256.0,32.1919
07/28/24 22:30:00.0,30692.2,19.98,49098.3,32.0764
07/28/24 22:40:00.0,30511.2,19.12,49720.3,32.5322
07/28/24 22:50:00.0,30491.4,18.98,49838.7,32.6191
07/28/24 23:00:00.0,30524.4,19.36,49483.9,32.3588
07/28/24 23:10:00.0,30502.4,19.05,49780.4,32.5763
07/28/24 23:20:00.0,30443.2,18.91,49834.8,32.6162
07/28/24 23:30:00.0,30438.8,18.76,49990.0,32.7301
07/28/24 23:40:00.0,30386.3,18.56,50121.6,32.8268
07/28/24 23:50:00.0,30384.1,18.56,50117.7,32.8239
07/29/24 00:00:00.0,30469.5,18.93,49854.8,32.6309
07/29/24 00:10:00.0,30542.0,19.21,49670.7,32.4958
07/29/24 00:20:00.0,30698.9,20.39,48678.3,31.7692
07/29/24 00:30:00.0,30533.2,19.10,49774.0,32.5716
07/29/24 00:40:00.0,30670.1,19.76,49290.5,32.2171
07/29/24 00:50:00.0,30747.7,20.12,49035.6,32.0305
07/29/24 01:00:00.0,30712.2,19.89,49220.1,32.1656
07/29/24 01:10:00.0,30758.9,20.00,49178.7,32.1352
07/29/24 01:20:00.0,30758.9,19.96,49220.4,32.1658
07/29/24 01:30:00.0,30672.3,19.73,49324.1,32.2418
07/29/24 01:40:00.0,30414.7,18.58,50142.5,32.8422
07/29/24 01:50:00.0,30331.7,18.43,50169.8,32.8623
07/29/24 02:00:00.0,30338.3,18.40,50213.3,32.8942
07/29/24 02:10:00.0,30227.3,17.95,50526.3,33.1243
07/29/24 02:20:00.0,30132.1,17.67,50679.4,33.2370
07/29/24 02:30:00.0,30099.8,17.54,50770.8,33.3043
07/29/24 02:40:00.0,30071.8,17.72,50521.8,33.1210
07/29/24 02:50:00.0,30223.0,18.02,50440.0,33.0609
07/29/24 03:00:00.0,30279.5,18.23,50301.2,32.9588
07/29/24 03:10:00.0,30171.0,17.99,50386.1,33.0212
07/29/24 03:20:00.0,30192.7,18.03,50377.6,33.0150
07/29/24 03:30:00.0,30249.0,18.21,50271.8,32.9372
07/29/24 03:40:00.0,30181.8,17.98,50414.2,33.0419
07/29/24 03:50:00.0,30166.7,17.85,50533.2,33.1294
07/29/24 04:00:00.0,30181.8,17.91,50491.3,33.0986
07/29/24 04:10:00.0,30244.7,18.17,50307.5,32.9634
07/29/24 04:20:00.0,30199.2,17.93,50497.4,33.1031
07/29/24 04:30:00.0,30210.0,17.95,50492.9,33.0997
07/29/24 04:40:00.0,30210.0,17.91,50537.0,33.1322
07/29/24 04:50:00.0,30166.7,17.80,50587.0,33.1690
07/29/24 05:00:00.0,30155.9,17.69,50691.6,33.2460
07/29/24 05:10:00.0,30117.0,17.65,50670.9,33.2308
07/29/24 05:20:00.0,30095.5,17.60,50690.6,33.2452
07/29/24 05:30:00.0,30065.3,17.65,50583.6,33.1665
07/29/24 05:40:00.0,30095.5,17.56,50734.8,33.2778
07/29/24 05:50:00.0,30039.5,17.44,50775.3,33.3076
07/29/24 06:00:00.0,30043.8,17.47,50748.4,33.2878
07/29/24 06:10:00.0,29960.1,17.46,50618.4,33.1921
07/29/24 06:20:00.0,29945.1,17.49,50559.2,33.1485
07/29/24 06:30:00.0,30151.6,17.74,50625.5,33.1974
07/29/24 06:40:00.0,30117.0,17.71,50600.8,33.1792
07/29/24 06:50:00.0,30149.4,17.68,50688.3,33.2436
07/29/24 07:00:00.0,30086.8,17.59,50683.9,33.2403
07/29/24 07:10:00.0,30039.5,17.53,50671.4,33.2311
07/29/24 07:20:00.0,30084.7,17.54,50735.9,33.2786
07/29/24 07:30:00.0,30240.4,18.11,50360.1,33.0021
07/29/24 07:40:00.0,30296.9,18.31,50232.8,32.9085
07/29/24 07:50:00.0,30147.2,18.66,49604.3,32.4471
07/29/24 08:00:00.0,30316.5,18.39,50176.6,32.8673
07/29/24 08:10:00.0,30223.0,17.98,50474.0,33.0859
07/29/24 08:20:00.0,30043.8,17.98,50175.3,32.8663
07/29/24 08:30:00.0,30283.8,18.30,50220.5,32.8995
07/29/24 08:40:00.0,30264.2,18.79,49653.9,32.4835
07/29/24 08:50:00.0,30379.7,19.52,49061.7,32.0496
07/29/24 09:00:00.0,30515.6,19.86,48922.0,31.9473
07/29/24 09:10:00.0,30590.5,19.82,49083.5,32.0655
07/29/24 09:20:00.0,30225.2,17.94,50519.8,33.1196
07/29/24 09:30:00.0,30205.7,17.98,50442.6,33.0628
07/29/24 09:40:00.0,30106.2,17.54,50767.4,33.3018
07/29/24 09:50:00.0,30110.5,17.58,50729.3,33.2738
07/29/24 10:00:00.0,30153.7,17.65,50722.9,33.2691
07/29/24 10:10:00.0,30134.3,17.62,50723.7,33.2696
07/29/24 10:20:00.0,30268.6,18.17,50335.1,32.9837
07/29/24 10:30:00.0,30262.1,18.18,50312.9,32.9674
07/29/24 10:40:00.0,30184.0,17.82,50582.2,33.1655
07/29/24 10:50:00.0,30162.4,17.78,50590.4,33.1715
07/29/24 11:00:00.0,30138.6,17.72,50617.3,33.1913
07/29/24 11:10:00.0,30286.0,18.25,50274.0,32.9388
07/29/24 11:20:00.0,30357.9,18.56,50052.2,32.7759
07/29/24 11:30:00.0,30355.7,18.57,50037.4,32.7649
07/29/24 11:40:00.0,30419.1,18.92,49760.8,32.5619
07/29/24 11:50:00.0,30351.3,18.65,49942.3,32.6951
07/29/24 12:00:00.0,30299.0,18.42,50107.1,32.8162
07/29/24 12:10:00.0,30279.5,18.26,50250.3,32.9214
07/29/24 12:20:00.0,30255.6,18.31,50155.5,32.8517
07/29/24 12:30:00.0,30244.7,18.29,50159.1,32.8544
07/29/24 12:40:00.0,30305.6,18.72,49789.7,32.5831
07/29/24 12:50:00.0,30368.8,19.03,49558.1,32.4133
07/29/24 13:00:00.0,30264.2,18.80,49634.8,32.4695
07/29/24 13:10:00.0,30473.9,19.16,49588.8,32.4358
07/29/24 13:20:00.0,30553.0,19.52,49332.3,32.2477
07/29/24 13:30:00.0,30522.2,19.45,49356.6,32.2656
07/29/24 13:40:00.0,30495.8,19.28,49494.9,32.3669
07/29/24 13:50:00.0,30480.5,19.11,49651.9,32.4820
07/29/24 14:00:00.0,30513.4,19.34,49458.6,32.3403
07/29/24 14:10:00.0,30349.2,18.62,49967.0,32.7133
07/29/24 14:20:00.0,30316.5,18.39,50164.3,32.8582
07/29/24 14:30:00.0,30262.1,18.08,50415.7,33.0430
07/29/24 14:40:00.0,30194.8,17.89,50514.3,33.1155
07/29/24 14:50:00.0,30155.9,17.78,50571.7,33.1577
07/29/24 15:00:00.0,30175.4,17.77,50615.1,33.1897
07/29/24 15:10:00.0,30173.2,17.74,50644.6,33.2114
07/29/24 15:20:00.0,30134.3,17.80,50512.3,33.1140
07/29/24 15:30:00.0,30190.5,17.93,50461.1,33.0764
07/29/24 15:40:00.0,30223.0,17.96,50481.5,33.0914
07/29/24 15:50:00.0,30229.5,18.05,50392.2,33.0257
07/29/24 16:00:00.0,30233.9,18.05,50399.1,33.0308
07/29/24 16:10:00.0,30205.7,17.95,50462.8,33.0777
07/29/24 16:20:00.0,30194.8,17.96,50433.3,33.0559
07/29/24 16:30:00.0,30268.6,18.12,50378.3,33.0155
07/29/24 16:40:00.0,30216.5,18.14,50269.4,32.9355
07/29/24 16:50:00.0,30264.2,18.16,50326.1,32.9771
07/29/24 17:00:00.0,30240.4,18.02,50441.3,33.0618
07/29/24 17:10:00.0,30223.0,18.04,50389.8,33.0240
07/29/24 17:20:00.0,30216.5,18.02,50400.9,33.0321
07/29/24 17:30:00.0,30218.7,17.98,50448.6,33.0672
07/29/24 17:40:00.0,30286.0,18.23,50283.4,32.9457
07/29/24 17:50:00.0,30138.6,17.62,50715.9,33.2638
07/29/24 18:00:00.0,30084.7,17.63,50613.9,33.1888
07/29/24 18:10:00.0,30151.6,17.68,50669.7,33.2299
07/29/24 18:20:00.0,30233.9,18.21,50217.8,32.8975
07/29/24 18:30:00.0,30392.8,18.72,49921.3,32.6797
07/29/24 18:40:00.0,30414.7,18.85,49815.8,32.6023
07/29/24 18:50:00.0,30373.2,18.58,50041.0,32.7676
07/29/24 19:00:00.0,30212.2,17.85,50579.4,33.1634
07/29/24 19:10:00.0,30130.0,17.59,50732.5,33.2761
07/29/24 19:20:00.0,30095.5,17.55,50719.1,33.2663
07/29/24 19:30:00.0,30181.8,17.86,50516.6,33.1172
07/29/24 19:40:00.0,30119.2,17.59,50713.4,33.2620
07/29/24 19:50:00.0,30388.5,18.83,49792.4,32.5851
07/29/24 20:00:00.0,30329.5,18.52,50032.4,32.7613
07/29/24 20:10:00.0,30353.5,18.52,50071.5,32.7900
07/29/24 20:20:00.0,30333.9,18.62,49929.9,32.6860
07/29/24 20:30:00.0,30249.0,18.25,50194.6,32.8805
07/29/24 20:40:00.0,30205.7,18.09,50298.9,32.9571
07/29/24 20:50:00.0,30286.0,18.23,50277.2,32.9412
07/29/24 21:00:00.0,30294.7,18.57,49918.7,32.6778
07/29/24 21:10:00.0,30425.6,19.06,49602.3,32.4456
07/29/24 21:20:00.0,30555.2,19.64,49193.4,32.1460
07/29/24 21:30:00.0,30619.2,20.13,48781.6,31.8447
07/29/24 21:40:00.0,30705.5,20.39,48648.5,31.7473
07/29/24 21:50:00.0,30268.6,18.18,50301.6,32.9591
07/29/24 22:00:00.0,30275.1,18.18,50312.0,32.9668
07/29/24 22:10:00.0,30325.2,18.45,50097.6,32.8092
07/29/24 22:20:00.0,30357.9,18.61,49976.3,32.7201
07/29/24 22:30:00.0,30408.1,18.78,49873.4,32.6446
07/29/24 22:40:00.0,30537.6,19.54,49268.4,32.2009
07/29/24 22:50:00.0,30656.8,19.98,48995.5,32.0011
07/29/24 23:00:00.0,30707.8,20.22,48825.8,31.8770
07/29/24 23:10:00.0,30447.6,19.18,49505.5,32.3747
07/29/24 23:20:00.0,30548.6,19.54,49284.8,32.2130
07/29/24 23:30:00.0,30384.1,18.63,49995.3,32.7340
07/29/24 23:40:00.0,30366.6,18.63,49966.2,32.7127
07/29/24 23:50:00.0,30454.1,19.01,49697.3,32.5153
07/30/24 00:00:00.0,30397.2,18.78,49852.7,32.6294
07/30/24 00:10:00.0,30550.8,19.61,49212.6,32.1601
07/30/24 00:20:00.0,30628.0,19.90,49030.5,32.0268
07/30/24 00:30:00.0,30535.4,19.40,49410.1,32.3047
07/30/24 00:40:00.0,30423.5,18.83,49840.2,32.6202
07/30/24 00:50:00.0,30344.8,18.66,49895.6,32.6608
07/30/24 01:00:00.0,30309.9,18.61,49892.4,32.6585
07/30/24 01:10:00.0,30344.8,18.89,49645.9,32.4777
07/30/24 01:20:00.0,30520.0,19.37,49415.6,32.3088
07/30/24 01:30:00.0,30478.3,19.33,49390.5,32.2904
07/30/24 01:40:00.0,30309.9,18.43,50087.5,32.8018
07/30/24 01:50:00.0,30301.2,18.33,50182.5,32.8716
07/30/24 02:00:00.0,30307.7,18.36,50160.0,32.8550
07/30/24 02:10:00.0,30449.7,19.06,49631.8,32.4673
07/30/24 02:20:00.0,30467.3,19.28,49424.4,32.3152
07/30/24 02:30:00.0,30451.9,19.23,49452.5,32.3359
07/30/24 02:40:00.0,30410.3,19.09,49534.6,32.3960
07/30/24 02:50:00.0,30336.1,18.72,49812.3,32.5997
07/30/24 03:00:00.0,30270.8,18.40,50053.3,32.7767
07/30/24 03:10:00.0,30065.3,17.45,50765.4,33.3003
07/30/24 03:20:00.0,29960.1,16.96,51142.8,33.5784
07/30/24 03:30:00.0,29868.2,16.62,51375.9,33.7503
07/30/24 03:40:00.0,29772.5,16.47,51384.6,33.7567
07/30/24 03:50:00.0,29774.6,16.35,51526.9,33.8617
07/30/24 04:00:00.0,29851.1,16.61,51357.1,33.7364
07/30/24 04:10:00.0,29934.4,16.89,51177.5,33.6039
07/30/24 04:20:00.0,29910.9,16.91,51114.2,33.5573
07/30/24 04:30:00.0,29943.0,17.05,51008.8,33.4796
07/30/24 04:40:00.0,29893.8,16.80,51210.3,33.6282
07/30/24 04:50:00.0,29910.9,16.80,51239.2,33.6494
07/30/24 05:00:00.0,29921.6,16.87,51176.9,33.6035
07/30/24 05:10:00.0,29947.2,17.00,51071.6,33.5259
07/30/24 05:20:00.0,29910.9,16.83,51203.8,33.6233
07/30/24 05:30:00.0,29883.1,16.71,51293.8,33.6897
07/30/24 05:40:00.0,29964.4,17.06,51031.4,33.4963
07/30/24 05:50:00.0,30048.1,17.42,50765.0,33.3000
07/30/24 06:00:00.0,30125.6,17.68,50602.9,33.1807
07/30/24 06:10:00.0,30151.6,17.82,50489.8,33.0975
07/30/24 06:20:00.0,30020.1,17.25,50908.7,33.4059
07/30/24 06:30:00.0,30151.6,17.59,50746.4,33.2863
07/30/24 06:40:00.0,30175.4,18.05,50273.3,32.9383
07/30/24 06:50:00.0,30149.4,18.35,49900.3,32.6643
07/30/24 07:00:00.0,30177.5,18.08,50243.0,32.9160
07/30/24 07:10:00.0,30127.8,17.84,50425.9,33.0505
07/30/24 07:20:00.0,30132.1,17.67,50622.4,33.1950
07/30/24 07:30:00.0,30084.7,17.53,50699.5,33.2518
07/30/24 07:40:00.0,30524.4,19.94,48809.3,31.8650
07/30/24 07:50:00.0,30373.2,18.88,49690.2,32.5101
07/30/24 08:00:00.0,30231.7,18.12,50286.8,32.9482
07/30/24 08:10:00.0,30192.7,18.23,50100.7,32.8115
07/30/24 08:20:00.0,30233.9,18.31,50080.7,32.7968
07/30/24 08:30:00.0,30181.8,18.09,50236.2,32.9110
07/30/24 08:40:00.0,30347.0,18.71,49829.7,32.6125
07/30/24 08:50:00.0,30458.5,19.47,49195.7,32.1477
07/30/24 09:00:00.0,30325.2,19.34,49118.1,32.0909
07/30/24 09:10:00.0,30218.7,18.56,49781.1,32.5769
07/30/24 09:20:00.0,30249.0,18.56,49830.6,32.6131
07/30/24 09:30:00.0,30130.0,18.33,49885.0,32.6531
07/30/24 09:40:00.0,30316.5,18.94,49529.6,32.3923
07/30/24 09:50:00.0,30379.7,19.11,49449.7,32.3338
07/30/24 10:00:00.0,30487.0,19.69,49007.1,32.0096
07/30/24 10:10:00.0,30445.4,19.45,49193.3,32.1459
07/30/24 10:20:00.0,30390.6,19.24,49327.6,32.2443
07/30/24 10:30:00.0,30386.3,19.14,49427.0,32.3172
07/30/24 10:40:00.0,30438.8,19.34,49298.4,32.2229
07/30/24 10:50:00.0,30338.3,18.93,49573.6,32.4246
07/30/24 11:00:00.0,30309.9,18.74,49732.0,32.5408
07/30/24 11:10:00.0,30340.4,18.80,49716.6,32.5295
07/30/24 11:20:00.0,30262.1,18.42,50000.9,32.7382
07/30/24 11:30:00.0,30277.3,18.85,49559.0,32.4139
07/30/24 11:40:00.0,30242.5,18.40,49989.8,32.7300
07/30/24 11:50:00.0,29936.5,17.15,50869.7,33.3772
07/30/24 12:00:00.0,30003.0,17.31,50800.8,33.3264
07/30/24 12:10:00.0,30076.1,17.65,50541.5,33.1355
07/30/24 12:20:00.0,30080.4,17.63,50570.7,33.1570
07/30/24 12:30:00.0,30108.4,17.84,50383.1,33.0190
07/30/24 12:40:00.0,30162.4,18.03,50262.1,32.9301
07/30/24 12:50:00.0,30186.2,18.09,50235.0,32.9102
07/30/24 13:00:00.0,30162.4,18.30,49964.5,32.7114
07/30/24 13:10:00.0,30268.6,18.47,49953.4,32.7033
07/30/24 13:20:00.0,30233.9,18.45,49917.8,32.6772
07/30/24 13:30:00.0,30030.9,17.50,50631.0,33.2014
07/30/24 13:40:00.0,30168.9,18.07,50226.7,32.9041
07/30/24 13:50:00.0,30427.8,19.21,49413.1,32.3070
07/30/24 14:00:00.0,30414.7,19.11,49498.5,32.3696
07/30/24 14:10:00.0,30190.5,18.03,50305.8,32.9622
07/30/24 14:20:00.0,30194.8,18.35,49960.7,32.7086
07/30/24 14:30:00.0,30336.1,18.78,49724.8,32.5355
07/30/24 14:40:00.0,30357.9,19.00,49522.9,32.3875
07/30/24 14:50:00.0,30318.6,18.60,49890.7,32.6573
07/30/24 15:00:00.0,30244.7,18.38,50008.9,32.7440
07/30/24 15:10:00.0,31297.1,23.75,46214.3,29.9758
07/30/24 15:20:00.0,31315.4,23.39,46580.3,30.2412
