Date Time,High Range (μS/cm)  #21742584,Temp (°C)  #21742584,Specific Conductance (μS/cm),Salinity_OB1_21958393 (ppt)
05/07/24 09:00:00.0,0.0,21.18,,
05/07/24 09:10:00.0,0.0,21.58,,
05/07/24 09:20:00.0,0.0,22.04,,
05/07/24 09:30:00.0,0.0,22.06,,
05/07/24 09:40:00.0,0.0,22.01,,
05/07/24 09:50:00.0,0.0,22.42,,
05/07/24 10:00:00.0,0.0,23.02,,
05/07/24 10:10:00.0,0.0,23.71,,
05/07/24 10:20:00.0,0.0,24.44,,
05/07/24 10:30:00.0,0.0,25.19,,
05/07/24 10:40:00.0,0.0,25.92,,
05/07/24 10:50:00.0,0.0,26.66,,
05/07/24 11:00:00.0,0.0,27.41,,
05/07/24 11:10:00.0,0.0,28.09,,
05/07/24 11:20:00.0,0.0,28.26,,
05/07/24 11:30:00.0,31457.1,15.79,,
05/07/24 11:40:00.0,31016.7,15.63,,
05/07/24 11:50:00.0,31136.8,16.57,,
05/07/24 12:00:00.0,31180.6,17.19,,
05/07/24 12:10:00.0,31178.4,17.54,,
05/07/24 12:20:00.0,2634.8,19.53,,
05/07/24 12:30:00.0,2000.4,22.64,,
05/07/24 12:40:00.0,1191.2,25.02,,
05/07/24 12:50:00.0,966.2,26.16,,
05/07/24 13:00:00.0,28984.0,12.61,46450.7,30.1471
05/07/24 13:10:00.0,29184.1,12.73,46637.0,30.2823
05/07/24 13:20:00.0,29213.7,12.85,46552.2,30.2208
05/07/24 13:30:00.0,29312.7,13.15,46379.2,30.0953
05/07/24 13:40:00.0,29422.3,13.51,46159.3,29.9359
05/07/24 13:50:00.0,29578.7,13.95,45928.3,29.7686
05/07/24 14:00:00.0,29647.3,14.25,45714.6,29.6140
05/07/24 14:10:00.0,29502.3,14.14,45610.0,29.5383
05/07/24 14:20:00.0,29237.4,13.46,45929.5,29.7695
05/07/24 14:30:00.0,29217.7,13.40,45964.8,29.7950
05/07/24 14:40:00.0,29308.8,13.64,45849.0,29.7112
05/07/24 14:50:00.0,29516.4,14.40,45361.3,29.3585
05/07/24 15:00:00.0,29470.3,14.31,45386.7,29.3769
05/07/24 15:10:00.0,29372.4,14.23,45322.1,29.3302
05/07/24 15:20:00.0,29442.3,14.33,45325.1,29.3324
05/07/24 15:30:00.0,29400.3,14.16,45441.3,29.4163
05/07/24 15:40:00.0,29416.3,14.25,45371.9,29.3662
05/07/24 15:50:00.0,29466.3,14.44,45249.6,29.2779
05/07/24 16:00:00.0,29376.4,14.22,45344.6,29.3465
05/07/24 16:10:00.0,29247.3,13.73,45667.3,29.5797
05/07/24 16:20:00.0,29130.9,13.22,46037.0,29.8473
05/07/24 16:30:00.0,29077.9,13.00,46194.8,29.9616
05/07/24 16:40:00.0,29036.8,12.82,46328.7,30.0586
05/07/24 16:50:00.0,29023.1,12.76,46374.2,30.0917
05/07/24 17:00:00.0,29099.5,13.02,46210.6,29.9730
05/07/24 17:10:00.0,29028.9,12.73,46418.9,30.1241
05/07/24 17:20:00.0,28974.2,12.52,46565.8,30.2306
05/07/24 17:30:00.0,28915.8,12.42,46584.9,30.2445
05/07/24 17:40:00.0,28902.2,12.32,46675.9,30.3106
05/07/24 17:50:00.0,28826.6,12.02,46892.4,30.4677
05/07/24 18:00:00.0,28797.6,11.86,47027.7,30.5661
05/07/24 18:10:00.0,28768.6,11.65,47220.9,30.7065
05/07/24 18:20:00.0,28730.1,11.45,47388.5,30.8285
05/07/24 18:30:00.0,28737.8,11.31,47563.9,30.9561
05/07/24 18:40:00.0,28728.1,11.23,47641.9,31.0129
05/07/24 18:50:00.0,28733.9,11.19,47699.1,31.0546
05/07/24 19:00:00.0,28753.2,11.24,47674.0,31.0363
05/07/24 19:10:00.0,28770.5,11.23,47715.4,31.0664
05/07/24 19:20:00.0,28770.5,11.23,47716.6,31.0673
05/07/24 19:30:00.0,28784.1,11.26,47705.3,31.0591
05/07/24 19:40:00.0,28815.0,11.29,47722.5,31.0717
05/07/24 19:50:00.0,28840.1,11.36,47683.8,31.0434
05/07/24 20:00:00.0,28845.9,11.36,47694.5,31.0512
05/07/24 20:10:00.0,28861.5,11.36,47721.3,31.0708
05/07/24 20:20:00.0,28896.4,11.45,47675.5,31.0374
05/07/24 20:30:00.0,28900.3,11.46,47671.5,31.0345
05/07/24 20:40:00.0,28915.8,11.53,47617.2,30.9949
05/07/24 20:50:00.0,28950.8,11.64,47548.8,30.9451
05/07/24 21:00:00.0,28919.7,11.63,47510.8,30.9174
05/07/24 21:10:00.0,28768.6,11.54,47368.6,30.8140
05/07/24 21:20:00.0,28880.8,11.53,47564.8,30.9568
05/07/24 21:30:00.0,28900.3,11.52,47609.5,30.9893
05/07/24 21:40:00.0,28894.4,11.53,47589.5,30.9748
05/07/24 21:50:00.0,28925.5,11.56,47606.9,30.9875
05/07/24 22:00:00.0,28927.5,11.56,47611.4,30.9907
05/07/24 22:10:00.0,28906.1,11.58,47554.6,30.9494
05/07/24 22:20:00.0,28913.9,11.58,47568.6,30.9595
05/07/24 22:30:00.0,28931.4,11.59,47586.8,30.9728
05/07/24 22:40:00.0,28925.5,11.59,47578.4,30.9667
05/07/24 22:50:00.0,28943.1,11.60,47596.8,30.9801
05/07/24 23:00:00.0,28950.8,11.69,47507.0,30.9147
05/07/24 23:10:00.0,29007.4,11.87,47394.0,30.8325
05/07/24 23:20:00.0,29054.4,12.14,47164.0,30.6652
05/07/24 23:30:00.0,29070.1,12.15,47179.2,30.6762
05/07/24 23:40:00.0,29052.4,12.12,47185.9,30.6810
05/07/24 23:50:00.0,29058.3,12.14,47173.9,30.6723
05/08/24 00:00:00.0,29079.9,12.19,47153.3,30.6574
05/08/24 00:10:00.0,29089.7,12.23,47125.1,30.6368
05/08/24 00:20:00.0,29127.0,12.34,47062.1,30.5910
05/08/24 00:30:00.0,29129.0,12.48,46909.1,30.4799
05/08/24 00:40:00.0,29170.3,12.58,46864.4,30.4474
05/08/24 00:50:00.0,29180.2,12.63,46825.5,30.4192
05/08/24 01:00:00.0,29180.2,12.67,46782.1,30.3876
05/08/24 01:10:00.0,29184.1,12.68,46778.4,30.3849
05/08/24 01:20:00.0,29164.4,12.64,46792.8,30.3954
05/08/24 01:30:00.0,29146.7,12.58,46832.7,30.4244
05/08/24 01:40:00.0,29154.5,12.57,46857.5,30.4424
05/08/24 01:50:00.0,29162.4,12.68,46748.6,30.3633
05/08/24 02:00:00.0,29176.2,12.84,46594.0,30.2511
05/08/24 02:10:00.0,29195.9,12.92,46538.0,30.2105
05/08/24 02:20:00.0,29221.6,12.97,46524.7,30.2008
05/08/24 02:30:00.0,29227.5,13.01,46491.1,30.1764
05/08/24 02:40:00.0,29211.7,13.06,46412.3,30.1193
05/08/24 02:50:00.0,29221.6,13.06,46429.1,30.1315
05/08/24 03:00:00.0,29225.6,13.06,46436.6,30.1369
05/08/24 03:10:00.0,29205.8,13.02,46450.5,30.1470
05/08/24 03:20:00.0,29217.7,13.02,46470.5,30.1615
05/08/24 03:30:00.0,29205.8,13.02,46452.9,30.1487
05/08/24 03:40:00.0,29231.5,13.15,46351.8,30.0754
05/08/24 03:50:00.0,29237.4,13.20,46307.5,30.0433
05/08/24 04:00:00.0,29241.4,13.20,46315.0,30.0487
05/08/24 04:10:00.0,29237.4,13.20,46309.9,30.0450
05/08/24 04:20:00.0,29235.4,13.19,46318.8,30.0515
05/08/24 04:30:00.0,29217.7,13.13,46357.9,30.0798
05/08/24 04:40:00.0,29211.7,13.07,46415.5,30.1216
05/08/24 04:50:00.0,29205.8,13.07,46407.3,30.1157
05/08/24 05:00:00.0,29186.1,13.02,46432.3,30.1338
05/08/24 05:10:00.0,29172.3,13.02,46411.7,30.1189
05/08/24 05:20:00.0,29180.2,13.02,46425.4,30.1288
05/08/24 05:30:00.0,29195.9,13.03,46440.4,30.1397
05/08/24 05:40:00.0,29188.0,13.01,46451.1,30.1474
05/08/24 05:50:00.0,29178.2,12.97,46480.8,30.1690
05/08/24 06:00:00.0,29160.4,12.97,46453.8,30.1494
05/08/24 06:10:00.0,29140.8,12.81,46600.7,30.2559
05/08/24 06:20:00.0,29138.8,12.79,46620.9,30.2706
05/08/24 06:30:00.0,29068.1,12.34,47011.8,30.5545
05/08/24 06:40:00.0,29044.6,12.18,47155.7,30.6591
05/08/24 06:50:00.0,29009.4,12.09,47202.1,30.6928
05/08/24 07:00:00.0,29040.7,12.12,47219.8,30.7057
05/08/24 07:10:00.0,28985.9,11.89,47394.2,30.8326
05/08/24 07:20:00.0,28956.7,11.75,47508.2,30.9156
05/08/24 07:30:00.0,28931.4,11.70,47525.6,30.9282
05/08/24 07:40:00.0,28929.4,11.70,47523.5,30.9267
05/08/24 07:50:00.0,28917.8,11.62,47597.9,30.9809
05/08/24 08:00:00.0,28877.0,11.51,47659.3,31.0256
05/08/24 08:10:00.0,28811.1,11.34,47749.2,31.0911
05/08/24 08:20:00.0,28741.6,11.10,47915.4,31.2122
05/08/24 08:30:00.0,28597.7,10.87,47947.4,31.2355
05/08/24 08:40:00.0,28655.1,10.79,48138.5,31.3749
05/08/24 08:50:00.0,28649.4,10.76,48165.6,31.3947
05/08/24 09:00:00.0,28659.0,10.80,48135.6,31.3728
05/08/24 09:10:00.0,28787.9,11.32,47741.5,31.0855
05/08/24 09:20:00.0,28776.3,11.36,47677.2,31.0387
05/08/24 09:30:00.0,28801.4,11.37,47708.2,31.0612
05/08/24 09:40:00.0,28801.4,11.38,47697.8,31.0536
05/08/24 09:50:00.0,28789.8,11.37,47691.5,31.0491
05/08/24 10:00:00.0,28801.4,11.41,47665.4,31.0301
05/08/24 10:10:00.0,28820.8,11.46,47640.7,31.0120
05/08/24 10:20:00.0,28820.8,11.47,47630.3,31.0045
05/08/24 10:30:00.0,28778.3,11.48,47550.2,30.9462
05/08/24 10:40:00.0,28836.3,11.49,47635.0,31.0079
05/08/24 10:50:00.0,28760.9,11.43,47581.8,30.9692
05/08/24 11:00:00.0,28789.8,11.46,47595.8,30.9794
05/08/24 11:10:00.0,28826.6,11.52,47588.1,30.9738
05/08/24 11:20:00.0,28811.1,11.54,47540.9,30.9393
05/08/24 11:30:00.0,28811.1,11.60,47473.0,30.8899
05/08/24 11:40:00.0,28811.1,11.62,47451.2,30.8741
05/08/24 11:50:00.0,28809.2,11.63,47437.8,30.8643
05/08/24 12:00:00.0,28859.5,11.84,47280.7,30.7500
05/08/24 12:10:00.0,28913.9,12.02,47165.4,30.6661
05/08/24 12:20:00.0,28906.1,12.09,47074.6,30.6001
05/08/24 12:30:00.0,28943.1,12.10,47124.3,30.6363
05/08/24 12:40:00.0,28947.0,12.13,47097.9,30.6171
05/08/24 12:50:00.0,28958.6,12.13,47117.8,30.6316
05/08/24 13:00:00.0,28886.7,12.10,47036.7,30.5726
05/08/24 13:10:00.0,28948.9,12.06,47183.9,30.6796
05/08/24 13:20:00.0,28980.1,12.18,47099.6,30.6183
05/08/24 13:30:00.0,28974.2,12.17,47102.6,30.6205
05/08/24 13:40:00.0,28984.0,12.17,47119.6,30.6329
05/08/24 13:50:00.0,28978.1,12.15,47133.9,30.6432
05/08/24 14:00:00.0,28989.8,12.18,47120.0,30.6332
05/08/24 14:10:00.0,28999.6,12.21,47103.1,30.6209
05/08/24 14:20:00.0,29015.2,12.29,47039.2,30.5744
05/08/24 14:30:00.0,29038.7,12.39,46965.6,30.5210
05/08/24 14:40:00.0,29052.4,12.54,46820.7,30.4157
05/08/24 14:50:00.0,29062.2,12.61,46759.4,30.3712
05/08/24 15:00:00.0,29077.9,12.63,46763.4,30.3741
05/08/24 15:10:00.0,29066.1,12.64,46734.6,30.3531
05/08/24 15:20:00.0,29107.3,12.69,46745.9,30.3613
05/08/24 15:30:00.0,29085.7,12.67,46734.9,30.3533
05/08/24 15:40:00.0,29091.6,12.69,46723.2,30.3449
05/08/24 15:50:00.0,29093.6,12.69,46727.6,30.3481
05/08/24 16:00:00.0,29091.6,12.73,46681.1,30.3143
05/08/24 16:10:00.0,29079.9,12.74,46652.5,30.2936
05/08/24 16:20:00.0,29103.4,12.75,46680.1,30.3136
05/08/24 16:30:00.0,29107.3,12.76,46676.3,30.3109
05/08/24 16:40:00.0,29107.3,12.75,46688.6,30.3198
05/08/24 16:50:00.0,29107.3,12.76,46678.7,30.3126
05/08/24 17:00:00.0,29087.7,12.63,46793.3,30.3958
05/08/24 17:10:00.0,29081.8,12.69,46718.2,30.3413
05/08/24 17:20:00.0,29091.6,12.67,46757.3,30.3697
05/08/24 17:30:00.0,29077.9,12.54,46881.8,30.4600
05/08/24 17:40:00.0,29062.2,12.48,46925.0,30.4914
05/08/24 17:50:00.0,29058.3,12.51,46886.3,30.4633
05/08/24 18:00:00.0,29074.0,12.52,46901.5,30.4744
05/08/24 18:10:00.0,29030.9,12.35,47024.4,30.5636
05/08/24 18:20:00.0,28962.5,12.06,47243.1,30.7227
05/08/24 18:30:00.0,28948.9,12.01,47279.1,30.7488
05/08/24 18:40:00.0,29007.4,12.30,47046.4,30.5797
05/08/24 18:50:00.0,29003.5,12.21,47143.0,30.6498
05/08/24 19:00:00.0,28882.8,11.73,47495.1,30.9061
05/08/24 19:10:00.0,28799.5,11.41,47729.0,31.0764
05/08/24 19:20:00.0,28776.3,11.30,47819.7,31.1425
05/08/24 19:30:00.0,28705.1,11.21,47808.1,31.1340
05/08/24 19:40:00.0,28707.0,10.99,48069.9,31.3249
05/08/24 19:50:00.0,28655.1,10.80,48208.7,31.4261
05/08/24 20:00:00.0,28605.3,10.64,48316.2,31.5046
05/08/24 20:10:00.0,28595.8,10.59,48360.9,31.5373
05/08/24 20:20:00.0,28576.7,10.53,48401.5,31.5669
05/08/24 20:30:00.0,28567.1,10.55,48362.8,31.5386
05/08/24 20:40:00.0,28536.6,10.55,48312.8,31.5021
05/08/24 20:50:00.0,28588.1,10.54,48412.5,31.5749
05/08/24 21:00:00.0,28548.0,10.63,48239.3,31.4485
05/08/24 21:10:00.0,28576.7,10.63,48288.7,31.4845
05/08/24 21:20:00.0,28632.1,10.77,48216.7,31.4320
05/08/24 21:30:00.0,28641.7,10.79,48210.4,31.4274
05/08/24 21:40:00.0,28639.8,10.81,48184.8,31.4087
05/08/24 21:50:00.0,28618.7,10.84,48115.3,31.3580
05/08/24 22:00:00.0,28639.8,10.86,48128.2,31.3674
05/08/24 22:10:00.0,28649.4,10.90,48098.3,31.3456
05/08/24 22:20:00.0,28689.7,11.03,48013.7,31.2839
05/08/24 22:30:00.0,28697.4,11.15,47887.2,31.1917
05/08/24 22:40:00.0,28682.0,11.14,47874.6,31.1825
05/08/24 22:50:00.0,28699.3,11.12,47927.9,31.2213
05/08/24 23:00:00.0,28716.6,11.15,47922.7,31.2175
05/08/24 23:10:00.0,28732.0,11.20,47891.0,31.1944
05/08/24 23:20:00.0,28743.6,11.21,47899.8,31.2008
05/08/24 23:30:00.0,28689.7,11.20,47823.4,31.1452
05/08/24 23:40:00.0,28707.0,11.19,47865.0,31.1754
05/08/24 23:50:00.0,28712.7,11.14,47934.0,31.2258
05/09/24 00:00:00.0,28664.7,10.95,48078.3,31.3310
05/09/24 00:10:00.0,28749.3,11.26,47856.9,31.1696
05/09/24 00:20:00.0,28791.8,11.52,47626.5,31.0017
05/09/24 00:30:00.0,28801.4,11.63,47516.7,30.9218
05/09/24 00:40:00.0,28805.3,11.62,47535.8,30.9357
05/09/24 00:50:00.0,28805.3,11.62,47537.0,30.9365
05/09/24 01:00:00.0,28799.5,11.64,47505.7,30.9137
05/09/24 01:10:00.0,28776.3,11.76,47331.3,30.7868
05/09/24 01:20:00.0,28838.2,11.97,47194.0,30.6869
05/09/24 01:30:00.0,28851.8,12.06,47115.1,30.6296
05/09/24 01:40:00.0,28867.3,12.10,47096.1,30.6158
05/09/24 01:50:00.0,28863.4,12.10,47091.0,30.6121
05/09/24 02:00:00.0,28847.9,12.12,47044.4,30.5782
05/09/24 02:10:00.0,28830.5,12.06,47085.3,30.6079
05/09/24 02:20:00.0,28826.6,12.06,47080.2,30.6042
05/09/24 02:30:00.0,28826.6,12.08,47058.7,30.5886
05/09/24 02:40:00.0,28845.9,12.10,47068.6,30.5958
05/09/24 02:50:00.0,28836.3,12.10,47054.2,30.5853
05/09/24 03:00:00.0,28805.3,11.97,47152.4,30.6567
05/09/24 03:10:00.0,28816.9,12.02,47115.7,30.6301
05/09/24 03:20:00.0,28826.6,12.02,47132.7,30.6424
05/09/24 03:30:00.0,28820.8,12.10,47033.9,30.5705
05/09/24 03:40:00.0,28836.3,12.15,47003.7,30.5486
05/09/24 03:50:00.0,28764.8,12.02,47035.9,30.5720
05/09/24 04:00:00.0,28780.2,12.09,46982.9,30.5335
05/09/24 04:10:00.0,28759.0,12.19,46837.1,30.4276
05/09/24 04:20:00.0,28778.3,12.20,46858.2,30.4429
05/09/24 04:30:00.0,28774.4,12.20,46853.1,30.4392
05/09/24 04:40:00.0,28759.0,12.20,46829.4,30.4220
05/09/24 04:50:00.0,28733.9,12.09,46913.8,30.4833
05/09/24 05:00:00.0,28714.7,12.06,46917.7,30.4861
05/09/24 05:10:00.0,28720.4,11.97,47029.9,30.5676
05/09/24 05:20:00.0,28733.9,12.13,46872.2,30.4531
05/09/24 05:30:00.0,28714.7,12.23,46730.0,30.3498
05/09/24 05:40:00.0,28722.4,12.42,46531.3,30.2056
05/09/24 05:50:00.0,28701.2,12.48,46431.7,30.1334
05/09/24 06:00:00.0,28716.6,12.47,46468.7,30.1602
05/09/24 06:10:00.0,28701.2,12.47,46445.1,30.1431
05/09/24 06:20:00.0,28689.7,12.47,46427.8,30.1306
05/09/24 06:30:00.0,28689.7,12.46,46440.1,30.1395
05/09/24 06:40:00.0,28747.4,12.39,46612.1,30.2642
05/09/24 06:50:00.0,28737.8,12.42,46564.4,30.2296
05/09/24 07:00:00.0,28751.3,12.32,46699.0,30.3273
05/09/24 07:10:00.0,28811.1,12.15,46987.9,30.5371
05/09/24 07:20:00.0,28799.5,11.95,47196.8,30.6890
05/09/24 07:30:00.0,28762.8,11.79,47320.6,30.7790
05/09/24 07:40:00.0,28786.0,11.54,47647.1,31.0167
05/09/24 07:50:00.0,28697.4,11.29,47792.0,31.1223
05/09/24 08:00:00.0,28620.6,11.12,47864.1,31.1748
05/09/24 08:10:00.0,28682.0,11.09,48002.4,31.2757
05/09/24 08:20:00.0,28710.8,11.10,48039.8,31.3029
05/09/24 08:30:00.0,28670.5,11.14,47927.2,31.2208
05/09/24 08:40:00.0,28705.1,11.12,48009.3,31.2807
05/09/24 08:50:00.0,28733.9,11.27,47882.9,31.1886
05/09/24 09:00:00.0,28759.0,11.43,47739.6,31.0841
05/09/24 09:10:00.0,28755.1,11.41,47757.6,31.0972
05/09/24 09:20:00.0,28759.0,11.38,47800.0,31.1281
05/09/24 09:30:00.0,28774.4,11.38,47826.7,31.1476
05/09/24 09:40:00.0,28776.3,11.34,47877.6,31.1846
05/09/24 09:50:00.0,28634.0,10.98,48063.8,31.3205
05/09/24 10:00:00.0,28557.6,10.86,48078.8,31.3314
05/09/24 10:10:00.0,28641.7,10.86,48220.6,31.4348
05/09/24 10:20:00.0,28567.1,10.90,48050.0,31.3104
05/09/24 10:30:00.0,28693.5,10.98,48167.9,31.3964
05/09/24 10:40:00.0,28703.1,11.03,48126.2,31.3660
05/09/24 10:50:00.0,28751.3,11.14,48078.4,31.3311
05/09/24 11:00:00.0,28778.3,11.21,48042.4,31.3048
05/09/24 11:10:00.0,28778.3,11.20,48055.3,31.3142
05/09/24 11:20:00.0,28735.8,11.14,48056.3,31.3150
05/09/24 11:30:00.0,28710.8,11.09,48074.6,31.3283
05/09/24 11:40:00.0,28676.2,11.02,48100.5,31.3472
05/09/24 11:50:00.0,28755.1,11.42,47765.3,31.1028
05/09/24 12:00:00.0,28672.4,11.08,48026.2,31.2930
05/09/24 12:10:00.0,28651.3,11.01,48074.5,31.3282
05/09/24 12:20:00.0,28733.9,11.04,48177.9,31.4037
05/09/24 12:30:00.0,28747.4,11.12,48107.6,31.3524
05/09/24 12:40:00.0,28672.4,11.12,47984.2,31.2624
05/09/24 12:50:00.0,28764.8,11.20,48045.1,31.3068
05/09/24 13:00:00.0,28755.1,11.26,47960.1,31.2448
05/09/24 13:10:00.0,28805.3,11.41,47869.5,31.1787
05/09/24 13:20:00.0,28853.7,11.57,47764.8,31.1024
05/09/24 13:30:00.0,28875.0,11.56,47812.6,31.1373
05/09/24 13:40:00.0,28838.2,11.68,47614.7,30.9931
05/09/24 13:50:00.0,28884.7,11.67,47703.7,31.0580
05/09/24 14:00:00.0,28925.5,11.71,47725.7,31.0739
05/09/24 14:10:00.0,28925.5,11.76,47669.2,31.0328
05/09/24 14:20:00.0,28954.7,11.82,47649.1,31.0182
05/09/24 14:30:00.0,28980.1,11.95,47542.6,30.9406
05/09/24 14:40:00.0,28993.8,11.99,47520.3,30.9244
05/09/24 14:50:00.0,28921.7,12.04,47347.1,30.7983
05/09/24 15:00:00.0,29064.2,12.31,47272.7,30.7442
05/09/24 15:10:00.0,29095.6,12.67,46919.4,30.4873
05/09/24 15:20:00.0,29127.0,12.74,46892.6,30.4679
05/09/24 15:30:00.0,29142.7,12.84,46807.5,30.4061
05/09/24 15:40:00.0,29140.8,12.86,46783.4,30.3886
05/09/24 15:50:00.0,29172.3,12.85,46846.0,30.4340
05/09/24 16:00:00.0,29194.0,12.90,46826.2,30.4196
05/09/24 16:10:00.0,29213.7,12.97,46781.0,30.3868
05/09/24 16:20:00.0,29267.1,13.03,46800.6,30.4011
05/09/24 16:30:00.0,29308.8,13.08,46812.6,30.4098
05/09/24 16:40:00.0,29184.1,12.74,46993.5,30.5412
05/09/24 16:50:00.0,29162.4,12.69,47015.9,30.5575
05/09/24 17:00:00.0,29140.8,12.84,46815.1,30.4116
05/09/24 17:10:00.0,29199.9,12.78,46977.6,30.5297
05/09/24 17:20:00.0,29190.0,12.69,47063.7,30.5922
05/09/24 17:30:00.0,29062.2,12.30,47298.7,30.7631
05/09/24 17:40:00.0,29019.2,12.20,47343.8,30.7959
05/09/24 17:50:00.0,28982.0,12.08,47421.2,30.8522
05/09/24 18:00:00.0,29007.4,12.10,47440.9,30.8665
05/09/24 18:10:00.0,29011.3,12.12,47425.6,30.8554
05/09/24 18:20:00.0,28985.9,12.21,47283.3,30.7519
05/09/24 18:30:00.0,28997.7,12.21,47303.6,30.7667
05/09/24 18:40:00.0,29001.6,12.15,47379.3,30.8217
05/09/24 18:50:00.0,28929.4,12.07,47354.2,30.8035
05/09/24 19:00:00.0,28939.2,12.07,47371.4,30.8160
05/09/24 19:10:00.0,28945.0,12.08,47370.6,30.8154
05/09/24 19:20:00.0,28923.6,12.06,47359.8,30.8076
05/09/24 19:30:00.0,28929.4,12.02,47416.0,30.8485
05/09/24 19:40:00.0,28919.7,11.97,47458.5,30.8794
05/09/24 19:50:00.0,28849.8,11.67,47689.9,31.0479
05/09/24 20:00:00.0,28857.6,11.51,47889.2,31.1931
05/09/24 20:10:00.0,28834.3,11.31,48085.0,31.3359
05/09/24 20:20:00.0,28830.5,11.26,48138.5,31.3749
05/09/24 20:30:00.0,28789.8,11.19,48154.3,31.3865
05/09/24 20:40:00.0,28776.3,11.14,48191.8,31.4138
05/09/24 20:50:00.0,28782.1,11.09,48261.5,31.4647
05/09/24 21:00:00.0,28789.8,11.12,48240.2,31.4492
05/09/24 21:10:00.0,28795.6,11.18,48180.6,31.4056
05/09/24 21:20:00.0,28776.3,11.20,48126.2,31.3660
05/09/24 21:30:00.0,28780.2,11.16,48180.9,31.4059
05/09/24 21:40:00.0,28787.9,11.18,48171.4,31.3990
05/09/24 21:50:00.0,28776.3,11.24,48083.0,31.3345
05/09/24 22:00:00.0,28780.2,11.25,48079.0,31.3315
05/09/24 22:10:00.0,28818.8,11.21,48191.2,31.4134
05/09/24 22:20:00.0,28807.2,11.16,48231.9,31.4431
05/09/24 22:30:00.0,28782.1,11.13,48226.6,31.4393
05/09/24 22:40:00.0,28776.3,11.09,48265.3,31.4675
05/09/24 22:50:00.0,28772.5,11.14,48201.4,31.4208
05/09/24 23:00:00.0,28791.8,11.16,48211.2,31.4279
05/09/24 23:10:00.0,28776.3,11.20,48139.6,31.3758
05/09/24 23:20:00.0,28755.1,11.19,48117.4,31.3595
05/09/24 23:30:00.0,28797.6,11.20,48177.5,31.4034
05/09/24 23:40:00.0,28786.0,11.20,48159.4,31.3902
05/09/24 23:50:00.0,28782.1,11.20,48154.1,31.3863
05/10/24 00:00:00.0,28791.8,11.20,48171.5,31.3990
05/10/24 00:10:00.0,28797.6,11.21,48170.6,31.3983
05/10/24 00:20:00.0,28780.2,11.20,48154.6,31.3867
05/10/24 00:30:00.0,28797.6,11.15,48243.5,31.4516
05/10/24 00:40:00.0,28766.7,11.16,48181.6,31.4064
05/10/24 00:50:00.0,28757.0,11.16,48166.7,31.3955
05/10/24 01:00:00.0,28791.8,11.20,48178.8,31.4043
05/10/24 01:10:00.0,28751.3,11.23,48077.5,31.3305
05/10/24 01:20:00.0,28797.6,11.27,48108.8,31.3532
05/10/24 01:30:00.0,28726.2,11.30,47956.5,31.2422
05/10/24 01:40:00.0,28807.2,11.30,48092.0,31.3410
05/10/24 01:50:00.0,28801.4,11.29,48095.3,31.3434
05/10/24 02:00:00.0,28818.8,11.27,48148.8,31.3824
05/10/24 02:10:00.0,28780.2,11.26,48097.7,31.3452
05/10/24 02:20:00.0,28801.4,11.27,48122.4,31.3632
05/10/24 02:30:00.0,28787.9,11.25,48124.6,31.3648
05/10/24 02:40:00.0,28791.8,11.24,48144.0,31.3790
05/10/24 02:50:00.0,28739.7,11.25,48047.0,31.3082
05/10/24 03:00:00.0,28795.6,11.43,47930.8,31.2234
05/10/24 03:10:00.0,28871.1,11.69,47754.9,31.0952
05/10/24 03:20:00.0,28865.3,11.70,47735.0,31.0808
05/10/24 03:30:00.0,28842.1,11.78,47606.0,30.9868
05/10/24 03:40:00.0,28836.3,11.78,47597.7,30.9807
05/10/24 03:50:00.0,28849.8,11.79,47609.5,30.9893
05/10/24 04:00:00.0,28849.8,11.91,47473.1,30.8900
05/10/24 04:10:00.0,28807.2,11.89,47427.5,30.8568
05/10/24 04:20:00.0,28849.8,11.97,47406.9,30.8418
05/10/24 04:30:00.0,28861.5,12.06,47324.6,30.7819
05/10/24 04:40:00.0,28830.5,11.92,47434.9,30.8622
05/10/24 04:50:00.0,28871.1,11.64,47824.8,31.1462
05/10/24 05:00:00.0,28826.6,12.10,47225.8,30.7101
05/10/24 05:10:00.0,28884.7,12.24,47162.8,30.6643
05/10/24 05:20:00.0,28919.7,12.39,47051.4,30.5833
05/10/24 05:30:00.0,28832.4,12.20,47125.5,30.6372
05/10/24 05:40:00.0,28898.3,11.98,47484.2,30.8981
05/10/24 05:50:00.0,28882.8,11.91,47540.2,30.9389
05/10/24 06:00:00.0,28878.9,11.84,47615.4,30.9936
05/10/24 06:10:00.0,28867.3,11.80,47643.6,31.0141
05/10/24 06:20:00.0,28847.9,11.79,47624.5,31.0002
05/10/24 06:30:00.0,28832.4,11.80,47588.7,30.9742
05/10/24 06:40:00.0,28857.6,11.87,47550.9,30.9466
05/10/24 06:50:00.0,28863.4,11.86,47573.0,30.9628
05/10/24 07:00:00.0,28865.3,11.79,47657.8,31.0245
05/10/24 07:10:00.0,28840.1,11.75,47663.7,31.0288
05/10/24 07:20:00.0,28840.1,11.71,47711.0,31.0633
05/10/24 07:30:00.0,28747.4,11.48,47825.7,31.1468
05/10/24 07:40:00.0,28733.9,11.46,47827.8,31.1483
05/10/24 07:50:00.0,28749.3,11.47,47842.8,31.1593
05/10/24 08:00:00.0,28755.1,11.49,47830.4,31.1503
05/10/24 08:10:00.0,28755.1,11.46,47866.4,31.1765
05/10/24 08:20:00.0,28789.8,11.58,47785.7,31.1177
05/10/24 08:30:00.0,28815.0,11.59,47816.9,31.1404
05/10/24 08:40:00.0,28811.1,11.54,47869.6,31.1789
05/10/24 08:50:00.0,28816.9,11.53,47892.0,31.1952
05/10/24 09:00:00.0,28811.1,11.59,47814.1,31.1384
05/10/24 09:10:00.0,28832.4,11.46,48001.5,31.2750
05/10/24 09:20:00.0,28813.0,11.35,48099.0,31.3461
05/10/24 09:30:00.0,28799.5,11.21,48242.0,31.4504
05/10/24 09:40:00.0,28813.0,11.31,48148.2,31.3820
05/10/24 09:50:00.0,28818.8,11.35,48112.3,31.3558
05/10/24 10:00:00.0,28828.5,11.34,48141.3,31.3769
05/10/24 10:10:00.0,28816.9,11.21,48275.8,31.4751
05/10/24 10:20:00.0,28770.5,11.04,48400.1,31.5659
05/10/24 10:30:00.0,28762.8,10.96,48483.2,31.6266
05/10/24 10:40:00.0,28720.4,10.97,48401.7,31.5670
05/10/24 10:50:00.0,28772.5,10.96,48501.9,31.6403
05/10/24 11:00:00.0,28789.8,10.99,48496.5,31.6363
05/10/24 11:10:00.0,28784.1,11.02,48452.6,31.6043
05/10/24 11:20:00.0,28801.4,11.07,48423.6,31.5830
05/10/24 11:30:00.0,28797.6,11.10,48383.0,31.5534
05/10/24 11:40:00.0,28799.5,11.14,48340.2,31.5222
05/10/24 11:50:00.0,28811.1,11.19,48301.8,31.4941
05/10/24 12:00:00.0,28836.3,11.23,48297.9,31.4913
05/10/24 12:10:00.0,28818.8,11.26,48234.8,31.4452
05/10/24 12:20:00.0,28836.3,11.29,48229.8,31.4416
05/10/24 12:30:00.0,28888.6,11.37,48224.0,31.4373
05/10/24 12:40:00.0,28815.0,11.27,48220.4,31.4347
05/10/24 12:50:00.0,28880.8,11.26,48342.7,31.5240
05/10/24 13:00:00.0,28937.2,11.45,48214.4,31.4303
05/10/24 13:10:00.0,28919.7,11.40,48245.2,31.4528
05/10/24 13:20:00.0,28884.7,11.31,48294.0,31.4884
05/10/24 13:30:00.0,28880.8,11.30,48300.5,31.4932
05/10/24 13:40:00.0,28908.0,11.35,48288.2,31.4841
05/10/24 13:50:00.0,28894.4,11.62,47951.6,31.2386
05/10/24 14:00:00.0,28962.5,11.67,48007.0,31.2790
05/10/24 14:10:00.0,28882.8,11.79,47738.3,31.0831
05/10/24 14:20:00.0,29052.4,11.87,47925.3,31.2195
05/10/24 14:30:00.0,29125.0,11.99,47906.8,31.2059
05/10/24 14:40:00.0,29170.3,12.12,47832.3,31.1516
05/10/24 14:50:00.0,29180.2,12.14,47826.6,31.1475
05/10/24 15:00:00.0,29186.1,12.13,47848.9,31.1638
05/10/24 15:10:00.0,29221.6,12.24,47781.6,31.1147
05/10/24 15:20:00.0,29241.4,12.34,47700.6,31.0557
05/10/24 15:30:00.0,29245.3,12.37,47673.9,31.0362
05/10/24 15:40:00.0,29231.5,12.54,47459.5,30.8801
05/10/24 15:50:00.0,29050.5,12.65,47045.0,30.5787
05/10/24 16:00:00.0,29064.2,12.71,47001.0,30.5467
05/10/24 16:10:00.0,29038.7,12.75,46916.5,30.4853
05/10/24 16:20:00.0,28985.9,12.74,46844.1,30.4327
05/10/24 16:30:00.0,29013.3,12.73,46900.4,30.4736
05/10/24 16:40:00.0,29001.6,12.70,46916.3,30.4851
05/10/24 16:50:00.0,28995.7,12.68,46930.4,30.4953
05/10/24 17:00:00.0,29003.5,12.67,46955.3,30.5134
05/10/24 17:10:00.0,29017.2,12.69,46956.1,30.5141
05/10/24 17:20:00.0,29038.7,12.71,46969.5,30.5238
05/10/24 17:30:00.0,29042.6,12.71,46977.0,30.5292
05/10/24 17:40:00.0,29058.3,12.74,46969.9,30.5240
05/10/24 17:50:00.0,29070.1,12.75,46978.8,30.5305
05/10/24 18:00:00.0,29070.1,12.64,47103.2,30.6210
05/10/24 18:10:00.0,29089.7,12.48,47316.3,30.7759
05/10/24 18:20:00.0,29089.7,12.41,47396.8,30.8345
05/10/24 18:30:00.0,29048.5,12.26,47501.6,30.9108
05/10/24 18:40:00.0,29038.7,12.19,47566.7,30.9581
05/10/24 18:50:00.0,29023.1,12.17,47565.3,30.9571
05/10/24 19:00:00.0,29038.7,12.23,47523.4,30.9267
05/10/24 19:10:00.0,29070.1,12.31,47484.5,30.8983
05/10/24 19:20:00.0,29079.9,12.32,47490.3,30.9025
05/10/24 19:30:00.0,29048.5,12.19,47588.6,30.9741
05/10/24 19:40:00.0,29040.7,12.12,47657.2,31.0240
05/10/24 19:50:00.0,28947.0,12.06,47574.2,30.9636
05/10/24 20:00:00.0,29040.7,12.10,47682.5,31.0425
05/10/24 20:10:00.0,28997.7,12.13,47579.2,30.9673
05/10/24 20:20:00.0,29038.7,12.14,47635.8,31.0085
05/10/24 20:30:00.0,29038.7,12.15,47625.6,31.0010
05/10/24 20:40:00.0,29085.7,12.12,47737.7,31.0827
05/10/24 20:50:00.0,29085.7,12.10,47761.9,31.1003
05/10/24 21:00:00.0,29050.5,11.92,47912.8,31.2103
05/10/24 21:10:00.0,29038.7,11.78,48056.7,31.3153
05/10/24 21:20:00.0,28985.9,11.65,48122.1,31.3630
05/10/24 21:30:00.0,28972.3,11.57,48194.2,31.4156
05/10/24 21:40:00.0,28962.5,11.52,48237.6,31.4473
05/10/24 21:50:00.0,28984.0,11.57,48215.9,31.4314
05/10/24 22:00:00.0,28987.9,11.58,48211.9,31.4285
05/10/24 22:10:00.0,28956.7,11.54,48208.3,31.4259
05/10/24 22:20:00.0,28978.1,11.54,48244.9,31.4526
05/10/24 22:30:00.0,28960.6,11.53,48228.9,31.4409
05/10/24 22:40:00.0,28958.6,11.52,48238.5,31.4479
05/10/24 22:50:00.0,28931.4,11.52,48194.7,31.4159
05/10/24 23:00:00.0,28952.8,11.49,48266.4,31.4683
05/10/24 23:10:00.0,28941.1,11.42,48330.3,31.5149
05/10/24 23:20:00.0,28917.8,11.29,48445.8,31.5992
05/10/24 23:30:00.0,28892.5,11.23,48475.6,31.6211
05/10/24 23:40:00.0,28904.2,11.21,48520.0,31.6535
05/10/24 23:50:00.0,28886.7,11.20,48503.9,31.6417
05/11/24 00:00:00.0,28820.8,11.21,48383.4,31.5537
05/11/24 00:10:00.0,28892.5,11.23,48480.5,31.6246
05/11/24 00:20:00.0,28871.1,11.25,48422.5,31.5822
05/11/24 00:30:00.0,28820.8,11.24,48351.7,31.5306
05/11/24 00:40:00.0,28886.7,11.24,48462.7,31.6116
05/11/24 00:50:00.0,28892.5,11.24,48473.6,31.6196
05/11/24 01:00:00.0,28886.7,11.25,48453.4,31.6048
05/11/24 01:10:00.0,28836.3,11.24,48382.4,31.5530
05/11/24 01:20:00.0,28886.7,11.24,48467.6,31.6152
05/11/24 01:30:00.0,28840.1,11.27,48355.9,31.5336
05/11/24 01:40:00.0,28886.7,11.32,48375.8,31.5481
05/11/24 01:50:00.0,28834.3,11.36,48242.9,31.4511
05/11/24 02:00:00.0,28937.2,11.35,48426.8,31.5854
05/11/24 02:10:00.0,28921.7,11.40,48343.5,31.5246
05/11/24 02:20:00.0,28923.6,11.41,48336.1,31.5192
05/11/24 02:30:00.0,28919.7,11.47,48260.5,31.4640
05/11/24 02:40:00.0,28910.0,11.47,48245.7,31.4531
05/11/24 02:50:00.0,28904.2,11.45,48260.7,31.4641
05/11/24 03:00:00.0,28884.7,11.43,48253.0,31.4585
05/11/24 03:10:00.0,28878.9,11.43,48244.6,31.4524
05/11/24 03:20:00.0,28863.4,11.42,48231.8,31.4430
05/11/24 03:30:00.0,28884.7,11.40,48291.8,31.4868
05/11/24 03:40:00.0,28888.6,11.40,48299.5,31.4925
05/11/24 03:50:00.0,28882.8,11.38,48314.6,31.5034
05/11/24 04:00:00.0,28878.9,11.37,48321.1,31.5082
05/11/24 04:10:00.0,28884.7,11.40,48296.7,31.4904
05/11/24 04:20:00.0,28863.4,11.40,48262.5,31.4655
05/11/24 04:30:00.0,28847.9,11.41,48226.3,31.4390
05/11/24 04:40:00.0,28832.4,11.43,48178.4,31.4040
05/11/24 04:50:00.0,28875.0,11.62,48028.5,31.2947
05/11/24 05:00:00.0,28878.9,11.76,47873.8,31.1819
05/11/24 05:10:00.0,28803.4,11.80,47704.5,31.0585
05/11/24 05:20:00.0,28919.7,11.87,47816.2,31.1399
05/11/24 05:30:00.0,28917.8,11.86,47825.8,31.1469
05/11/24 05:40:00.0,28935.3,11.89,47821.2,31.1435
05/11/24 05:50:00.0,28904.2,11.89,47771.3,31.1072
05/11/24 06:00:00.0,28894.4,11.86,47791.0,31.1215
05/11/24 06:10:00.0,28847.9,11.73,47865.8,31.1761
05/11/24 06:20:00.0,28726.2,11.68,47724.1,31.0728
05/11/24 06:30:00.0,28857.6,11.69,47930.6,31.2233
05/11/24 06:40:00.0,28853.7,11.68,47936.9,31.2279
05/11/24 06:50:00.0,28838.2,11.67,47924.2,31.2186
05/11/24 07:00:00.0,28906.1,11.69,48014.2,31.2843
05/11/24 07:10:00.0,28900.3,11.69,48005.8,31.2782
05/11/24 07:20:00.0,28875.0,11.68,47976.9,31.2571
05/11/24 07:30:00.0,28716.6,11.70,47693.6,31.0506
05/11/24 07:40:00.0,28857.6,11.78,47834.8,31.1535
05/11/24 07:50:00.0,28894.4,11.85,47815.8,31.1396
05/11/24 08:00:00.0,28878.9,11.80,47849.2,31.1640
05/11/24 08:10:00.0,28875.0,11.78,47867.1,31.1770
05/11/24 08:20:00.0,28672.4,11.43,47939.4,31.2297
05/11/24 08:30:00.0,28809.2,11.34,48273.2,31.4733
05/11/24 08:40:00.0,28844.0,11.40,48261.9,31.4650
05/11/24 08:50:00.0,28857.6,11.49,48180.3,31.4055
05/11/24 09:00:00.0,28849.8,11.51,48145.2,31.3799
05/11/24 09:10:00.0,28865.3,11.54,48137.1,31.3739
05/11/24 09:20:00.0,28849.8,11.65,47984.6,31.2627
05/11/24 09:30:00.0,28859.5,11.56,48106.6,31.3517
05/11/24 09:40:00.0,28859.5,11.53,48142.8,31.3781
05/11/24 09:50:00.0,28896.4,11.59,48135.1,31.3725
05/11/24 10:00:00.0,28921.7,11.60,48166.5,31.3954
05/11/24 10:10:00.0,28937.2,11.62,48170.0,31.3979
05/11/24 10:20:00.0,28939.2,11.59,48209.6,31.4268
05/11/24 10:30:00.0,28878.9,11.29,48462.7,31.6116
05/11/24 10:40:00.0,28871.1,11.12,48652.1,31.7500
05/11/24 10:50:00.0,28737.8,11.09,48465.7,31.6138
05/11/24 11:00:00.0,28859.5,11.10,48658.8,31.7549
05/11/24 11:10:00.0,28855.6,11.10,48653.5,31.7510
05/11/24 11:20:00.0,28834.3,11.12,48595.4,31.7085
05/11/24 11:30:00.0,28774.4,11.04,48591.2,31.7055
05/11/24 11:40:00.0,28811.1,11.07,48618.3,31.7253
05/11/24 11:50:00.0,28871.1,11.07,48720.1,31.7997
05/11/24 12:00:00.0,28824.6,11.12,48584.0,31.7003
05/11/24 12:10:00.0,28809.2,11.16,48512.1,31.6477
05/11/24 12:20:00.0,28935.3,11.25,48617.4,31.7247
05/11/24 12:30:00.0,28952.8,11.26,48636.0,31.7382
05/11/24 12:40:00.0,28950.8,11.29,48598.4,31.7108
05/11/24 12:50:00.0,28894.4,11.35,48434.9,31.5913
05/11/24 13:00:00.0,28997.7,11.43,48513.7,31.6488
05/11/24 13:10:00.0,29009.4,11.42,48546.1,31.6725
05/11/24 13:20:00.0,28991.8,11.41,48529.9,31.6607
05/11/24 13:30:00.0,28999.6,11.42,48532.3,31.6624
05/11/24 13:40:00.0,29021.1,11.49,48486.8,31.6292
05/11/24 13:50:00.0,28989.8,11.42,48518.4,31.6523
05/11/24 14:00:00.0,28985.9,11.40,48536.7,31.6657
05/11/24 14:10:00.0,28943.1,11.46,48396.2,31.5630
05/11/24 14:20:00.0,29021.1,11.52,48456.4,31.6070
05/11/24 14:30:00.0,29072.0,11.64,48401.1,31.5666
05/11/24 14:40:00.0,29093.6,11.75,48309.4,31.4996
05/11/24 14:50:00.0,29105.4,11.85,48213.5,31.4297
05/11/24 15:00:00.0,29174.2,11.91,48258.0,31.4622
05/11/24 15:10:00.0,29194.0,11.98,48210.4,31.4274
05/11/24 15:20:00.0,29207.8,12.04,48164.7,31.3940
05/11/24 15:30:00.0,29261.2,12.14,48137.6,31.3743
05/11/24 15:40:00.0,29217.7,12.15,48056.1,31.3148
05/11/24 15:50:00.0,29261.2,12.17,48105.3,31.3507
05/11/24 16:00:00.0,29259.2,12.20,48068.6,31.3240
05/11/24 16:10:00.0,29265.1,12.25,48021.9,31.2899
05/11/24 16:20:00.0,29318.7,12.31,48041.3,31.3041
05/11/24 16:30:00.0,29364.4,12.40,48013.4,31.2837
05/11/24 16:40:00.0,29326.6,12.36,47999.1,31.2733
05/11/24 16:50:00.0,29332.6,12.42,47941.2,31.2311
05/11/24 17:00:00.0,29322.7,12.36,47995.2,31.2704
05/11/24 17:10:00.0,29308.8,12.47,47847.8,31.1629
05/11/24 17:20:00.0,29344.5,12.52,47849.7,31.1643
05/11/24 17:30:00.0,29354.5,12.63,47741.7,31.0856
05/11/24 17:40:00.0,29398.3,12.69,47745.4,31.0883
05/11/24 17:50:00.0,29412.3,12.76,47689.7,31.0477
05/11/24 18:00:00.0,29374.4,12.84,47539.3,30.9382
05/11/24 18:10:00.0,29426.3,12.87,47590.0,30.9752
05/11/24 18:20:00.0,29400.3,12.86,47560.7,30.9538
05/11/24 18:30:00.0,29420.3,12.89,47560.2,30.9534
05/11/24 18:40:00.0,29426.3,12.89,47571.0,30.9613
05/11/24 18:50:00.0,29390.3,12.89,47514.4,30.9201
05/11/24 19:00:00.0,29382.4,12.85,47548.0,30.9446
05/11/24 19:10:00.0,29360.5,12.81,47559.2,30.9527
05/11/24 19:20:00.0,29340.6,12.80,47539.6,30.9385
05/11/24 19:30:00.0,29227.5,12.79,47369.9,30.8149
05/11/24 19:40:00.0,29350.5,12.81,47546.7,30.9436
05/11/24 19:50:00.0,29302.8,12.75,47538.8,30.9379
05/11/24 20:00:00.0,29346.5,12.80,47553.9,30.9489
05/11/24 20:10:00.0,29324.7,12.67,47667.2,31.0314
05/11/24 20:20:00.0,29285.0,12.53,47763.5,31.1015
05/11/24 20:30:00.0,29312.7,12.52,47821.0,31.1434
05/11/24 20:40:00.0,29306.8,12.50,47835.5,31.1540
05/11/24 20:50:00.0,29211.7,12.28,47934.1,31.2258
05/11/24 21:00:00.0,29207.8,12.17,48055.5,31.3144
05/11/24 21:10:00.0,29150.6,12.15,47986.3,31.2639
05/11/24 21:20:00.0,29152.6,12.17,47967.7,31.2504
05/11/24 21:30:00.0,29142.7,12.20,47918.2,31.2143
05/11/24 21:40:00.0,29117.2,12.18,47900.7,31.2015
05/11/24 21:50:00.0,29117.2,12.12,47971.0,31.2528
05/11/24 22:00:00.0,29134.9,12.08,48047.3,31.3084
05/11/24 22:10:00.0,29146.7,12.04,48114.1,31.3572
05/11/24 22:20:00.0,29150.6,12.04,48121.7,31.3627
05/11/24 22:30:00.0,29058.3,12.02,47994.7,31.2700
05/11/24 22:40:00.0,29105.4,12.02,48073.2,31.3273
05/11/24 22:50:00.0,29087.7,12.01,48056.9,31.3154
05/11/24 23:00:00.0,29109.3,11.92,48197.9,31.4183
05/11/24 23:10:00.0,29099.5,11.81,48311.0,31.5008
05/11/24 23:20:00.0,29007.4,11.78,48195.2,31.4163
05/11/24 23:30:00.0,29103.4,11.76,48378.2,31.5499
05/11/24 23:40:00.0,29081.8,11.74,48367.1,31.5418
05/11/24 23:50:00.0,29009.4,11.65,48353.9,31.5321
05/12/24 00:00:00.0,28999.6,11.58,48420.9,31.5810
05/12/24 00:10:00.0,28997.7,11.51,48501.1,31.6397
05/12/24 00:20:00.0,28999.6,11.48,48540.8,31.6687
05/12/24 00:30:00.0,29007.4,11.47,48566.8,31.6876
05/12/24 00:40:00.0,28904.2,11.38,48502.3,31.6405
05/12/24 00:50:00.0,28976.2,11.36,48647.1,31.7464
05/12/24 01:00:00.0,28982.0,11.36,48658.0,31.7543
05/12/24 01:10:00.0,28935.3,11.37,48569.6,31.6897
05/12/24 01:20:00.0,28882.8,11.36,48495.1,31.6353
05/12/24 01:30:00.0,28939.2,11.34,48614.0,31.7221
05/12/24 01:40:00.0,28923.6,11.36,48565.5,31.6867
05/12/24 01:50:00.0,28950.8,11.40,48564.9,31.6863
05/12/24 02:00:00.0,28989.8,11.47,48548.5,31.6743
05/12/24 02:10:00.0,29017.2,11.49,48571.7,31.6912
05/12/24 02:20:00.0,28970.3,11.51,48471.4,31.6180
05/12/24 02:30:00.0,28956.7,11.64,48297.7,31.4911
05/12/24 02:40:00.0,29025.0,11.74,48295.1,31.4892
05/12/24 02:50:00.0,29032.8,11.82,48216.0,31.4315
05/12/24 03:00:00.0,28923.6,11.84,48013.9,31.2840
05/12/24 03:10:00.0,28989.8,11.82,48147.5,31.3815
05/12/24 03:20:00.0,29048.5,11.82,48245.5,31.4530
05/12/24 03:30:00.0,29032.8,11.81,48232.4,31.4435
05/12/24 03:40:00.0,29042.6,11.82,48238.2,31.4477
05/12/24 03:50:00.0,29044.6,11.80,48266.0,31.4680
05/12/24 04:00:00.0,28991.8,11.78,48203.3,31.4222
05/12/24 04:10:00.0,28964.5,11.78,48159.4,31.3902
05/12/24 04:20:00.0,29027.0,11.74,48310.5,31.5005
05/12/24 04:30:00.0,29027.0,11.73,48323.4,31.5099
05/12/24 04:40:00.0,29017.2,11.73,48308.4,31.4990
05/12/24 04:50:00.0,29003.5,11.70,48322.0,31.5089
05/12/24 05:00:00.0,28989.8,11.79,48195.6,31.4166
05/12/24 05:10:00.0,29011.3,11.87,48139.3,31.3755
05/12/24 05:20:00.0,29030.9,11.93,48103.2,31.3492
05/12/24 05:30:00.0,28947.0,12.02,47862.5,31.1736
05/12/24 05:40:00.0,29056.3,12.02,48043.2,31.3054
05/12/24 05:50:00.0,28997.7,12.10,47856.0,31.1689
05/12/24 06:00:00.0,29060.3,12.10,47959.8,31.2446
05/12/24 06:10:00.0,28968.4,12.14,47764.4,31.1022
05/12/24 06:20:00.0,29070.1,12.14,47932.2,31.2245
05/12/24 06:30:00.0,29064.2,12.14,47923.7,31.2183
05/12/24 06:40:00.0,29075.9,12.15,47932.6,31.2248
05/12/24 06:50:00.0,29091.6,12.06,48063.4,31.3201
05/12/24 07:00:00.0,29083.8,11.99,48132.8,31.3707
05/12/24 07:10:00.0,29077.9,11.95,48170.6,31.3984
05/12/24 07:20:00.0,29099.5,11.98,48172.6,31.3998
05/12/24 07:30:00.0,29044.6,12.01,48048.8,31.3095
05/12/24 07:40:00.0,29130.9,12.01,48191.8,31.4138
05/12/24 07:50:00.0,29091.6,12.08,48047.5,31.3085
05/12/24 08:00:00.0,29070.1,12.26,47806.4,31.1328
05/12/24 08:10:00.0,29062.2,12.37,47668.9,31.0326
05/12/24 08:20:00.0,29034.8,12.47,47511.7,30.9181
05/12/24 08:30:00.0,29129.0,12.48,47654.6,31.0222
05/12/24 08:40:00.0,29075.9,12.52,47524.1,30.9271
05/12/24 08:50:00.0,29160.4,12.59,47583.0,30.9700
05/12/24 09:00:00.0,29184.1,12.64,47565.8,30.9575
05/12/24 09:10:00.0,29190.0,12.73,47474.7,30.8912
05/12/24 09:20:00.0,29194.0,12.78,47425.9,30.8557
05/12/24 09:30:00.0,29215.7,12.79,47450.9,30.8738
05/12/24 09:40:00.0,29170.3,12.52,47684.6,31.0440
05/12/24 09:50:00.0,29136.8,12.32,47859.7,31.1716
05/12/24 10:00:00.0,29205.8,12.34,47950.6,31.2379
05/12/24 10:10:00.0,29199.9,12.26,48034.1,31.2988
05/12/24 10:20:00.0,29164.4,12.17,48081.0,31.3330
05/12/24 10:30:00.0,29038.7,12.15,47899.3,31.2005
05/12/24 10:40:00.0,29180.2,12.14,48143.9,31.3789
05/12/24 10:50:00.0,29205.8,12.17,48152.4,31.3851
05/12/24 11:00:00.0,29209.8,12.23,48090.9,31.3402
05/12/24 11:10:00.0,29168.3,12.24,48012.7,31.2832
05/12/24 11:20:00.0,29261.2,12.31,48085.1,31.3360
05/12/24 11:30:00.0,29176.2,12.36,47890.1,31.1938
05/12/24 11:40:00.0,29286.9,12.42,48002.9,31.2760
05/12/24 11:50:00.0,29249.3,12.48,47874.2,31.1822
05/12/24 12:00:00.0,29364.4,12.62,47902.3,31.2027
05/12/24 12:10:00.0,29340.6,12.68,47796.5,31.1256
05/12/24 12:20:00.0,29310.8,12.51,47943.5,31.2327
05/12/24 12:30:00.0,29316.7,12.53,47931.4,31.2239
05/12/24 12:40:00.0,29306.8,12.52,47927.9,31.2213
05/12/24 12:50:00.0,29350.5,12.50,48023.1,31.2907
05/12/24 13:00:00.0,29360.5,12.48,48063.5,31.3202
05/12/24 13:10:00.0,29310.8,12.53,47926.6,31.2204
05/12/24 13:20:00.0,29350.5,12.57,47946.5,31.2349
05/12/24 13:30:00.0,29275.0,12.56,47836.5,31.1547
05/12/24 13:40:00.0,29310.8,12.53,47930.2,31.2230
05/12/24 13:50:00.0,29386.4,12.54,48042.8,31.3051
05/12/24 14:00:00.0,29378.4,12.64,47916.6,31.2131
05/12/24 14:10:00.0,29422.3,12.74,47874.8,31.1826
05/12/24 14:20:00.0,29468.3,12.82,47859.3,31.1713
05/12/24 14:30:00.0,29496.3,12.90,47814.7,31.1388
05/12/24 14:40:00.0,29496.3,12.93,47781.9,31.1149
05/12/24 14:50:00.0,29488.3,12.96,47736.2,31.0816
05/12/24 15:00:00.0,29488.3,13.01,47680.9,31.0413
05/12/24 15:10:00.0,29352.5,13.07,47396.4,30.8342
05/12/24 15:20:00.0,29498.3,13.13,47564.0,30.9562
05/12/24 15:30:00.0,29504.4,13.15,47552.5,30.9478
05/12/24 15:40:00.0,29378.4,13.17,47329.4,30.7855
05/12/24 15:50:00.0,29304.8,13.15,47235.1,30.7168
05/12/24 16:00:00.0,29275.0,13.17,47166.2,30.6667
05/12/24 16:10:00.0,29288.9,13.17,47189.6,30.6838
05/12/24 16:20:00.0,29528.4,13.20,47540.7,30.9392
05/12/24 16:30:00.0,29273.1,13.22,47111.0,30.6266
05/12/24 16:40:00.0,29283.0,13.25,47094.6,30.6147
05/12/24 16:50:00.0,29257.2,13.28,47021.2,30.5613
05/12/24 17:00:00.0,29292.9,13.29,47068.3,30.5956
05/12/24 17:10:00.0,29586.8,13.31,47516.6,30.9217
05/12/24 17:20:00.0,29520.4,13.30,47422.9,30.8535
05/12/24 17:30:00.0,29576.7,13.29,47525.3,30.9280
05/12/24 17:40:00.0,29582.8,13.30,47525.0,30.9278
05/12/24 17:50:00.0,29596.9,13.36,47481.5,30.8961
05/12/24 18:00:00.0,29635.2,13.44,47454.2,30.8763
05/12/24 18:10:00.0,29639.3,13.37,47540.3,30.9389
05/12/24 18:20:00.0,29558.6,13.34,47446.3,30.8705
05/12/24 18:30:00.0,29586.8,13.30,47537.3,30.9368
05/12/24 18:40:00.0,29564.6,13.30,47503.0,30.9118
05/12/24 18:50:00.0,29526.4,13.25,47499.2,30.9090
05/12/24 19:00:00.0,29536.5,13.29,47471.7,30.8890
05/12/24 19:10:00.0,29625.1,13.37,47524.8,30.9276
05/12/24 19:20:00.0,29609.0,13.30,47578.7,30.9669
05/12/24 19:30:00.0,29586.8,13.28,47566.9,30.9583
05/12/24 19:40:00.0,29568.7,13.25,47572.8,30.9626
05/12/24 19:50:00.0,29554.6,13.24,47562.7,30.9552
05/12/24 20:00:00.0,29558.6,13.22,47592.8,30.9771
05/12/24 20:10:00.0,29548.5,13.20,47600.3,30.9826
05/12/24 20:20:00.0,29544.5,13.18,47617.5,30.9952
05/12/24 20:30:00.0,29520.4,13.17,47591.4,30.9761
05/12/24 20:40:00.0,29490.3,13.17,47544.3,30.9419
05/12/24 20:50:00.0,29500.3,13.14,47595.3,30.9790
05/12/24 21:00:00.0,29486.3,13.09,47630.3,31.0045
05/12/24 21:10:00.0,29430.3,13.06,47575.4,30.9645
05/12/24 21:20:00.0,29468.3,13.03,47671.5,31.0345
05/12/24 21:30:00.0,29468.3,13.01,47695.3,31.0518
05/12/24 21:40:00.0,29446.3,13.00,47672.4,31.0351
05/12/24 21:50:00.0,29464.3,12.98,47725.1,31.0736
05/12/24 22:00:00.0,29362.4,12.98,47562.3,30.9549
05/12/24 22:10:00.0,29420.3,12.96,47679.3,31.0402
05/12/24 22:20:00.0,29428.3,12.95,47704.7,31.0587
05/12/24 22:30:00.0,29378.4,12.93,47648.1,31.0174
05/12/24 22:40:00.0,29390.3,12.93,47668.5,31.0323
05/12/24 22:50:00.0,29410.3,12.92,47713.2,31.0649
05/12/24 23:00:00.0,29400.3,12.87,47754.9,31.0953
05/12/24 23:10:00.0,29378.4,12.89,47698.1,31.0539
05/12/24 23:20:00.0,29410.3,12.91,47728.1,31.0757
05/12/24 23:30:00.0,29388.3,12.92,47682.5,31.0425
05/12/24 23:40:00.0,29400.3,12.92,47703.0,31.0575
05/12/24 23:50:00.0,29294.9,12.51,48000.5,31.2742
05/13/24 00:00:00.0,29283.0,12.19,48351.2,31.5302
05/13/24 00:10:00.0,29217.7,12.12,48326.5,31.5121
05/13/24 00:20:00.0,29170.3,12.09,48284.6,31.4815
05/13/24 00:30:00.0,29223.6,12.08,48385.1,31.5549
05/13/24 00:40:00.0,29249.3,12.06,48451.8,31.6037
05/13/24 00:50:00.0,29117.2,12.03,48270.5,31.4712
05/13/24 01:00:00.0,29197.9,12.02,48416.2,31.5777
05/13/24 01:10:00.0,29188.0,11.93,48506.1,31.6433
05/13/24 01:20:00.0,29056.3,11.91,48313.2,31.5024
05/13/24 01:30:00.0,29178.2,11.98,48434.0,31.5907
05/13/24 01:40:00.0,29160.4,12.02,48359.3,31.5361
05/13/24 01:50:00.0,29201.9,12.02,48428.9,31.5869
05/13/24 02:00:00.0,29170.3,11.99,48413.0,31.5753
05/13/24 02:10:00.0,29195.9,12.01,48433.1,31.5900
05/13/24 02:20:00.0,29138.8,12.03,48316.9,31.5052
05/13/24 02:30:00.0,29243.4,12.04,48478.8,31.6233
05/13/24 02:40:00.0,29138.8,12.06,48284.5,31.4815
05/13/24 02:50:00.0,29199.9,12.08,48363.0,31.5388
05/13/24 03:00:00.0,29213.7,12.43,47982.6,31.2612
05/13/24 03:10:00.0,29312.7,12.53,48030.5,31.2962
05/13/24 03:20:00.0,29182.1,12.25,48140.5,31.3764
05/13/24 03:30:00.0,29283.0,12.35,48191.5,31.4136
05/13/24 03:40:00.0,29172.3,12.40,47954.3,31.2405
05/13/24 03:50:00.0,29322.7,12.58,47994.3,31.2698
05/13/24 04:00:00.0,29348.5,12.71,47888.9,31.1929
05/13/24 04:10:00.0,29358.5,12.73,47883.5,31.1890
05/13/24 04:20:00.0,29364.4,12.70,47928.5,31.2218
05/13/24 04:30:00.0,29342.5,12.62,47985.5,31.2634
05/13/24 04:40:00.0,29322.7,12.57,48011.8,31.2825
05/13/24 04:50:00.0,29316.7,12.54,48037.6,31.3013
05/13/24 05:00:00.0,29332.6,12.54,48064.7,31.3211
05/13/24 05:10:00.0,29328.6,12.53,48070.8,31.3256
05/13/24 05:20:00.0,29320.7,12.53,48059.2,31.3171
05/13/24 05:30:00.0,29334.6,12.53,48083.0,31.3345
05/13/24 05:40:00.0,29322.7,12.52,48076.3,31.3296
05/13/24 05:50:00.0,29306.8,12.52,48051.6,31.3115
05/13/24 06:00:00.0,29290.9,12.50,48049.8,31.3103
05/13/24 06:10:00.0,29292.9,12.47,48088.7,31.3386
05/13/24 06:20:00.0,29281.0,12.47,48070.5,31.3254
05/13/24 06:30:00.0,29281.0,12.47,48071.7,31.3262
05/13/24 06:40:00.0,29296.9,12.48,48087.4,31.3376
05/13/24 06:50:00.0,29277.0,12.47,48067.6,31.3232
05/13/24 07:00:00.0,29269.1,12.43,48101.9,31.3482
05/13/24 07:10:00.0,29251.3,12.41,48097.0,31.3447
05/13/24 07:20:00.0,29257.2,12.42,48096.4,31.3442
05/13/24 07:30:00.0,29172.3,12.48,47890.1,31.1938
05/13/24 07:40:00.0,29205.8,12.67,47729.1,31.0765
05/13/24 07:50:00.0,29136.8,12.74,47539.0,30.9380
05/13/24 08:00:00.0,29241.4,12.75,47698.4,31.0541
05/13/24 08:10:00.0,29285.0,12.73,47793.0,31.1230
05/13/24 08:20:00.0,29290.9,12.71,47826.6,31.1475
05/13/24 08:30:00.0,29273.1,12.71,47798.9,31.1273
05/13/24 08:40:00.0,29314.7,12.76,47810.7,31.1359
05/13/24 08:50:00.0,29330.6,12.90,47678.7,31.0398
05/13/24 09:00:00.0,29368.4,13.11,47504.0,30.9125
05/13/24 09:10:00.0,29386.4,13.40,47209.8,30.6984
05/13/24 09:20:00.0,29442.3,13.41,47289.1,30.7561
05/13/24 09:30:00.0,29516.4,13.58,47219.4,30.7054
05/13/24 09:40:00.0,29548.5,13.74,47094.5,30.6146
05/13/24 09:50:00.0,29530.5,13.79,47012.1,30.5547
05/13/24 10:00:00.0,29564.6,13.69,47177.7,30.6751
05/13/24 10:10:00.0,29572.7,13.80,47070.2,30.5970
05/13/24 10:20:00.0,29584.8,13.78,47112.6,30.6278
05/13/24 10:30:00.0,29574.7,13.50,47408.3,30.8429
05/13/24 10:40:00.0,29516.4,13.52,47294.3,30.7599
05/13/24 10:50:00.0,29526.4,13.44,47400.6,30.8372
05/13/24 11:00:00.0,29514.4,13.29,47550.4,30.9463
05/13/24 11:10:00.0,29520.4,13.17,47696.2,31.0525
05/13/24 11:20:00.0,29434.3,13.01,47739.5,31.0840
05/13/24 11:30:00.0,29500.3,12.93,47937.9,31.2287
05/13/24 11:40:00.0,29424.3,12.79,47975.6,31.2561
05/13/24 11:50:00.0,29432.3,12.75,48035.5,31.2998
05/13/24 12:00:00.0,29448.3,12.73,48085.5,31.3363
05/13/24 12:10:00.0,29458.3,12.78,48045.8,31.3073
05/13/24 12:20:00.0,29398.3,12.79,47938.3,31.2289
05/13/24 12:30:00.0,29476.3,12.74,48123.1,31.3637
05/13/24 12:40:00.0,29390.3,12.70,48030.5,31.2961
05/13/24 12:50:00.0,29444.3,12.71,48107.9,31.3526
05/13/24 13:00:00.0,29470.3,12.74,48117.0,31.3592
05/13/24 13:10:00.0,29490.3,12.79,48093.4,31.3420
05/13/24 13:20:00.0,29518.4,12.85,48071.6,31.3261
05/13/24 13:30:00.0,29496.3,12.90,47980.0,31.2593
05/13/24 13:40:00.0,29544.5,12.97,47979.4,31.2589
05/13/24 13:50:00.0,29580.7,13.11,47880.0,31.1864
05/13/24 14:00:00.0,29633.2,13.23,47829.8,31.1498
05/13/24 14:10:00.0,29506.4,13.34,47504.1,30.9126
05/13/24 14:20:00.0,29663.5,13.45,47633.2,31.0066
05/13/24 14:30:00.0,29693.9,13.67,47437.0,30.8638
05/13/24 14:40:00.0,29736.5,13.78,47383.6,30.8249
05/13/24 14:50:00.0,29691.9,13.85,47236.6,30.7180
05/13/24 15:00:00.0,29785.3,13.90,47330.2,30.7860
05/13/24 15:10:00.0,29773.1,13.96,47245.8,30.7247
05/13/24 15:20:00.0,29651.4,13.89,47132.0,30.6419
05/13/24 15:30:00.0,29752.8,13.89,47293.5,30.7593
05/13/24 15:40:00.0,29838.3,13.91,47407.6,30.8424
05/13/24 15:50:00.0,29850.6,14.01,47317.6,30.7769
05/13/24 16:00:00.0,29916.1,14.13,47289.6,30.7565
05/13/24 16:10:00.0,29920.2,14.25,47165.3,30.6661
05/13/24 16:20:00.0,29936.6,14.26,47181.3,30.6777
05/13/24 16:30:00.0,29924.3,14.29,47130.3,30.6406
05/13/24 16:40:00.0,29946.9,14.33,47123.1,30.6354
05/13/24 16:50:00.0,29957.2,14.36,47107.5,30.6241
05/13/24 17:00:00.0,29932.5,14.41,47015.5,30.5572
05/13/24 17:10:00.0,29996.3,14.45,47072.7,30.5988
05/13/24 17:20:00.0,29971.6,14.47,47013.5,30.5557
05/13/24 17:30:00.0,29983.9,14.48,47023.0,30.5626
05/13/24 17:40:00.0,29990.1,14.48,47033.8,30.5705
05/13/24 17:50:00.0,29903.8,14.50,46878.6,30.4577
05/13/24 18:00:00.0,29959.2,14.53,46933.6,30.4977
05/13/24 18:10:00.0,30066.5,14.68,46938.9,30.5015
05/13/24 18:20:00.0,30041.7,14.73,46847.4,30.4351
05/13/24 18:30:00.0,29918.2,14.58,46818.9,30.4144
05/13/24 18:40:00.0,29938.7,14.44,47004.2,30.5490
05/13/24 18:50:00.0,29926.4,14.41,47018.9,30.5596
05/13/24 19:00:00.0,29867.0,14.39,46949.0,30.5088
05/13/24 19:10:00.0,29955.1,14.41,47066.1,30.5939
05/13/24 19:20:00.0,29932.5,14.41,47031.9,30.5691
05/13/24 19:30:00.0,29899.7,14.40,46992.7,30.5406
05/13/24 19:40:00.0,29899.7,14.40,46993.9,30.5415
05/13/24 19:50:00.0,29903.8,14.40,47001.5,30.5470
05/13/24 20:00:00.0,29820.0,14.36,46915.1,30.4843
05/13/24 20:10:00.0,29803.7,14.33,46923.5,30.4903
05/13/24 20:20:00.0,29864.9,14.33,47020.5,30.5608
05/13/24 20:30:00.0,29809.8,14.33,46935.4,30.4990
05/13/24 20:40:00.0,29881.3,14.30,47081.3,30.6050
05/13/24 20:50:00.0,29809.8,14.30,46970.4,30.5244
05/13/24 21:00:00.0,29777.2,14.30,46920.5,30.4882
05/13/24 21:10:00.0,29836.3,14.30,47014.3,30.5563
05/13/24 21:20:00.0,29848.6,14.25,47089.4,30.6109
05/13/24 21:30:00.0,29854.7,14.22,47133.1,30.6427
05/13/24 21:40:00.0,29850.6,14.19,47160.7,30.6627
05/13/24 21:50:00.0,29844.5,14.18,47163.3,30.6646
05/13/24 22:00:00.0,29834.3,14.13,47203.3,30.6937
05/13/24 22:10:00.0,29822.0,14.09,47229.2,30.7125
05/13/24 22:20:00.0,29773.1,14.09,47153.3,30.6574
05/13/24 22:30:00.0,29795.5,14.11,47167.8,30.6679
05/13/24 22:40:00.0,29718.2,14.08,47080.1,30.6042
05/13/24 22:50:00.0,29777.2,14.07,47185.3,30.6806
05/13/24 23:00:00.0,29756.8,14.05,47176.3,30.6741
05/13/24 23:10:00.0,29791.4,14.07,47210.0,30.6986
05/13/24 23:20:00.0,29744.6,14.05,47159.4,30.6618
05/13/24 23:30:00.0,29773.1,14.05,47205.5,30.6953
05/13/24 23:40:00.0,29756.8,14.02,47214.0,30.7015
05/13/24 23:50:00.0,29769.0,13.95,47311.7,30.7726
05/14/24 00:00:00.0,29756.8,13.96,47282.6,30.7514
05/14/24 00:10:00.0,29714.2,13.98,47194.4,30.6872
05/14/24 00:20:00.0,29779.2,14.00,47276.2,30.7467
05/14/24 00:30:00.0,29779.2,14.00,47277.3,30.7476
05/14/24 00:40:00.0,29762.9,13.92,47341.1,30.7940
05/14/24 00:50:00.0,29568.7,13.68,47300.1,30.7642
05/14/24 01:00:00.0,29631.2,13.41,47702.5,31.0571
05/14/24 01:10:00.0,29496.3,13.28,47633.5,31.0068
05/14/24 01:20:00.0,29518.4,13.25,47704.0,31.0581
05/14/24 01:30:00.0,29580.7,13.37,47670.1,31.0335
05/14/24 01:40:00.0,29637.2,13.40,47728.1,31.0757
05/14/24 01:50:00.0,29524.4,13.12,47864.0,31.1747
05/14/24 02:00:00.0,29506.4,12.91,48074.8,31.3284
05/14/24 02:10:00.0,29518.4,12.86,48152.5,31.3852
05/14/24 02:20:00.0,29502.3,12.91,48070.5,31.3253
05/14/24 02:30:00.0,29540.5,13.06,47962.8,31.2467
05/14/24 02:40:00.0,29506.4,13.00,47977.1,31.2572
05/14/24 02:50:00.0,29492.3,12.96,48001.0,31.2746
05/14/24 03:00:00.0,29506.4,12.98,48002.2,31.2755
05/14/24 03:10:00.0,29484.3,13.02,47922.2,31.2172
05/14/24 03:20:00.0,29522.4,12.98,48030.5,31.2961
05/14/24 03:30:00.0,29438.3,12.95,47929.7,31.2227
05/14/24 03:40:00.0,29512.4,13.00,47993.9,31.2695
05/14/24 03:50:00.0,29460.3,13.06,47842.8,31.1593
05/14/24 04:00:00.0,29526.4,13.14,47860.1,31.1719
05/14/24 04:10:00.0,29472.3,13.18,47728.9,31.0763
05/14/24 04:20:00.0,29536.5,13.19,47822.2,31.1443
05/14/24 04:30:00.0,29472.3,13.24,47663.7,31.0288
05/14/24 04:40:00.0,29562.6,13.33,47708.6,31.0615
05/14/24 04:50:00.0,29594.9,13.37,47716.6,31.0674
05/14/24 05:00:00.0,29546.5,13.39,47617.8,30.9954
05/14/24 05:10:00.0,29611.0,13.39,47722.3,31.0715
05/14/24 05:20:00.0,29544.5,13.36,47650.6,31.0193
05/14/24 05:30:00.0,29486.3,13.36,47558.5,30.9522
05/14/24 05:40:00.0,29588.8,13.37,47712.8,31.0646
05/14/24 05:50:00.0,29600.9,13.36,47744.6,31.0878
05/14/24 06:00:00.0,29566.6,13.36,47690.8,31.0486
05/14/24 06:10:00.0,29508.4,13.36,47598.7,30.9814
05/14/24 06:20:00.0,29562.6,13.35,47698.0,31.0538
05/14/24 06:30:00.0,29518.4,13.34,47639.5,31.0112
05/14/24 06:40:00.0,29552.6,13.34,47695.6,31.0520
05/14/24 06:50:00.0,29502.3,13.29,47672.3,31.0350
05/14/24 07:00:00.0,29536.5,13.22,47807.3,31.1334
05/14/24 07:10:00.0,29558.6,13.26,47798.9,31.1273
05/14/24 07:20:00.0,29568.7,13.35,47714.9,31.0661
05/14/24 07:30:00.0,29572.7,13.41,47655.1,31.0226
05/14/24 07:40:00.0,29540.5,13.44,47571.1,30.9614
05/14/24 07:50:00.0,29408.3,13.46,47338.3,30.7919
05/14/24 08:00:00.0,29625.1,13.50,47641.6,31.0127
05/14/24 08:10:00.0,29518.4,13.52,47449.9,30.8731
05/14/24 08:20:00.0,29627.1,13.53,47613.6,30.9923
05/14/24 08:30:00.0,29596.9,13.56,47533.0,30.9336
05/14/24 08:40:00.0,29596.9,13.57,47523.0,30.9264
05/14/24 08:50:00.0,29653.4,13.57,47614.4,30.9929
05/14/24 09:00:00.0,29661.5,13.61,47583.8,30.9706
05/14/24 09:10:00.0,29679.7,13.65,47569.3,30.9601
05/14/24 09:20:00.0,29706.1,13.69,47567.9,30.9591
05/14/24 09:30:00.0,29645.3,13.72,47438.9,30.8651
05/14/24 09:40:00.0,29683.8,13.78,47434.6,30.8620
05/14/24 09:50:00.0,29710.1,13.83,47422.1,30.8529
05/14/24 10:00:00.0,29677.7,13.85,47349.7,30.8002
05/14/24 10:10:00.0,29736.5,13.92,47366.6,30.8125
05/14/24 10:20:00.0,29752.8,13.95,47360.4,30.8080
05/14/24 10:30:00.0,29730.4,13.98,47292.9,30.7589
05/14/24 10:40:00.0,29762.9,14.05,47268.3,30.7410
05/14/24 10:50:00.0,29720.3,14.06,47191.1,30.6849
05/14/24 11:00:00.0,29762.9,14.07,47248.6,30.7266
05/14/24 11:10:00.0,29815.9,14.13,47267.3,30.7403
05/14/24 11:20:00.0,29822.0,14.12,47289.1,30.7561
05/14/24 11:30:00.0,29828.1,14.18,47233.9,30.7159
05/14/24 11:40:00.0,29844.5,14.30,47129.2,30.6398
05/14/24 11:50:00.0,29895.6,14.42,47079.3,30.6036
05/14/24 12:00:00.0,29992.2,14.52,47122.5,30.6350
05/14/24 12:10:00.0,29944.9,14.53,47038.8,30.5741
05/14/24 12:20:00.0,29979.8,14.57,47051.0,30.5830
05/14/24 12:30:00.0,29940.8,14.61,46947.8,30.5080
05/14/24 12:40:00.0,30019.0,14.63,47049.2,30.5817
05/14/24 12:50:00.0,30006.6,14.59,47074.5,30.6001
05/14/24 13:00:00.0,29916.1,14.56,46967.0,30.5220
05/14/24 13:10:00.0,29986.0,14.57,47066.5,30.5943
05/14/24 13:20:00.0,29994.2,14.57,47080.5,30.6044
05/14/24 13:30:00.0,30019.0,14.57,47120.4,30.6334
05/14/24 13:40:00.0,29938.7,14.59,46974.4,30.5273
05/14/24 13:50:00.0,30023.1,14.62,47074.6,30.6002
05/14/24 14:00:00.0,30039.6,14.66,47058.0,30.5881
05/14/24 14:10:00.0,30066.5,14.73,47025.1,30.5641
05/14/24 14:20:00.0,30049.9,14.72,47011.2,30.5541
05/14/24 14:30:00.0,30043.7,14.67,47057.1,30.5874
05/14/24 14:40:00.0,29992.2,14.67,46978.0,30.5299
05/14/24 14:50:00.0,30014.8,14.70,46981.8,30.5327
05/14/24 15:00:00.0,30023.1,14.63,47072.0,30.5982
05/14/24 15:10:00.0,30014.8,14.70,46984.1,30.5344
05/14/24 15:20:00.0,30010.7,14.68,47000.6,30.5464
05/14/24 15:30:00.0,29940.8,14.68,46892.9,30.4681
05/14/24 15:40:00.0,29977.8,14.63,47006.0,30.5503
05/14/24 15:50:00.0,30004.5,14.57,47114.1,30.6289
05/14/24 16:00:00.0,29949.0,14.52,47083.0,30.6063
05/14/24 16:10:00.0,29994.2,14.48,47198.6,30.6903
05/14/24 16:20:00.0,29951.0,14.40,47219.7,30.7056
05/14/24 16:30:00.0,29975.7,14.36,47303.5,30.7666
05/14/24 16:40:00.0,29934.6,14.39,47207.2,30.6966
05/14/24 16:50:00.0,29879.2,14.39,47121.5,30.6342
05/14/24 17:00:00.0,29973.6,14.39,47270.8,30.7428
05/14/24 17:10:00.0,29996.3,14.41,47285.6,30.7536
05/14/24 17:20:00.0,29961.3,14.35,47297.7,30.7624
05/14/24 17:30:00.0,29940.8,14.34,47277.7,30.7478
05/14/24 17:40:00.0,29983.9,14.40,47280.7,30.7500
05/14/24 17:50:00.0,29983.9,14.44,47238.0,30.7190
05/14/24 18:00:00.0,29928.4,14.44,47152.2,30.6566
05/14/24 18:10:00.0,29949.0,14.45,47174.7,30.6729
05/14/24 18:20:00.0,30006.6,14.46,47255.2,30.7315
05/14/24 18:30:00.0,29967.5,14.50,47151.4,30.6560
05/14/24 18:40:00.0,29965.4,14.52,47127.4,30.6386
05/14/24 18:50:00.0,30021.0,14.53,47204.7,30.6947
05/14/24 19:00:00.0,30027.2,14.56,47182.8,30.6788
05/14/24 19:10:00.0,29834.3,14.57,46871.5,30.4526
05/14/24 19:20:00.0,29988.0,14.59,47091.1,30.6122
05/14/24 19:30:00.0,29992.2,14.63,47055.3,30.5861
05/14/24 19:40:00.0,29961.3,14.64,46997.4,30.5440
05/14/24 19:50:00.0,30012.8,14.66,47057.2,30.5875
05/14/24 20:00:00.0,30004.5,14.64,47067.2,30.5947
05/14/24 20:10:00.0,30037.5,14.63,47130.7,30.6409
05/14/24 20:20:00.0,30019.0,14.61,47124.8,30.6366
05/14/24 20:30:00.0,30012.8,14.67,47051.0,30.5830
05/14/24 20:40:00.0,30052.0,14.68,47102.4,30.6204
05/14/24 20:50:00.0,30031.3,14.66,47093.1,30.6136
05/14/24 21:00:00.0,30025.1,14.67,47073.7,30.5995
05/14/24 21:10:00.0,30025.1,14.66,47085.7,30.6082
05/14/24 21:20:00.0,30006.6,14.67,47047.2,30.5802
05/14/24 21:30:00.0,30054.0,14.68,47111.4,30.6269
05/14/24 21:40:00.0,30045.8,14.70,47078.0,30.6026
05/14/24 21:50:00.0,29969.5,14.66,47003.6,30.5486
05/14/24 22:00:00.0,29990.1,14.67,47026.1,30.5649
05/14/24 22:10:00.0,30047.9,14.67,47117.4,30.6313
05/14/24 22:20:00.0,30029.3,14.66,47100.5,30.6190
05/14/24 22:30:00.0,29975.7,14.64,47039.7,30.5748
05/14/24 22:40:00.0,30014.8,14.61,47134.6,30.6438
05/14/24 22:50:00.0,29957.2,14.59,47067.6,30.5950
05/14/24 23:00:00.0,29967.5,14.56,47117.5,30.6314
05/14/24 23:10:00.0,29998.3,14.53,47199.6,30.6911
05/14/24 23:20:00.0,29992.2,14.56,47158.5,30.6612
05/14/24 23:30:00.0,30014.8,14.57,47184.1,30.6798
05/14/24 23:40:00.0,30008.6,14.55,47197.4,30.6895
05/14/24 23:50:00.0,30014.8,14.56,47197.4,30.6894
05/15/24 00:00:00.0,29979.8,14.55,47154.7,30.6584
05/15/24 00:10:00.0,29969.5,14.52,47172.5,30.6713
05/15/24 00:20:00.0,29897.7,14.50,47083.0,30.6063
05/15/24 00:30:00.0,29969.5,14.46,47240.5,30.7208
05/15/24 00:40:00.0,29977.8,14.42,47298.5,30.7630
05/15/24 00:50:00.0,29949.0,14.41,47265.4,30.7389
05/15/24 01:00:00.0,29971.6,14.44,47269.2,30.7416
05/15/24 01:10:00.0,29955.1,14.42,47266.4,30.7396
05/15/24 01:20:00.0,29891.5,14.41,47178.7,30.6758
05/15/24 01:30:00.0,29936.6,14.41,47250.7,30.7282
05/15/24 01:40:00.0,29899.7,14.42,47182.9,30.6789
05/15/24 01:50:00.0,29965.4,14.44,47265.3,30.7388
05/15/24 02:00:00.0,29930.5,14.46,47189.9,30.6839
05/15/24 02:10:00.0,29959.2,14.46,47236.0,30.7175
05/15/24 02:20:00.0,29848.6,14.06,47503.4,30.9121
05/15/24 02:30:00.0,29765.0,13.70,47772.7,31.1082
05/15/24 02:40:00.0,29702.0,13.42,47988.0,31.2652
05/15/24 02:50:00.0,29661.5,13.30,48059.9,31.3176
05/15/24 03:00:00.0,29574.7,13.24,47989.1,31.2660
05/15/24 03:10:00.0,29619.1,13.20,48107.4,31.3522
05/15/24 03:20:00.0,29615.0,13.20,48102.0,31.3483
05/15/24 03:30:00.0,29623.1,13.23,48082.1,31.3338
05/15/24 03:40:00.0,29623.1,13.24,48072.0,31.3264
05/15/24 03:50:00.0,29607.0,13.35,47922.7,31.2175
05/15/24 04:00:00.0,29775.1,13.76,47732.3,31.0788
05/15/24 04:10:00.0,29734.5,13.83,47590.7,30.9757
05/15/24 04:20:00.0,29787.4,13.80,47709.6,31.0622
05/15/24 04:30:00.0,29783.3,13.81,47693.1,31.0502
05/15/24 04:40:00.0,29809.8,13.86,47680.7,31.0412
05/15/24 04:50:00.0,29791.4,13.89,47619.2,30.9964
05/15/24 05:00:00.0,29803.7,13.90,47628.8,31.0034
05/15/24 05:10:00.0,29815.9,13.90,47649.3,31.0183
05/15/24 05:20:00.0,29820.0,13.94,47612.5,30.9915
05/15/24 05:30:00.0,29785.3,13.95,47547.5,30.9442
05/15/24 05:40:00.0,29809.8,13.97,47565.3,30.9572
05/15/24 05:50:00.0,29826.1,14.07,47481.5,30.8961
05/15/24 06:00:00.0,29856.7,14.18,47409.5,30.8437
05/15/24 06:10:00.0,29924.3,14.36,47319.0,30.7779
05/15/24 06:20:00.0,29926.4,14.41,47268.6,30.7412
05/15/24 06:30:00.0,29949.0,14.45,47261.5,30.7360
05/15/24 06:40:00.0,29852.7,14.46,47100.5,30.6190
05/15/24 06:50:00.0,29963.4,14.50,47231.7,30.7144
05/15/24 07:00:00.0,29969.5,14.52,47220.5,30.7063
05/15/24 07:10:00.0,29953.1,14.45,47272.6,30.7441
05/15/24 07:20:00.0,29963.4,14.50,47235.2,30.7169
05/15/24 07:30:00.0,29959.2,14.51,47218.8,30.7050
05/15/24 07:40:00.0,29981.9,14.52,47244.7,30.7238
05/15/24 07:50:00.0,29971.6,14.55,47196.9,30.6891
05/15/24 08:00:00.0,29998.3,14.58,47207.1,30.6965
05/15/24 08:10:00.0,30008.6,14.64,47158.9,30.6615
05/15/24 08:20:00.0,29990.1,14.70,47065.9,30.5938
05/15/24 08:30:00.0,30074.7,14.78,47112.1,30.6274
05/15/24 08:40:00.0,30070.6,14.81,47074.3,30.5999
05/15/24 08:50:00.0,30107.8,14.90,47035.8,30.5719
05/15/24 09:00:00.0,30134.8,15.00,46970.8,30.5247
05/15/24 09:10:00.0,30076.8,15.13,46742.2,30.3587
05/15/24 09:20:00.0,30207.6,15.22,46848.9,30.4361
05/15/24 09:30:00.0,30159.7,15.27,46722.6,30.3444
05/15/24 09:40:00.0,30215.9,15.34,46735.5,30.3538
05/15/24 09:50:00.0,30245.1,15.42,46696.1,30.3252
05/15/24 10:00:00.0,30249.3,15.46,46661.1,30.2998
05/15/24 10:10:00.0,30289.0,15.57,46606.1,30.2599
05/15/24 10:20:00.0,30270.2,15.60,46546.6,30.2167
05/15/24 10:30:00.0,30280.6,15.66,46500.1,30.1830
05/15/24 10:40:00.0,30305.8,15.71,46486.9,30.1734
05/15/24 10:50:00.0,30166.0,15.75,46232.5,29.9889
05/15/24 11:00:00.0,30251.4,15.77,46342.9,30.0689
05/15/24 11:10:00.0,30320.4,15.75,46470.4,30.1614
05/15/24 11:20:00.0,30326.7,15.78,46449.5,30.1462
05/15/24 11:30:00.0,30337.2,15.79,46456.1,30.1510
05/15/24 11:40:00.0,30335.1,15.84,46401.3,30.1113
05/15/24 11:50:00.0,30341.4,15.86,46391.0,30.1038
05/15/24 12:00:00.0,30358.2,15.91,46365.1,30.0850
05/15/24 12:10:00.0,30354.0,15.89,46380.9,30.0965
05/15/24 12:20:00.0,30318.3,15.91,46306.7,30.0427
05/15/24 12:30:00.0,30364.5,15.94,46346.6,30.0716
05/15/24 12:40:00.0,30341.4,15.95,46302.1,30.0394
05/15/24 12:50:00.0,30232.6,15.92,46169.3,29.9432
05/15/24 13:00:00.0,30328.8,15.96,46274.8,30.0196
05/15/24 13:10:00.0,30341.4,15.90,46358.1,30.0800
05/15/24 13:20:00.0,30343.5,15.84,46425.6,30.1289
