#,Date-Time (EST),Temperature (°C) (W-DO 22124011),Measured DO (mg/L) (W-DO 22124011),Salinity-Adjusted DO (mg/L) (W-DO 22124011),Temperature (°C) (W-CTD-00 22118267),Absolute Pressure (kPa) (W-CTD-00 22118267),Electrical Conductivity (µS/cm) (W-CTD-00 22118267),Specific Conductivity (µS/cm) (W-CTD-00 22118267),Salinity (PSU) (W-CTD-00 22118267),Barometric Pressure (kPa) ,Percent Saturation (%) ,Water Level (m) 
1,01/02/2025 14:50:02,14.53,10.41,8.69,9.92,101.662,32291.2,47260.6,29.20,101.325,122.26,0.00000
2,01/02/2025 15:00:02,9.49,12.71,10.54,9.38,101.762,31828.7,47363.4,29.17,101.325,134.17,0.00997
3,01/02/2025 15:10:02,9.62,12.76,10.58,9.54,101.795,32095.1,47517.2,29.31,101.325,135.25,0.01327
4,01/02/2025 15:20:02,9.94,12.79,10.60,9.80,101.810,32341.2,47504.2,29.35,101.325,136.50,0.01474
5,01/02/2025 15:30:02,10.10,12.75,10.58,9.95,101.803,32452.4,47451.8,29.34,101.325,136.62,0.01402
6,01/02/2025 15:40:02,10.26,12.72,10.55,10.10,101.846,32588.8,47436.5,29.36,101.325,136.75,0.01829
7,01/02/2025 15:50:02,10.40,12.70,10.53,10.25,101.859,32710.3,47395.7,29.36,101.325,136.89,0.01957
8,01/02/2025 16:00:02,10.56,12.62,10.47,10.40,101.862,32841.9,47365.8,29.36,101.325,136.59,0.01986
9,01/02/2025 16:10:02,10.70,12.57,10.43,10.54,101.864,32958.7,47332.5,29.37,101.325,136.44,0.02013
10,01/02/2025 16:20:02,10.84,12.57,10.44,10.69,101.887,33066.7,47278.5,29.35,101.325,136.87,0.02241
11,01/02/2025 16:30:02,10.97,12.57,10.44,10.83,101.910,33182.0,47239.8,29.35,101.325,137.25,0.02468
12,01/02/2025 16:40:02,11.10,12.52,10.40,10.98,101.923,33283.8,47178.3,29.33,101.325,137.08,0.02595
13,01/02/2025 16:50:02,11.25,12.53,10.40,11.11,101.946,33410.6,47169.8,29.35,101.325,137.58,0.02821
14,01/02/2025 17:00:02,11.37,12.48,10.37,11.24,101.928,33502.2,47112.0,29.33,101.325,137.45,0.02647
15,01/02/2025 17:10:02,11.51,12.46,10.36,11.37,101.961,33609.9,47081.6,29.33,101.325,137.65,0.02972
16,01/02/2025 17:20:02,11.62,12.43,10.33,11.50,101.993,33687.8,47014.2,29.31,101.325,137.60,0.03296
17,01/02/2025 17:30:02,11.74,12.40,10.31,11.63,102.006,33796.6,46990.4,29.31,101.325,137.60,0.03420
18,01/02/2025 17:40:02,11.87,12.34,10.26,11.75,101.988,33903.8,46968.9,29.32,101.325,137.30,0.03245
19,01/02/2025 17:50:02,11.98,12.34,10.26,11.88,101.991,34000.2,46936.8,29.31,101.325,137.58,0.03268
20,01/02/2025 18:00:02,12.10,12.33,10.26,11.99,102.003,34074.5,46878.8,29.29,101.325,137.89,0.03391
21,01/02/2025 18:10:02,12.21,12.26,10.21,12.11,102.005,34138.8,46807.5,29.26,101.325,137.39,0.03414
22,01/02/2025 18:20:02,12.32,12.20,10.16,12.23,101.997,34262.3,46821.9,29.29,101.325,137.06,0.03337
23,01/02/2025 18:30:02,12.43,12.17,10.13,12.34,102.000,34349.3,46790.6,29.28,101.325,137.03,0.03359
24,01/02/2025 18:40:02,12.53,12.24,10.19,12.44,102.002,34431.2,46764.7,29.28,101.325,138.02,0.03379
25,01/02/2025 18:50:02,12.64,12.17,10.13,12.55,102.024,34492.2,46702.7,29.25,101.325,137.54,0.03600
26,01/02/2025 19:00:02,12.73,12.12,10.09,12.65,102.026,34558.5,46656.3,29.24,101.325,137.20,0.03621
27,01/02/2025 19:10:02,12.83,12.07,10.05,12.75,102.048,34637.9,46635.8,29.23,101.325,136.92,0.03839
28,01/02/2025 19:20:02,12.94,12.03,10.03,12.85,102.060,34704.3,46594.2,29.22,101.325,136.81,0.03959
29,01/02/2025 19:30:02,13.02,12.02,10.02,12.94,102.072,34776.2,46568.1,29.22,101.325,136.93,0.04078
30,01/02/2025 19:40:02,13.11,11.92,9.94,13.04,102.034,34817.5,46501.3,29.18,101.325,135.95,0.03697
31,01/02/2025 19:50:02,13.19,11.87,9.90,13.13,102.056,34885.9,46474.8,29.18,101.325,135.65,0.03914
32,01/02/2025 20:00:02,13.28,11.81,9.85,13.21,102.067,34961.8,46462.5,29.18,101.325,135.19,0.04032
33,01/02/2025 20:10:02,13.36,11.78,9.83,13.30,102.049,35026.3,46439.0,29.17,101.325,135.13,0.03849
34,01/02/2025 20:20:02,13.44,11.74,9.79,13.38,102.031,35070.7,46389.1,29.15,101.325,134.81,0.03666
35,01/02/2025 20:30:02,13.52,11.73,9.79,13.46,102.042,35127.5,46359.7,29.14,101.325,134.92,0.03782
36,01/02/2025 20:40:02,13.59,11.74,9.80,13.54,102.024,35173.9,46324.4,29.13,101.325,135.25,0.03598
37,01/02/2025 20:50:02,13.67,11.70,9.77,13.62,102.075,35229.5,46297.7,29.12,101.325,135.00,0.04113
38,01/02/2025 21:00:02,13.74,11.70,9.77,13.69,102.067,35293.2,46285.5,29.12,101.325,135.16,0.04028
39,01/02/2025 21:10:02,13.82,11.67,9.74,13.76,102.048,35334.0,46247.2,29.10,101.325,135.04,0.03843
40,01/02/2025 21:20:02,13.87,11.69,9.76,13.83,102.060,35394.2,46238.3,29.10,101.325,135.45,0.03957
41,01/02/2025 21:30:02,13.95,11.68,9.76,13.90,102.061,35419.8,46180.5,29.07,101.325,135.55,0.03971
42,01/02/2025 21:40:02,14.02,11.66,9.75,13.97,102.062,35457.1,46149.6,29.06,101.325,135.51,0.03984
43,01/02/2025 21:50:02,14.08,11.63,9.72,14.03,102.074,35560.1,46200.2,29.10,101.325,135.37,0.04097
44,01/02/2025 22:00:02,14.14,11.62,9.71,14.10,102.075,35598.1,46166.6,29.09,101.325,135.40,0.04110
45,01/02/2025 22:10:02,14.20,11.57,9.67,14.16,102.076,35626.4,46124.2,29.07,101.325,134.91,0.04123
46,01/02/2025 22:20:02,14.26,11.52,9.63,14.22,102.078,35680.8,46115.7,29.07,101.325,134.46,0.04136
47,01/02/2025 22:30:02,14.32,11.51,9.62,14.28,102.079,35715.2,46089.0,29.06,101.325,134.52,0.04148
48,01/02/2025 22:40:02,14.37,11.48,9.60,14.34,102.080,35772.3,46091.5,29.07,101.325,134.41,0.04159
49,01/02/2025 22:50:02,14.43,11.43,9.56,14.40,102.101,35792.3,46046.5,29.04,101.325,133.94,0.04371
50,01/02/2025 23:00:02,14.48,11.37,9.51,14.45,102.052,35833.6,46032.6,29.04,101.325,133.35,0.03882
51,01/02/2025 23:10:02,14.54,11.36,9.50,14.50,102.053,35881.1,46026.7,29.04,101.325,133.42,0.03893
52,01/02/2025 23:20:02,14.59,11.31,9.46,14.56,102.055,35891.7,45973.5,29.01,101.325,132.91,0.03904
53,01/02/2025 23:30:02,14.64,11.25,9.41,14.61,102.066,35936.6,45971.9,29.01,101.325,132.34,0.04014
54,01/02/2025 23:40:02,14.69,11.21,9.38,14.66,102.057,35977.0,45960.7,29.01,101.325,132.00,0.03925
55,01/02/2025 23:50:02,14.73,11.16,9.34,14.70,102.047,36004.1,45940.0,29.00,101.325,131.48,0.03834
56,01/03/2025 00:00:02,14.79,11.12,9.31,14.75,102.038,36012.0,45891.2,28.97,101.325,131.21,0.03744
57,01/03/2025 00:10:02,14.83,11.07,9.27,14.79,102.039,36049.5,45884.0,28.97,101.325,130.72,0.03753
58,01/03/2025 00:20:02,14.87,11.04,9.24,14.84,102.030,36066.8,45847.4,28.95,101.325,130.45,0.03663
59,01/03/2025 00:30:02,14.92,11.02,9.22,14.88,102.001,36129.5,45875.8,28.98,101.325,130.28,0.03372
60,01/03/2025 00:40:02,14.96,11.00,9.21,14.92,102.012,36140.4,45842.1,28.96,101.325,130.19,0.03480
61,01/03/2025 00:50:02,15.01,10.97,9.19,14.96,102.053,36172.2,45835.1,28.96,101.325,130.00,0.03887
62,01/03/2025 01:00:02,15.04,10.97,9.18,15.00,102.044,36165.5,45782.8,28.93,101.325,129.98,0.03795
63,01/03/2025 01:10:02,15.07,10.97,9.19,15.03,102.074,36215.9,45806.7,28.95,101.325,130.12,0.04101
64,01/03/2025 01:20:02,15.11,10.97,9.19,15.06,102.065,36230.0,45784.5,28.94,101.325,130.21,0.04008
65,01/03/2025 01:30:02,15.14,10.94,9.17,15.09,102.076,36220.3,45735.9,28.91,101.325,129.94,0.04114
66,01/03/2025 01:40:02,15.18,10.91,9.14,15.12,102.066,36250.9,45742.0,28.91,101.325,129.70,0.04020
67,01/03/2025 01:50:02,15.20,10.88,9.12,15.15,102.097,36251.6,45710.3,28.89,101.325,129.32,0.04325
68,01/03/2025 02:00:02,15.23,10.86,9.10,15.17,102.107,36239.1,45662.0,28.86,101.325,129.11,0.04431
69,01/03/2025 02:10:02,15.25,10.83,9.08,15.20,102.118,36251.1,45648.3,28.86,101.325,128.86,0.04535
70,01/03/2025 02:20:02,15.28,10.82,9.07,15.22,102.128,36291.1,45677.1,28.88,101.325,128.86,0.04639
71,01/03/2025 02:30:02,15.31,10.81,9.06,15.23,102.109,36277.7,45638.6,28.85,101.325,128.71,0.04443
72,01/03/2025 02:40:02,15.32,10.78,9.04,15.25,102.099,36294.3,45637.8,28.85,101.325,128.44,0.04347
73,01/03/2025 02:50:02,15.35,10.73,9.00,15.27,102.109,36265.9,45580.5,28.82,101.325,127.89,0.04450
74,01/03/2025 03:00:02,15.36,10.70,8.97,15.28,102.080,36275.5,45578.2,28.82,101.325,127.55,0.04153
75,01/03/2025 03:10:02,15.38,10.67,8.95,15.29,102.080,36293.4,45590.0,28.83,101.325,127.29,0.04155
76,01/03/2025 03:20:02,15.40,10.67,8.95,15.30,102.070,36293.4,45575.6,28.82,101.325,127.32,0.04058
77,01/03/2025 03:30:02,15.41,10.65,8.93,15.31,102.080,36320.0,45601.8,28.84,101.325,127.11,0.04159
78,01/03/2025 03:40:02,15.42,10.62,8.90,15.31,102.080,36308.9,45584.3,28.82,101.325,126.73,0.04159
79,01/03/2025 03:50:02,15.43,10.62,8.91,15.32,102.110,36316.6,45586.8,28.83,101.325,126.81,0.04460
80,01/03/2025 04:00:02,15.43,10.61,8.90,15.32,102.110,36324.6,45589.7,28.83,101.325,126.72,0.04461
81,01/03/2025 04:10:02,15.45,10.61,8.90,15.33,102.121,36354.1,45619.4,28.85,101.325,126.74,0.04563
82,01/03/2025 04:20:02,15.45,10.62,8.91,15.33,102.101,36336.9,45594.4,28.83,101.325,126.86,0.04363
83,01/03/2025 04:30:02,15.46,10.62,8.91,15.34,102.091,36329.0,45570.0,28.82,101.325,126.86,0.04266
84,01/03/2025 04:40:02,15.47,10.64,8.93,15.35,102.081,36341.3,45578.3,28.82,101.325,127.15,0.04167
85,01/03/2025 04:50:02,15.47,10.67,8.94,15.35,102.081,36344.0,45581.8,28.83,101.325,127.42,0.04167
86,01/03/2025 05:00:02,15.48,10.66,8.94,15.36,102.111,36317.1,45540.8,28.80,101.325,127.37,0.04468
87,01/03/2025 05:10:02,15.48,10.70,8.97,15.36,102.081,36329.2,45545.2,28.80,101.325,127.80,0.04171
88,01/03/2025 05:20:02,15.48,10.70,8.98,15.36,102.101,36335.6,45553.3,28.81,101.325,127.89,0.04370
89,01/03/2025 05:30:02,15.48,10.72,8.99,15.37,102.071,36343.8,45556.4,28.81,101.325,128.04,0.04072
90,01/03/2025 05:40:02,15.49,10.72,8.99,15.37,102.122,36333.5,45540.0,28.80,101.325,128.09,0.04572
91,01/03/2025 05:50:02,15.50,10.71,8.99,15.37,102.112,36315.5,45517.4,28.78,101.325,128.03,0.04472
92,01/03/2025 06:00:02,15.49,10.71,8.98,15.38,102.122,36340.9,45545.6,28.80,101.325,128.03,0.04573
93,01/03/2025 06:10:02,15.50,10.71,8.99,15.38,102.132,36335.8,45532.1,28.79,101.325,128.05,0.04674
94,01/03/2025 06:20:02,15.50,10.72,9.00,15.37,102.122,36315.1,45516.9,28.78,101.325,128.15,0.04572
95,01/03/2025 06:30:02,15.50,10.74,9.01,15.38,102.102,36281.9,45464.5,28.75,101.325,128.30,0.04374
96,01/03/2025 06:40:02,15.50,10.71,8.99,15.38,102.112,36262.7,45444.1,28.73,101.325,128.00,0.04473
97,01/03/2025 06:50:02,15.50,10.71,8.99,15.39,102.102,36259.3,45432.7,28.73,101.325,127.98,0.04375
98,01/03/2025 07:00:02,15.51,10.69,8.97,15.39,102.112,36273.5,45446.8,28.74,101.325,127.76,0.04475
99,01/03/2025 07:10:02,15.51,10.68,8.96,15.38,102.092,36288.9,45473.4,28.75,101.325,127.68,0.04274
100,01/03/2025 07:20:02,15.51,10.69,8.97,15.39,102.102,36286.2,45462.8,28.75,101.325,127.80,0.04375
101,01/03/2025 07:30:02,15.51,10.68,8.96,15.39,102.122,36273.7,45443.6,28.73,101.325,127.62,0.04576
102,01/03/2025 07:40:02,15.50,10.69,8.97,15.39,102.132,36276.9,45447.5,28.74,101.325,127.69,0.04676
103,01/03/2025 07:50:02,15.51,10.68,8.96,15.39,102.122,36283.7,45456.1,28.74,101.325,127.58,0.04576
104,01/03/2025 08:00:02,15.51,10.69,8.97,15.39,102.122,36266.6,45431.1,28.73,101.325,127.78,0.04576
105,01/03/2025 08:10:02,15.52,10.66,8.95,15.40,102.152,36278.7,45442.6,28.73,101.325,127.45,0.04876
106,01/03/2025 08:20:02,15.52,10.65,8.94,15.40,102.122,36263.2,45416.2,28.72,101.325,127.33,0.04578
107,01/03/2025 08:30:02,15.52,10.80,8.97,15.41,102.112,38120.6,47738.6,30.35,101.325,130.38,0.04479
108,01/03/2025 08:40:02,15.53,10.79,8.97,15.42,102.072,38120.0,47726.7,30.34,101.325,130.31,0.04081
109,01/03/2025 08:50:02,15.53,10.80,8.98,15.42,102.112,38089.7,47688.7,30.32,101.325,130.37,0.04481
110,01/03/2025 09:00:02,15.53,10.75,8.93,15.41,102.152,38111.4,47723.3,30.34,101.325,129.79,0.04879
111,01/03/2025 09:10:02,15.53,10.75,8.94,15.42,102.122,38086.4,47684.6,30.31,101.325,129.79,0.04581
112,01/03/2025 09:20:02,15.53,10.70,8.89,15.42,102.143,38097.7,47694.9,30.32,101.325,129.20,0.04781
113,01/03/2025 09:30:02,15.54,10.70,8.89,15.42,102.123,38111.6,47704.9,30.33,101.325,129.18,0.04582
114,01/03/2025 09:40:02,15.54,10.68,8.88,15.43,102.123,38097.9,47676.5,30.31,101.325,128.99,0.04584
115,01/03/2025 09:50:02,15.54,10.66,8.86,15.44,102.103,38119.6,47688.7,30.32,101.325,128.75,0.04387
116,01/03/2025 10:00:02,15.56,10.66,8.86,15.45,102.103,38106.2,47660.7,30.30,101.325,128.77,0.04389
117,01/03/2025 10:10:02,15.59,10.73,8.92,15.46,102.053,38152.9,47707.8,30.34,101.325,129.74,0.03892
118,01/03/2025 10:20:02,15.59,10.70,8.89,15.46,102.073,38139.4,47691.0,30.33,101.325,129.28,0.04091
119,01/03/2025 10:30:02,15.59,10.67,8.86,15.47,102.023,38117.0,47648.1,30.30,101.325,128.87,0.03594
120,01/03/2025 10:40:02,15.59,10.66,8.86,15.48,102.003,38158.6,47688.8,30.33,101.325,128.81,0.03397
121,01/03/2025 10:50:02,15.60,10.66,8.86,15.50,101.984,38142.0,47653.1,30.30,101.325,128.80,0.03199
122,01/03/2025 11:00:02,15.60,10.67,8.86,15.50,101.994,38422.4,47996.0,30.55,101.325,129.16,0.03300
123,01/03/2025 11:10:02,15.63,10.69,8.84,15.51,101.753,39087.9,48812.0,31.13,101.325,129.94,0.00906
124,01/03/2025 11:20:02,15.65,10.66,8.82,15.51,101.723,39059.1,48776.0,31.10,101.325,129.67,0.00607
125,01/03/2025 11:30:02,15.66,10.65,8.80,15.52,101.703,39093.6,48815.3,31.13,101.325,129.48,0.00408
126,01/03/2025 11:40:02,15.65,10.64,8.80,15.52,101.673,39110.8,48829.1,31.14,101.325,129.43,0.00109
127,01/03/2025 11:50:02,15.66,10.60,8.77,15.53,101.683,39093.5,48792.3,31.11,101.325,128.94,0.00212
128,01/03/2025 12:00:02,15.67,10.58,8.75,15.55,101.653,39113.6,48802.2,31.12,101.325,128.66,-0.00085
129,01/03/2025 12:10:02,15.68,10.55,8.73,15.56,101.654,39122.3,48793.9,31.12,101.325,128.34,-0.00082
130,01/03/2025 12:20:02,15.68,10.49,8.68,15.58,101.624,39119.4,48771.2,31.10,101.325,127.67,-0.00379
131,01/03/2025 12:30:02,15.70,10.47,8.66,15.59,101.634,39159.8,48802.6,31.13,101.325,127.46,-0.00276
132,01/03/2025 12:40:02,15.72,10.46,8.65,15.61,101.705,39148.4,48769.3,31.11,101.325,127.36,0.00426
133,01/03/2025 12:50:02,15.73,10.46,8.65,15.63,101.665,39180.1,48782.2,31.12,101.325,127.39,0.00031
134,01/03/2025 13:00:02,15.75,10.44,8.64,15.64,101.645,39197.5,48781.0,31.12,101.325,127.20,-0.00165
135,01/03/2025 13:10:02,15.79,10.46,8.65,15.69,101.636,39223.7,48760.4,31.11,101.325,127.54,-0.00256
136,01/03/2025 13:20:02,15.81,10.45,8.65,15.69,101.636,39229.5,48763.8,31.11,101.325,127.47,-0.00255
137,01/03/2025 13:30:02,15.82,10.44,8.64,15.69,101.626,39223.7,48756.5,31.11,101.325,127.34,-0.00355
138,01/03/2025 13:40:02,15.82,10.42,8.62,15.70,101.636,39238.2,48766.9,31.11,101.325,127.07,-0.00254
139,01/03/2025 13:50:02,15.82,10.41,8.61,15.70,101.637,39229.4,48752.3,31.10,101.325,126.96,-0.00254
140,01/03/2025 14:00:02,15.83,10.39,8.59,15.72,101.506,39215.1,48711.7,31.08,101.325,126.71,-0.01548
141,01/03/2025 14:10:02,15.79,10.39,8.60,15.60,101.323,39061.8,48668.9,31.03,101.325,126.63,-0.03369
142,01/03/2025 14:20:02,15.68,10.35,8.57,15.53,101.523,38986.8,48670.5,31.03,101.325,125.85,-0.01388
143,01/03/2025 14:30:02,15.49,10.29,8.51,15.33,101.518,38852.2,48750.5,31.06,101.325,124.65,-0.01428
144,01/03/2025 14:40:02,15.16,10.28,8.50,14.97,101.461,38518.2,48800.0,31.05,101.325,123.76,-0.02002
145,01/03/2025 14:50:02,14.84,10.21,8.43,14.62,101.263,38236.9,48898.7,31.08,101.325,122.10,-0.03970
146,01/03/2025 15:00:02,14.38,10.17,8.39,14.30,101.266,38063.9,49099.9,31.18,101.325,120.60,-0.03935
147,01/03/2025 15:10:02,13.98,10.18,8.39,13.93,101.269,37752.1,49185.0,31.19,101.325,119.69,-0.03909
148,01/03/2025 15:20:02,13.59,10.17,8.38,13.56,101.292,37452.0,49287.9,31.21,101.325,118.74,-0.03683
149,01/03/2025 15:30:02,13.23,10.20,8.40,13.22,101.235,37156.2,49366.3,31.21,101.325,118.17,-0.04251
150,01/03/2025 15:40:02,13.12,10.26,8.45,12.97,101.230,36909.3,49390.9,31.19,101.325,118.60,-0.04301
151,01/03/2025 15:50:02,13.07,10.25,8.44,12.93,101.219,36868.3,49390.4,31.19,101.325,118.35,-0.04409
152,01/03/2025 16:00:02,13.06,10.24,8.43,12.89,101.238,36829.3,49388.5,31.18,101.325,118.14,-0.04216
153,01/03/2025 16:10:02,13.03,10.25,8.44,12.86,101.248,36807.4,49396.9,31.18,101.325,118.24,-0.04122
154,01/03/2025 16:20:02,13.01,10.24,8.43,12.86,101.248,36810.9,49409.9,31.19,101.325,118.11,-0.04123
155,01/03/2025 16:30:02,13.00,10.23,8.42,12.86,101.268,36805.6,49402.7,31.18,101.325,117.89,-0.03924
156,01/03/2025 16:40:02,13.01,10.19,8.39,12.86,101.278,36818.3,49415.6,31.19,101.325,117.53,-0.03823
157,01/03/2025 16:50:02,13.00,10.20,8.40,12.87,101.278,36826.0,49417.6,31.20,101.325,117.58,-0.03822
158,01/03/2025 17:00:02,13.01,10.19,8.39,12.88,101.288,36809.4,49382.8,31.17,101.325,117.50,-0.03720
159,01/03/2025 17:10:02,13.02,10.20,8.40,12.89,101.278,36831.4,49395.4,31.18,101.325,117.60,-0.03818
160,01/03/2025 17:20:02,13.03,10.18,8.38,12.90,101.299,36883.3,49444.0,31.22,101.325,117.44,-0.03615
161,01/03/2025 17:30:02,13.04,10.18,8.38,12.92,101.289,36893.5,49436.8,31.22,101.325,117.52,-0.03712
162,01/03/2025 17:40:02,13.05,10.19,8.39,12.93,101.319,36885.3,49404.9,31.20,101.325,117.60,-0.03410
163,01/03/2025 17:50:02,13.07,10.18,8.38,12.95,101.330,36932.6,49443.0,31.23,101.325,117.56,-0.03306
164,01/03/2025 18:00:02,13.08,10.17,8.38,12.97,101.320,36947.8,49438.3,31.23,101.325,117.51,-0.03403
165,01/03/2025 18:10:02,13.10,10.16,8.37,12.99,101.320,36961.2,49431.1,31.22,101.325,117.41,-0.03399
166,01/03/2025 18:20:02,13.11,10.17,8.37,13.01,101.321,36954.1,49396.5,31.20,101.325,117.48,-0.03395
167,01/03/2025 18:30:02,13.12,10.15,8.36,13.03,101.331,36990.0,49415.2,31.22,101.325,117.37,-0.03292
168,01/03/2025 18:40:02,13.14,10.15,8.35,13.05,101.312,37021.6,49428.2,31.23,101.325,117.32,-0.03487
169,01/03/2025 18:50:02,13.16,10.14,8.35,13.07,101.322,37031.7,49416.7,31.22,101.325,117.27,-0.03384
170,01/03/2025 19:00:02,13.17,10.13,8.34,13.08,101.282,37055.7,49423.7,31.23,101.325,117.18,-0.03779
171,01/03/2025 19:10:02,13.19,10.12,8.33,13.10,101.303,37076.8,49426.8,31.24,101.325,117.16,-0.03576
172,01/03/2025 19:20:02,13.21,10.12,8.33,13.12,101.313,37097.6,49433.7,31.24,101.325,117.16,-0.03473
173,01/03/2025 19:30:02,13.22,10.12,8.33,13.13,101.313,37110.8,49426.4,31.24,101.325,117.19,-0.03470
174,01/03/2025 19:40:02,13.23,10.11,8.33,13.15,101.284,37150.0,49453.6,31.26,101.325,117.22,-0.03765
175,01/03/2025 19:50:02,13.26,10.10,8.31,13.17,101.294,37152.7,49432.2,31.25,101.325,117.06,-0.03662
176,01/03/2025 20:00:02,13.27,10.08,8.30,13.19,101.284,37155.5,49406.8,31.24,101.325,116.92,-0.03758
177,01/03/2025 20:10:02,13.29,10.08,8.30,13.21,101.275,37187.5,49424.5,31.25,101.325,116.99,-0.03854
178,01/03/2025 20:20:02,13.30,10.05,8.27,13.23,101.285,37219.1,49437.4,31.26,101.325,116.61,-0.03750
179,01/03/2025 20:30:02,13.32,10.03,8.26,13.25,101.265,37227.0,49427.2,31.26,101.325,116.43,-0.03946
180,01/03/2025 20:40:02,13.33,10.01,8.24,13.26,101.266,37218.8,49403.8,31.24,101.325,116.22,-0.03945
181,01/03/2025 20:50:02,13.34,9.99,8.23,13.26,101.246,37224.2,49402.8,31.24,101.325,116.06,-0.04143
182,01/03/2025 21:00:02,13.35,9.95,8.20,13.27,101.226,37200.5,49363.0,31.22,101.325,115.57,-0.04341
183,01/03/2025 21:10:02,13.35,9.86,8.12,13.27,101.206,37245.6,49414.6,31.25,101.325,114.59,-0.04540
184,01/03/2025 21:20:02,13.36,9.78,8.05,13.28,101.226,37221.7,49378.7,31.23,101.325,113.61,-0.04340
185,01/03/2025 21:30:02,13.37,9.68,7.98,13.28,101.206,37195.1,49343.3,31.20,101.325,112.50,-0.04539
186,01/03/2025 21:40:02,13.37,9.65,7.94,13.28,101.196,37245.8,49410.6,31.25,101.325,112.09,-0.04639
187,01/03/2025 21:50:02,13.37,9.59,7.90,13.28,101.186,37221.4,49378.3,31.23,101.325,111.42,-0.04739
188,01/03/2025 22:00:02,13.37,9.58,7.89,13.27,101.176,37234.9,49400.4,31.24,101.325,111.38,-0.04839
189,01/03/2025 22:10:02,13.37,9.57,7.88,13.27,101.175,37238.0,49412.8,31.25,101.325,111.25,-0.04841
190,01/03/2025 22:20:02,13.38,9.66,7.96,13.26,101.175,37188.5,49351.1,31.21,101.325,112.28,-0.04841
191,01/03/2025 22:30:02,13.39,9.65,7.95,13.27,101.175,37211.7,49377.8,31.23,101.325,112.22,-0.04841
192,01/03/2025 22:40:02,13.40,9.59,7.90,13.27,101.135,37230.3,49398.4,31.24,101.325,111.47,-0.05239
193,01/03/2025 22:50:02,13.39,9.58,7.89,13.27,101.135,37193.6,49349.6,31.21,101.325,111.37,-0.05239
194,01/03/2025 23:00:02,13.39,9.53,7.85,13.27,101.135,37191.4,49342.6,31.20,101.325,110.75,-0.05239
195,01/03/2025 23:10:02,13.40,9.49,7.82,13.28,101.125,37202.1,49352.7,31.21,101.325,110.37,-0.05338
196,01/03/2025 23:20:02,13.40,9.48,7.81,13.28,101.105,37206.7,49358.8,31.22,101.325,110.26,-0.05537
197,01/03/2025 23:30:02,13.41,9.47,7.80,13.28,101.105,37185.3,49326.3,31.19,101.325,110.15,-0.05537
198,01/03/2025 23:40:02,13.40,9.48,7.81,13.28,101.075,37193.6,49333.1,31.20,101.325,110.14,-0.05836
199,01/03/2025 23:50:02,13.41,9.47,7.80,13.29,101.025,37209.0,49349.5,31.21,101.325,110.07,-0.06334
200,01/04/2025 00:00:02,13.41,9.47,7.80,13.29,101.035,37230.1,49373.3,31.23,101.325,110.15,-0.06234
201,01/04/2025 00:10:02,13.41,9.47,7.80,13.29,101.035,37224.5,49361.8,31.22,101.325,110.13,-0.06233
202,01/04/2025 00:20:02,13.41,9.47,7.80,13.29,101.005,37235.2,49376.0,31.23,101.325,110.13,-0.06532
203,01/04/2025 00:30:02,13.42,9.46,7.79,13.29,100.995,37219.3,49354.8,31.21,101.325,110.04,-0.06632
204,01/04/2025 00:40:02,13.42,9.42,7.76,13.29,101.005,37219.4,49359.1,31.22,101.325,109.60,-0.06533
205,01/04/2025 00:50:02,13.42,9.38,7.73,13.29,101.015,37152.3,49274.3,31.16,101.325,109.00,-0.06434
206,01/04/2025 01:00:02,13.42,9.31,7.67,13.28,101.015,37165.8,49296.2,31.17,101.325,108.30,-0.06434
207,01/04/2025 01:10:02,13.41,9.23,7.61,13.28,100.985,37168.4,49303.8,31.18,101.325,107.34,-0.06734
208,01/04/2025 01:20:02,13.42,9.14,7.53,13.28,101.015,37169.0,49308.8,31.18,101.325,106.27,-0.06436
209,01/04/2025 01:30:02,13.41,9.04,7.45,13.27,101.015,37171.3,49320.2,31.19,101.325,105.15,-0.06437
210,01/04/2025 01:40:02,13.40,8.97,7.39,13.27,101.005,37174.8,49328.9,31.19,101.325,104.22,-0.06537
211,01/04/2025 01:50:02,13.39,8.96,7.38,13.26,101.035,37143.0,49294.9,31.17,101.325,104.15,-0.06239
212,01/04/2025 02:00:02,13.39,9.20,7.58,13.25,101.045,37152.5,49319.9,31.18,101.325,106.90,-0.06141
213,01/04/2025 02:10:02,13.39,9.36,7.71,13.24,101.045,37132.5,49305.8,31.17,101.325,108.80,-0.06143
214,01/04/2025 02:20:02,13.37,9.50,7.82,13.23,101.044,37131.7,49317.1,31.18,101.325,110.31,-0.06144
215,01/04/2025 02:30:02,13.36,9.67,7.97,13.22,101.054,37140.0,49344.8,31.20,101.325,112.31,-0.06047
216,01/04/2025 02:40:02,13.35,9.73,8.01,13.21,101.054,37132.2,49350.9,31.20,101.325,112.96,-0.06049
217,01/04/2025 02:50:02,13.34,9.79,8.06,13.20,101.034,37124.8,49353.6,31.20,101.325,113.62,-0.06251
218,01/04/2025 03:00:02,13.33,9.78,8.06,13.19,101.074,37096.0,49336.0,31.19,101.325,113.53,-0.05855
219,01/04/2025 03:10:02,13.31,9.78,8.05,13.17,101.053,37095.5,49351.9,31.20,101.325,113.44,-0.06057
220,01/04/2025 03:20:02,13.30,9.79,8.06,13.16,101.043,37092.9,49369.2,31.21,101.325,113.52,-0.06159
221,01/04/2025 03:30:02,13.28,9.79,8.06,13.14,101.033,37066.8,49355.2,31.19,101.325,113.54,-0.06262
222,01/04/2025 03:40:02,13.26,9.79,8.07,13.13,101.042,37032.5,49330.3,31.17,101.325,113.51,-0.06165
223,01/04/2025 03:50:02,13.25,9.79,8.06,13.11,101.052,37047.5,49371.1,31.20,101.325,113.41,-0.06068
224,01/04/2025 04:00:02,13.24,9.76,8.04,13.10,101.062,37049.9,49399.3,31.22,101.325,113.14,-0.05972
225,01/04/2025 04:10:02,13.21,9.76,8.04,13.08,101.071,37017.9,49381.6,31.20,101.325,113.07,-0.05876
226,01/04/2025 04:20:02,13.19,9.77,8.05,13.06,101.061,37017.4,49406.0,31.22,101.325,113.15,-0.05979
227,01/04/2025 04:30:02,13.19,9.75,8.03,13.04,101.051,36976.3,49376.0,31.19,101.325,112.89,-0.06083
228,01/04/2025 04:40:02,13.16,9.76,8.03,13.02,101.080,36991.5,49421.5,31.22,101.325,112.87,-0.05787
229,01/04/2025 04:50:02,13.14,9.74,8.02,13.00,101.090,36959.8,49408.3,31.21,101.325,112.66,-0.05691
230,01/04/2025 05:00:02,13.13,9.75,8.03,12.98,101.090,36952.0,49422.9,31.22,101.325,112.71,-0.05695
231,01/04/2025 05:10:02,13.11,9.74,8.02,12.96,101.109,36941.4,49438.1,31.22,101.325,112.55,-0.05500
232,01/04/2025 05:20:02,13.08,9.74,8.02,12.94,101.109,36920.8,49439.9,31.22,101.325,112.50,-0.05504
233,01/04/2025 05:30:02,13.06,9.73,8.01,12.92,101.128,36912.5,49458.1,31.23,101.325,112.33,-0.05308
234,01/04/2025 05:40:02,13.04,9.74,8.02,12.90,101.138,36881.2,49445.5,31.22,101.325,112.36,-0.05213
235,01/04/2025 05:50:02,13.02,9.74,8.02,12.88,101.138,36857.4,49442.9,31.21,101.325,112.31,-0.05217
236,01/04/2025 06:00:02,13.00,9.74,8.02,12.85,101.137,36839.1,49452.0,31.22,101.325,112.32,-0.05221
237,01/04/2025 06:10:02,12.97,9.71,7.99,12.83,101.157,36815.5,49449.7,31.21,101.325,111.89,-0.05026
238,01/04/2025 06:20:02,12.95,9.72,8.00,12.81,101.156,36823.8,49494.5,31.24,101.325,111.94,-0.05031
239,01/04/2025 06:30:02,12.92,9.72,8.00,12.79,101.166,36796.7,49491.8,31.23,101.325,111.90,-0.04936
240,01/04/2025 06:40:02,12.91,9.73,8.01,12.76,101.185,36771.1,49495.3,31.23,101.325,111.96,-0.04742
241,01/04/2025 06:50:02,12.88,9.73,8.00,12.74,101.205,36765.6,49513.2,31.24,101.325,111.87,-0.04546
242,01/04/2025 07:00:02,12.87,9.72,8.00,12.72,101.185,36734.7,49497.0,31.23,101.325,111.76,-0.04749
243,01/04/2025 07:10:02,12.85,9.72,8.00,12.71,101.184,36716.7,49489.6,31.22,101.325,111.73,-0.04751
244,01/04/2025 07:20:02,12.84,9.74,8.01,12.70,101.194,36713.6,49498.1,31.23,101.325,111.89,-0.04653
245,01/04/2025 07:30:02,12.83,9.73,8.00,12.69,101.204,36746.8,49555.6,31.27,101.325,111.82,-0.04555
246,01/04/2025 07:40:02,12.82,9.73,8.01,12.68,101.204,36708.1,49516.0,31.24,101.325,111.82,-0.04557
247,01/04/2025 07:50:02,12.81,9.72,8.00,12.67,101.224,36702.0,49520.5,31.24,101.325,111.64,-0.04359
248,01/04/2025 08:00:02,12.81,9.71,7.99,12.66,101.204,36705.1,49537.4,31.25,101.325,111.54,-0.04560
249,01/04/2025 08:10:02,12.79,9.72,8.00,12.66,101.193,36694.6,49536.0,31.25,101.325,111.59,-0.04662
250,01/04/2025 08:20:02,12.78,9.71,7.99,12.65,101.213,36661.1,49503.4,31.22,101.325,111.44,-0.04464
251,01/04/2025 08:30:02,12.78,9.68,7.96,12.64,101.213,36687.9,49543.9,31.25,101.325,111.07,-0.04465
252,01/04/2025 08:40:02,12.78,9.61,7.91,12.64,101.213,36665.2,49517.5,31.23,101.325,110.36,-0.04465
253,01/04/2025 08:50:02,12.78,9.61,7.91,12.64,101.193,36707.1,49574.0,31.27,101.325,110.34,-0.04665
254,01/04/2025 09:00:02,12.78,9.60,7.90,12.64,101.203,36679.5,49536.7,31.24,101.325,110.21,-0.04565
255,01/04/2025 09:10:02,12.77,9.60,7.90,12.64,101.193,36684.8,49543.9,31.25,101.325,110.25,-0.04665
256,01/04/2025 09:20:02,12.76,9.56,7.87,12.63,101.223,36651.6,49516.1,31.23,101.325,109.68,-0.04368
257,01/04/2025 09:30:02,12.76,9.53,7.84,12.61,101.233,36663.5,49553.3,31.25,101.325,109.30,-0.04271
258,01/04/2025 09:40:02,12.75,9.47,7.79,12.61,101.223,36659.9,49557.0,31.25,101.325,108.60,-0.04372
259,01/04/2025 09:50:02,12.74,9.44,7.77,12.60,101.232,36630.6,49525.8,31.23,101.325,108.26,-0.04273
260,01/04/2025 10:00:02,12.73,9.46,7.78,12.59,101.242,36657.6,49575.0,31.26,101.325,108.47,-0.04175
261,01/04/2025 10:10:02,12.73,9.47,7.79,12.59,101.222,36675.5,49603.6,31.28,101.325,108.63,-0.04376
262,01/04/2025 10:20:02,12.73,9.46,7.78,12.59,101.192,36658.2,49584.3,31.27,101.325,108.44,-0.04676
263,01/04/2025 10:30:02,12.73,9.46,7.78,12.59,101.202,36654.6,49579.5,31.27,101.325,108.46,-0.04576
264,01/04/2025 10:40:02,12.73,9.45,7.77,12.59,101.182,36631.7,49544.4,31.24,101.325,108.33,-0.04775
265,01/04/2025 10:50:02,12.73,9.44,7.76,12.59,101.162,36655.2,49571.8,31.26,101.325,108.25,-0.04974
266,01/04/2025 11:00:02,12.73,9.44,7.76,12.60,101.182,36679.1,49599.9,31.28,101.325,108.26,-0.04774
267,01/04/2025 11:10:02,12.72,9.43,7.76,12.59,101.142,36659.9,49578.2,31.27,101.325,108.19,-0.05173
268,01/04/2025 11:20:02,12.73,9.33,7.68,12.59,101.152,36658.2,49575.8,31.26,101.325,107.02,-0.05074
269,01/04/2025 11:30:02,12.72,9.25,7.61,12.59,101.132,36653.0,49568.9,31.26,101.325,106.03,-0.05273
270,01/04/2025 11:40:02,12.73,9.14,7.52,12.59,101.092,36660.5,49579.0,31.27,101.325,104.81,-0.05672
271,01/04/2025 11:50:02,12.73,9.02,7.42,12.59,101.122,36663.3,49582.8,31.27,101.325,103.41,-0.05373
272,01/04/2025 12:00:02,12.72,8.88,7.31,12.59,101.112,36648.1,49562.2,31.25,101.325,101.85,-0.05473
273,01/04/2025 12:10:02,12.72,8.68,7.14,12.59,101.092,36651.3,49570.7,31.26,101.325,99.50,-0.05673
274,01/04/2025 12:20:02,12.72,8.48,6.97,12.59,101.082,36624.5,49538.8,31.24,101.325,97.19,-0.05773
275,01/04/2025 12:30:02,12.72,8.40,6.91,12.58,101.102,36622.9,49540.9,31.24,101.325,96.36,-0.05574
276,01/04/2025 12:40:02,12.71,8.45,6.96,12.58,101.132,36607.6,49528.6,31.23,101.325,96.89,-0.05276
277,01/04/2025 12:50:02,12.70,8.53,7.02,12.57,101.091,36595.0,49520.2,31.22,101.325,97.77,-0.05676
278,01/04/2025 13:00:02,12.70,8.59,7.07,12.57,101.101,36619.8,49562.2,31.25,101.325,98.44,-0.05578
279,01/04/2025 13:10:02,12.70,8.56,7.04,12.57,101.081,36629.6,49575.5,31.26,101.325,98.05,-0.05777
280,01/04/2025 13:20:02,12.70,8.46,6.96,12.56,101.071,36607.4,49549.7,31.24,101.325,96.95,-0.05878
281,01/04/2025 13:30:02,12.69,8.47,6.96,12.55,101.101,36606.2,49560.8,31.25,101.325,97.00,-0.05580
282,01/04/2025 13:40:02,12.68,8.62,7.09,12.55,101.091,36602.5,49564.3,31.25,101.325,98.72,-0.05681
283,01/04/2025 13:50:02,12.67,8.53,7.02,12.54,101.111,36613.8,49583.9,31.26,101.325,97.72,-0.05482
284,01/04/2025 14:00:02,12.68,8.46,6.96,12.55,101.131,36633.5,49606.4,31.28,101.325,96.91,-0.05282
285,01/04/2025 14:10:02,12.67,8.40,6.91,12.55,101.111,36635.3,49600.2,31.27,101.325,96.20,-0.05480
286,01/04/2025 14:20:02,12.69,8.34,6.86,12.57,101.131,36620.1,49562.7,31.25,101.325,95.56,-0.05278
287,01/04/2025 14:30:02,12.70,8.26,6.79,12.58,101.122,36653.4,49582.2,31.27,101.325,94.68,-0.05375
288,01/04/2025 14:40:02,12.71,8.18,6.73,12.60,101.112,36681.5,49598.9,31.28,101.325,93.80,-0.05472
289,01/04/2025 14:50:02,12.70,8.10,6.66,12.61,101.172,36684.6,49586.1,31.27,101.325,92.89,-0.04870
290,01/04/2025 15:00:02,12.72,7.83,6.44,12.62,101.183,36689.8,49576.1,31.27,101.325,89.80,-0.04768
291,01/04/2025 15:10:02,12.73,7.96,6.55,12.63,101.223,36696.8,49572.9,31.27,101.325,91.33,-0.04367
