Date Time,DO conc (mg/L)  #21984863,Temp (°C)  #21984863,DO Adj Conc (mg/L) c:1 2,DO Percent Sat (%),Salinity (ppt)
05/15/24 16:30:00.0,10.95,16.24,8.92,109.0,30.0707
05/15/24 16:40:00.0,10.30,13.08,8.27,95.8,31.5961
05/15/24 16:50:00.0,10.48,11.94,8.41,95.0,31.4302
05/15/24 17:00:00.0,10.91,11.78,8.74,98.5,31.6985
05/15/24 17:10:00.0,10.72,11.98,8.59,97.2,31.6569
05/15/24 17:20:00.0,10.88,12.24,8.73,99.3,31.4768
05/15/24 17:30:00.0,10.83,12.50,8.70,99.4,31.4151
05/15/24 17:40:00.0,10.71,12.26,8.59,97.8,31.5331
05/15/24 17:50:00.0,10.52,12.04,8.43,95.5,31.6427
05/15/24 18:00:00.0,10.63,12.02,8.52,96.5,31.5536
05/15/24 18:10:00.0,10.63,11.98,8.52,96.4,31.6187
05/15/24 18:20:00.0,10.62,12.34,8.53,97.1,31.4609
05/15/24 18:30:00.0,10.69,12.12,8.57,97.3,31.5587
05/15/24 18:40:00.0,10.30,12.78,8.28,95.1,31.4602
05/15/24 18:50:00.0,10.87,12.96,8.76,100.8,31.1153
05/15/24 19:00:00.0,10.27,12.32,8.24,93.9,31.5582
05/15/24 19:10:00.0,10.59,11.62,8.48,95.3,31.7535
05/15/24 19:20:00.0,10.54,11.62,8.44,94.8,31.6862
05/15/24 19:30:00.0,10.48,11.56,8.39,94.2,31.7765
05/15/24 19:40:00.0,10.87,12.02,8.72,98.7,31.5157
05/15/24 19:50:00.0,10.79,12.20,8.66,98.4,31.4693
05/15/24 20:00:00.0,10.83,12.32,8.70,99.0,31.4398
05/15/24 20:10:00.0,10.63,12.70,8.55,98.0,31.2966
05/15/24 20:20:00.0,10.58,12.50,8.50,97.1,31.4036
05/15/24 20:30:00.0,10.78,12.74,8.67,99.5,31.3240
05/15/24 20:40:00.0,10.78,12.86,8.67,99.8,31.2592
05/15/24 20:50:00.0,10.59,12.78,8.51,97.8,31.4294
05/15/24 21:00:00.0,10.28,12.24,8.25,93.8,31.5683
05/15/24 21:10:00.0,10.09,11.96,8.09,91.5,31.6360
05/15/24 21:20:00.0,10.09,11.88,8.09,91.3,31.6619
05/15/24 21:30:00.0,10.23,11.96,8.20,92.8,31.6092
05/15/24 21:40:00.0,10.44,12.40,8.39,95.6,31.4362
05/15/24 21:50:00.0,10.53,12.58,8.46,96.8,31.3879
05/15/24 22:00:00.0,10.44,12.84,8.40,96.6,31.2842
05/15/24 22:10:00.0,10.40,12.80,8.37,96.1,31.2539
05/15/24 22:20:00.0,10.17,12.50,8.17,93.4,31.4015
05/15/24 22:30:00.0,10.23,12.14,8.21,93.1,31.4595
05/15/24 22:40:00.0,10.01,12.00,8.03,90.9,31.4798
05/15/24 22:50:00.0,10.08,11.98,8.08,91.5,31.6003
05/15/24 23:00:00.0,10.16,12.06,8.16,92.3,31.4753
05/15/24 23:10:00.0,10.27,12.10,8.24,93.4,31.5683
05/15/24 23:20:00.0,10.09,12.36,8.10,92.3,31.4393
05/15/24 23:30:00.0,10.21,12.32,8.20,93.4,31.4865
05/15/24 23:40:00.0,9.99,12.22,8.02,91.1,31.5258
05/15/24 23:50:00.0,10.09,12.32,8.10,92.3,31.4994
05/16/24 00:00:00.0,10.26,12.40,8.24,94.0,31.4864
05/16/24 00:10:00.0,10.27,12.30,8.25,93.9,31.4834
05/16/24 00:20:00.0,10.35,12.28,8.31,94.6,31.4924
05/16/24 00:30:00.0,10.39,12.28,8.34,94.9,31.5152
05/16/24 00:40:00.0,10.44,12.40,8.39,95.6,31.4080
05/16/24 00:50:00.0,10.60,12.50,8.52,97.3,31.4433
05/16/24 01:00:00.0,10.25,12.32,8.23,93.7,31.5169
05/16/24 01:10:00.0,9.96,12.14,7.99,90.7,31.5452
05/16/24 01:20:00.0,10.30,12.24,8.27,94.0,31.5656
05/16/24 01:30:00.0,10.10,12.16,8.11,92.0,31.5549
05/16/24 01:40:00.0,10.26,12.12,8.24,93.4,31.3522
05/16/24 01:50:00.0,10.36,12.14,8.32,94.4,31.4362
05/16/24 02:00:00.0,10.38,12.32,8.34,94.9,31.4155
05/16/24 02:10:00.0,10.22,12.22,8.20,93.2,31.5578
05/16/24 02:20:00.0,10.20,12.48,8.20,93.6,31.4467
05/16/24 02:30:00.0,10.30,12.58,8.28,94.7,31.4412
05/16/24 02:40:00.0,10.46,12.48,8.40,96.0,31.4858
05/16/24 02:50:00.0,10.50,12.56,8.44,96.5,31.4570
05/16/24 03:00:00.0,10.49,12.54,8.43,96.4,31.4432
05/16/24 03:10:00.0,10.44,12.48,8.39,95.8,31.3844
05/16/24 03:20:00.0,10.31,12.44,8.28,94.5,31.4744
05/16/24 03:30:00.0,10.15,12.44,8.17,93.1,31.2549
05/16/24 03:40:00.0,10.25,12.42,8.24,94.0,31.4616
05/16/24 03:50:00.0,10.19,12.40,8.19,93.4,31.3698
05/16/24 04:00:00.0,10.03,12.42,8.06,91.9,31.4596
05/16/24 04:10:00.0,10.00,12.36,8.03,91.5,31.5159
05/16/24 04:20:00.0,9.89,12.38,7.95,90.6,31.4443
05/16/24 04:30:00.0,10.10,12.56,8.12,92.9,31.4150
05/16/24 04:40:00.0,9.82,12.38,7.89,89.9,31.5148
05/16/24 04:50:00.0,9.75,12.24,7.83,89.0,31.4842
05/16/24 05:00:00.0,9.61,12.22,7.71,87.7,31.5687
05/16/24 05:10:00.0,9.52,12.26,7.64,87.0,31.5276
05/16/24 05:20:00.0,9.66,12.24,7.76,88.2,31.5365
05/16/24 05:30:00.0,9.81,12.24,7.88,89.6,31.5455
05/16/24 05:40:00.0,10.05,12.26,8.07,91.8,31.5128
05/16/24 05:50:00.0,10.05,12.26,8.07,91.8,31.5218
05/16/24 06:00:00.0,10.10,12.52,8.12,92.8,31.4218
05/16/24 06:10:00.0,9.88,12.64,7.95,91.0,31.3869
05/16/24 06:20:00.0,9.71,12.52,7.80,89.2,31.4529
05/16/24 06:30:00.0,9.77,12.44,7.85,89.6,31.4918
05/16/24 06:40:00.0,9.52,12.32,7.65,87.1,31.5392
05/16/24 06:50:00.0,9.61,12.26,7.72,87.8,31.5116
05/16/24 07:00:00.0,10.38,12.26,8.34,94.8,31.4733
05/16/24 07:10:00.0,9.96,12.42,8.00,91.3,31.4635
05/16/24 07:20:00.0,9.81,12.32,7.89,89.7,31.3688
05/16/24 07:30:00.0,9.82,12.36,7.89,89.9,31.4757
05/16/24 07:40:00.0,9.70,12.36,7.79,88.8,31.4679
05/16/24 07:50:00.0,9.80,12.44,7.88,89.9,31.4385
05/16/24 08:00:00.0,10.06,12.56,8.09,92.5,31.3929
05/16/24 08:10:00.0,9.98,12.52,8.02,91.7,31.4458
05/16/24 08:20:00.0,9.67,12.40,7.77,88.6,31.3952
05/16/24 08:30:00.0,9.85,12.42,7.92,90.3,31.4354
05/16/24 08:40:00.0,9.85,12.48,7.92,90.4,31.4584
05/16/24 08:50:00.0,9.74,12.54,7.83,89.5,31.4183
05/16/24 09:00:00.0,9.59,12.48,7.71,88.1,31.3760
05/16/24 09:10:00.0,9.40,12.40,7.55,86.2,31.4821
05/16/24 09:20:00.0,9.36,12.32,7.52,85.6,31.4769
05/16/24 09:30:00.0,9.54,12.44,7.67,87.5,31.4450
05/16/24 09:40:00.0,9.59,12.50,7.71,88.1,31.4547
05/16/24 09:50:00.0,9.48,12.48,7.62,87.0,31.4321
05/16/24 10:00:00.0,9.30,12.46,7.48,85.4,31.4668
05/16/24 10:10:00.0,9.83,12.66,7.91,90.6,31.3610
05/16/24 10:20:00.0,9.80,12.72,7.89,90.5,31.3590
05/16/24 10:30:00.0,10.05,12.76,8.09,92.9,31.3268
05/16/24 10:40:00.0,9.61,12.58,7.73,88.4,31.4411
05/16/24 10:50:00.0,8.39,12.34,6.74,76.8,31.4712
05/16/24 11:00:00.0,8.07,12.20,6.48,73.6,31.5636
05/16/24 11:10:00.0,8.45,12.14,6.79,77.0,31.5529
05/16/24 11:20:00.0,8.12,12.20,6.52,74.1,31.5539
05/16/24 11:30:00.0,8.93,12.24,7.17,81.6,31.4848
05/16/24 11:40:00.0,9.85,12.56,7.92,90.6,31.3795
05/16/24 11:50:00.0,9.77,12.78,7.87,90.3,31.2900
05/16/24 12:00:00.0,10.17,13.14,8.20,94.8,31.1088
05/16/24 12:10:00.0,9.90,13.10,7.98,92.2,31.1519
05/16/24 12:20:00.0,9.71,12.92,7.82,90.1,31.2632
05/16/24 12:30:00.0,9.72,12.98,7.84,90.3,31.1286
05/16/24 12:40:00.0,9.68,12.80,7.80,89.5,31.2764
05/16/24 12:50:00.0,9.82,13.32,7.94,91.9,30.8205
05/16/24 13:00:00.0,9.49,13.26,7.65,88.7,31.1993
05/16/24 13:10:00.0,9.67,12.82,7.79,89.5,31.3286
05/16/24 13:20:00.0,5.87,12.54,4.72,54.0,31.4183
05/16/24 13:30:00.0,4.79,12.58,3.86,44.1,31.2975
05/16/24 13:40:00.0,7.26,12.50,5.84,66.7,31.4494
05/16/24 13:50:00.0,7.95,12.54,6.40,73.1,31.3820
05/16/24 14:00:00.0,9.00,12.94,7.25,83.5,31.2284
05/16/24 14:10:00.0,9.44,13.16,7.62,88.0,31.0143
05/16/24 14:20:00.0,9.21,12.92,7.42,85.4,31.2489
05/16/24 14:30:00.0,9.85,13.38,7.96,92.3,30.9143
05/16/24 14:40:00.0,9.86,13.60,7.97,92.9,30.8035
05/16/24 14:50:00.0,9.78,13.20,7.89,91.3,31.1058
05/16/24 15:00:00.0,9.88,13.16,7.97,92.1,31.0206
05/16/24 15:10:00.0,10.05,13.20,8.11,93.8,31.0545
05/16/24 15:20:00.0,9.97,13.16,8.05,93.0,30.9964
05/16/24 15:30:00.0,9.88,13.14,7.97,92.1,31.0774
05/16/24 15:40:00.0,9.86,13.16,7.96,92.0,31.0397
05/16/24 15:50:00.0,9.87,13.10,7.96,91.9,31.1014
05/16/24 16:00:00.0,9.69,12.90,7.81,89.9,31.2210
05/16/24 16:10:00.0,9.58,12.82,7.72,88.7,31.2978
05/16/24 16:20:00.0,9.48,12.68,7.63,87.5,31.3057
05/16/24 16:30:00.0,9.39,12.60,7.56,86.5,31.3725
05/16/24 16:40:00.0,9.52,12.54,7.66,87.6,31.3532
05/16/24 16:50:00.0,9.37,12.52,7.54,86.1,31.3901
05/16/24 17:00:00.0,9.55,12.52,7.68,87.8,31.4238
05/16/24 17:10:00.0,9.44,12.50,7.59,86.8,31.4081
05/16/24 17:20:00.0,9.26,12.58,7.45,85.3,31.3229
05/16/24 17:30:00.0,9.37,12.58,7.54,86.3,31.3986
05/16/24 17:40:00.0,9.27,12.50,7.46,85.2,31.4431
05/16/24 17:50:00.0,8.83,12.50,7.10,81.2,31.4470
05/16/24 18:00:00.0,9.20,12.52,7.40,84.6,31.4527
05/16/24 18:10:00.0,8.90,12.46,7.16,81.7,31.4533
05/16/24 18:20:00.0,9.10,12.48,7.32,83.6,31.4540
05/16/24 18:30:00.0,9.16,12.48,7.37,84.2,31.4572
05/16/24 18:40:00.0,9.45,12.50,7.60,86.9,31.4585
05/16/24 18:50:00.0,9.42,12.56,7.58,86.7,31.3731
05/16/24 19:00:00.0,9.42,12.56,7.58,86.7,31.3959
05/16/24 19:10:00.0,9.41,12.60,7.57,86.7,31.4109
05/16/24 19:20:00.0,9.35,12.62,7.53,86.2,31.3783
05/16/24 19:30:00.0,9.48,12.60,7.63,87.3,31.3732
05/16/24 19:40:00.0,9.24,12.54,7.44,85.0,31.3367
05/16/24 19:50:00.0,8.73,12.48,7.02,80.2,31.4653
05/16/24 20:00:00.0,8.56,12.46,6.88,78.6,31.4629
05/16/24 20:10:00.0,8.45,12.42,6.79,77.5,31.4912
05/16/24 20:20:00.0,9.13,12.44,7.34,83.8,31.4674
05/16/24 20:30:00.0,8.97,12.48,7.22,82.4,31.4290
05/16/24 20:40:00.0,9.14,12.70,7.36,84.4,31.2848
05/16/24 20:50:00.0,9.45,12.96,7.62,87.8,31.1431
05/16/24 21:00:00.0,9.52,13.10,7.68,88.7,31.0950
05/16/24 21:10:00.0,9.11,12.88,7.34,84.5,31.3218
05/16/24 21:20:00.0,8.74,12.60,7.03,80.5,31.3993
05/16/24 21:30:00.0,8.38,12.56,6.75,77.1,31.2111
05/16/24 21:40:00.0,8.23,12.54,6.62,75.7,31.4618
05/16/24 21:50:00.0,8.12,12.52,6.53,74.7,31.4591
05/16/24 22:00:00.0,8.40,12.56,6.76,77.3,31.4075
05/16/24 22:10:00.0,8.37,12.54,6.74,77.0,31.4189
05/16/24 22:20:00.0,8.12,12.54,6.54,74.7,31.3640
05/16/24 22:30:00.0,8.09,12.46,6.51,74.3,31.4891
05/16/24 22:40:00.0,7.89,12.42,6.34,72.4,31.5313
05/16/24 22:50:00.0,7.78,12.24,6.25,71.1,31.5842
05/16/24 23:00:00.0,7.99,12.22,6.42,73.0,31.5431
05/16/24 23:10:00.0,8.94,12.42,7.20,82.0,31.3000
05/16/24 23:20:00.0,8.74,12.54,7.03,80.4,31.4011
05/16/24 23:30:00.0,8.63,12.52,6.94,79.4,31.4407
05/16/24 23:40:00.0,8.55,12.50,6.88,78.6,31.4495
05/16/24 23:50:00.0,8.43,12.48,6.78,77.5,31.4304
05/17/24 00:00:00.0,9.34,12.68,7.53,86.2,31.2563
05/17/24 00:10:00.0,9.48,12.88,7.64,87.9,31.1892
05/17/24 00:20:00.0,9.31,12.88,7.50,86.3,31.2656
05/17/24 00:30:00.0,8.80,12.54,7.08,81.0,31.4546
05/17/24 00:40:00.0,8.39,12.42,6.75,77.0,31.4835
05/17/24 00:50:00.0,8.42,12.46,6.78,77.3,31.4005
05/17/24 01:00:00.0,8.17,12.44,6.57,75.0,31.4623
05/17/24 01:10:00.0,8.80,12.60,7.09,81.1,31.2852
05/17/24 01:20:00.0,9.20,12.96,7.42,85.5,31.1540
05/17/24 01:30:00.0,9.03,12.88,7.28,83.7,31.2129
05/17/24 01:40:00.0,8.95,12.80,7.21,82.9,31.2765
05/17/24 01:50:00.0,8.75,12.70,7.05,80.8,31.3479
05/17/24 02:00:00.0,9.45,12.78,7.62,87.4,31.2908
05/17/24 02:10:00.0,8.90,12.84,7.18,82.5,31.2107
05/17/24 02:20:00.0,9.19,12.94,7.42,85.3,31.1239
05/17/24 02:30:00.0,9.07,12.92,7.32,84.2,31.1127
05/17/24 02:40:00.0,9.18,12.92,7.41,85.2,31.1381
05/17/24 02:50:00.0,9.35,12.94,7.55,86.8,31.1058
05/17/24 03:00:00.0,9.48,13.02,7.66,88.2,31.0008
05/17/24 03:10:00.0,9.52,12.96,7.69,88.5,31.0214
05/17/24 03:20:00.0,9.67,12.92,7.80,89.8,31.1182
05/17/24 03:30:00.0,9.64,12.94,7.78,89.5,31.0504
05/17/24 03:40:00.0,9.56,12.92,7.72,88.7,31.0917
05/17/24 03:50:00.0,9.41,12.88,7.59,87.3,31.1060
05/17/24 04:00:00.0,9.28,12.88,7.49,86.1,31.1369
05/17/24 04:10:00.0,9.13,12.86,7.36,84.6,31.1702
05/17/24 04:20:00.0,9.27,12.76,7.48,85.8,31.0182
05/17/24 04:30:00.0,9.28,12.70,7.48,85.7,31.2363
05/17/24 04:40:00.0,9.17,12.70,7.39,84.7,31.2147
05/17/24 04:50:00.0,9.05,12.64,7.29,83.5,31.2422
05/17/24 05:00:00.0,9.08,12.60,7.32,83.7,31.2842
05/17/24 05:10:00.0,9.20,12.58,7.41,84.8,31.2816
05/17/24 05:20:00.0,8.90,12.54,7.17,81.9,31.2987
05/17/24 05:30:00.0,8.94,12.48,7.20,82.2,31.3405
05/17/24 05:40:00.0,8.87,12.40,7.14,81.4,31.3434
05/17/24 05:50:00.0,8.98,12.36,7.23,82.3,31.4273
05/17/24 06:00:00.0,8.72,12.22,7.01,79.7,31.4663
05/17/24 06:10:00.0,8.69,12.14,6.99,79.3,31.5282
05/17/24 06:20:00.0,8.55,12.16,6.88,78.0,31.4899
05/17/24 06:30:00.0,8.17,12.10,6.57,74.5,31.5267
05/17/24 06:40:00.0,8.03,12.08,6.46,73.2,31.3745
05/17/24 06:50:00.0,8.99,12.16,7.23,82.1,31.4891
05/17/24 07:00:00.0,8.80,12.20,7.08,80.4,31.4647
05/17/24 07:10:00.0,8.72,12.22,7.02,79.7,31.4208
05/17/24 07:20:00.0,8.53,12.14,6.86,77.8,31.5076
05/17/24 07:30:00.0,8.54,12.18,6.87,78.0,31.4777
05/17/24 07:40:00.0,9.36,12.26,7.53,85.6,31.4173
05/17/24 07:50:00.0,8.88,12.34,7.15,81.4,31.3516
05/17/24 08:00:00.0,8.69,12.34,6.99,79.6,31.4355
05/17/24 08:10:00.0,8.52,12.38,6.86,78.2,31.3777
05/17/24 08:20:00.0,8.54,12.28,6.87,78.2,31.4753
05/17/24 08:30:00.0,8.28,12.10,6.66,75.5,31.5177
05/17/24 08:40:00.0,7.93,12.10,6.38,72.3,31.5211
05/17/24 08:50:00.0,8.21,12.08,6.60,74.8,31.5468
05/17/24 09:00:00.0,8.30,12.04,6.68,75.6,31.4528
05/17/24 09:10:00.0,8.18,12.10,6.58,74.6,31.5537
05/17/24 09:20:00.0,8.09,12.10,6.51,73.8,31.5209
05/17/24 09:30:00.0,8.56,12.16,6.89,78.1,31.4464
05/17/24 09:40:00.0,9.23,12.70,7.45,85.3,31.0736
05/17/24 09:50:00.0,9.08,12.96,7.34,84.4,30.9107
05/17/24 10:00:00.0,9.85,13.16,7.97,92.0,30.7317
05/17/24 10:10:00.0,9.30,13.10,7.51,86.7,31.1700
05/17/24 10:20:00.0,9.07,12.80,7.32,84.0,31.2197
05/17/24 10:30:00.0,8.76,12.50,7.06,80.6,31.3870
05/17/24 10:40:00.0,8.95,12.66,7.22,82.6,31.2376
05/17/24 10:50:00.0,8.74,12.54,7.04,80.5,31.2975
05/17/24 11:00:00.0,8.84,12.52,7.12,81.4,31.3038
05/17/24 11:10:00.0,8.63,12.28,6.94,79.0,31.4749
05/17/24 11:20:00.0,8.69,12.30,6.99,79.6,31.4645
05/17/24 11:30:00.0,8.52,12.10,6.85,77.7,31.5013
05/17/24 11:40:00.0,8.45,12.10,6.80,77.0,31.4352
05/17/24 11:50:00.0,8.65,12.26,6.96,79.2,31.4556
05/17/24 12:00:00.0,9.04,12.28,7.28,82.8,31.3202
05/17/24 12:10:00.0,9.45,12.38,7.61,86.7,31.3490
05/17/24 12:20:00.0,9.59,12.48,7.73,88.2,31.2891
05/17/24 12:30:00.0,9.97,12.78,8.05,92.3,31.0542
05/17/24 12:40:00.0,9.95,12.92,8.04,92.4,31.0525
05/17/24 12:50:00.0,9.60,12.74,7.75,88.8,31.1923
05/17/24 13:00:00.0,9.99,12.64,8.06,92.2,31.1518
05/17/24 13:10:00.0,10.19,12.92,8.24,94.7,30.9710
05/17/24 13:20:00.0,9.87,13.00,7.97,91.8,31.0748
05/17/24 13:30:00.0,9.58,12.78,7.73,88.7,31.2341
05/17/24 13:40:00.0,11.02,12.56,8.90,101.5,30.9287
05/17/24 13:50:00.0,9.30,12.48,7.49,85.5,31.4466
05/17/24 14:00:00.0,9.31,12.34,7.49,85.4,31.4499
05/17/24 14:10:00.0,9.24,12.30,7.44,84.6,31.4339
05/17/24 14:20:00.0,9.36,12.32,7.54,85.8,31.4179
05/17/24 14:30:00.0,9.35,12.36,7.53,85.8,31.4076
05/17/24 14:40:00.0,10.44,15.94,9.89,103.6,5.6784
05/17/24 14:50:00.0,9.25,17.16,7.55,94.2,30.4710
05/17/24 15:00:00.0,9.47,18.14,9.20,98.4,1.6430
05/17/24 15:10:00.0,9.15,20.18,7.68,99.0,26.4604
05/17/24 15:20:00.0,9.19,13.82,7.42,87.1,31.4130
05/17/24 15:30:00.0,9.76,12.66,7.86,90.1,31.4846
05/17/24 15:40:00.0,9.58,12.40,7.71,88.0,31.5488
05/17/24 15:50:00.0,9.55,12.36,7.69,87.6,31.5246
05/17/24 16:00:00.0,9.66,12.40,7.78,88.7,31.4641
05/17/24 16:10:00.0,9.54,12.36,7.68,87.5,31.5448
05/17/24 16:20:00.0,9.66,12.30,7.77,88.5,31.5230
05/17/24 16:30:00.0,9.68,12.38,7.79,88.8,31.4661
05/17/24 16:40:00.0,10.27,12.52,8.28,94.6,31.3762
05/17/24 16:50:00.0,10.52,12.66,8.48,97.2,31.3250
05/17/24 17:00:00.0,10.32,12.64,8.32,95.3,31.3387
05/17/24 17:10:00.0,10.33,12.64,8.33,95.4,31.3613
05/17/24 17:20:00.0,10.42,12.58,8.40,96.1,31.3669
05/17/24 17:30:00.0,10.37,12.52,8.36,95.5,31.3618
05/17/24 17:40:00.0,10.23,12.52,8.24,94.2,31.3764
05/17/24 17:50:00.0,10.26,12.48,8.27,94.4,31.3794
05/17/24 18:00:00.0,10.36,12.46,8.35,95.3,31.3495
05/17/24 18:10:00.0,10.40,12.46,8.38,95.6,31.3749
05/17/24 18:20:00.0,10.54,12.44,8.49,96.9,31.3839
05/17/24 18:30:00.0,10.42,12.44,8.40,95.8,31.3678
05/17/24 18:40:00.0,10.27,12.44,8.27,94.4,31.3991
05/17/24 18:50:00.0,10.13,12.44,8.16,93.1,31.3774
05/17/24 19:00:00.0,10.47,12.36,8.43,96.1,31.4303
05/17/24 19:10:00.0,10.41,12.32,8.39,95.4,31.4087
05/17/24 19:20:00.0,10.08,12.30,8.12,92.4,31.4147
05/17/24 19:30:00.0,10.01,12.30,8.06,91.7,31.4098
05/17/24 19:40:00.0,9.95,12.30,8.02,91.2,31.3967
05/17/24 19:50:00.0,10.10,12.30,8.14,92.6,31.3834
05/17/24 20:00:00.0,10.32,12.44,8.32,94.9,31.2661
05/17/24 20:10:00.0,10.08,12.52,8.13,92.8,31.2064
05/17/24 20:20:00.0,10.08,12.58,8.14,93.0,31.1728
05/17/24 20:30:00.0,10.07,12.70,8.13,93.1,31.1855
05/17/24 20:40:00.0,10.36,12.38,8.35,95.1,31.3174
05/17/24 20:50:00.0,10.31,12.36,8.31,94.6,31.3346
05/17/24 21:00:00.0,9.82,12.32,7.91,90.0,31.3545
05/17/24 21:10:00.0,9.59,12.30,7.73,87.9,31.3634
05/17/24 21:20:00.0,9.45,12.28,7.62,86.6,31.3474
05/17/24 21:30:00.0,9.62,12.26,7.75,88.1,31.3591
05/17/24 21:40:00.0,9.60,12.28,7.74,87.9,31.3127
05/17/24 21:50:00.0,9.52,12.28,7.67,87.2,31.2968
05/17/24 22:00:00.0,10.07,12.44,8.12,92.6,31.2569
05/17/24 22:10:00.0,10.03,12.58,8.09,92.5,31.2057
05/17/24 22:20:00.0,10.20,12.66,8.24,94.2,31.1241
05/17/24 22:30:00.0,10.05,12.62,8.11,92.8,31.1821
05/17/24 22:40:00.0,9.82,12.48,7.92,90.4,31.2121
05/17/24 22:50:00.0,9.83,12.36,7.93,90.2,31.2317
05/17/24 23:00:00.0,9.92,12.38,8.00,91.1,31.2021
05/17/24 23:10:00.0,9.42,12.36,7.60,86.5,31.2192
05/17/24 23:20:00.0,10.13,12.34,8.17,92.9,31.2446
05/17/24 23:30:00.0,9.71,12.30,7.83,89.0,31.2728
05/17/24 23:40:00.0,9.32,12.28,7.52,85.4,31.2429
05/17/24 23:50:00.0,9.48,12.28,7.64,86.9,31.2739
05/18/24 00:00:00.0,9.49,12.26,7.65,86.9,31.2691
05/18/24 00:10:00.0,9.42,12.26,7.60,86.3,31.2835
05/18/24 00:20:00.0,9.25,12.32,7.46,84.8,31.2318
05/18/24 00:30:00.0,9.62,12.38,7.76,88.3,31.2133
05/18/24 00:40:00.0,10.06,12.40,8.12,92.4,31.2222
05/18/24 00:50:00.0,10.36,12.42,8.36,95.2,31.1596
05/18/24 01:00:00.0,10.20,12.62,8.24,94.2,31.0222
05/18/24 01:10:00.0,10.27,12.90,8.31,95.4,30.8892
05/18/24 01:20:00.0,10.46,13.14,8.47,97.7,30.7990
05/18/24 01:30:00.0,10.39,13.08,8.42,96.9,30.7192
05/18/24 01:40:00.0,10.40,13.02,8.41,96.9,30.9583
05/18/24 01:50:00.0,10.27,12.88,8.30,95.4,31.0309
05/18/24 02:00:00.0,10.03,12.74,8.11,92.9,31.0258
05/18/24 02:10:00.0,10.06,12.76,8.13,93.2,31.0485
05/18/24 02:20:00.0,9.92,12.72,8.02,91.8,31.0213
05/18/24 02:30:00.0,10.03,12.70,8.11,92.8,30.9975
05/18/24 02:40:00.0,9.76,12.66,7.89,90.2,31.0446
05/18/24 02:50:00.0,9.51,12.58,7.68,87.7,31.0964
05/18/24 03:00:00.0,9.49,12.50,7.66,87.4,31.1185
05/18/24 03:10:00.0,9.44,12.48,7.62,86.9,31.1274
05/18/24 03:20:00.0,9.61,12.58,7.77,88.7,31.0466
05/18/24 03:30:00.0,10.37,13.02,8.40,96.6,30.7708
05/18/24 03:40:00.0,10.59,13.40,8.59,99.5,30.7149
05/18/24 03:50:00.0,10.71,13.42,8.68,100.7,30.7952
05/18/24 04:00:00.0,10.63,13.30,8.61,99.7,30.8461
05/18/24 04:10:00.0,10.59,13.26,8.58,99.2,30.8387
05/18/24 04:20:00.0,10.66,13.26,8.63,99.9,30.8574
05/18/24 04:30:00.0,10.51,13.12,8.51,98.2,30.8890
05/18/24 04:40:00.0,10.18,13.06,8.24,94.9,30.9183
05/18/24 04:50:00.0,10.10,13.04,8.17,94.2,30.9221
05/18/24 05:00:00.0,10.12,13.04,8.19,94.3,30.9251
05/18/24 05:10:00.0,10.30,13.04,8.33,96.0,30.9700
05/18/24 05:20:00.0,10.50,13.02,8.50,97.8,30.9751
05/18/24 05:30:00.0,9.60,12.74,7.77,88.9,30.8938
05/18/24 05:40:00.0,9.67,12.66,7.81,89.4,31.1345
05/18/24 05:50:00.0,9.36,12.52,7.56,86.2,31.1951
05/18/24 06:00:00.0,9.76,12.46,7.88,89.8,31.1738
05/18/24 06:10:00.0,9.86,12.46,7.96,90.7,31.2046
05/18/24 06:20:00.0,9.75,12.46,7.87,89.7,31.2357
05/18/24 06:30:00.0,9.77,12.46,7.89,89.9,31.2280
05/18/24 06:40:00.0,9.64,12.48,7.78,88.8,31.2259
05/18/24 06:50:00.0,9.67,12.48,7.81,89.0,31.1964
05/18/24 07:00:00.0,10.10,12.42,8.15,92.9,31.2491
05/18/24 07:10:00.0,10.38,12.40,8.37,95.4,31.2883
05/18/24 07:20:00.0,10.27,12.38,8.29,94.3,31.2889
05/18/24 07:30:00.0,10.29,12.38,8.30,94.5,31.3033
05/18/24 07:40:00.0,10.25,12.40,8.27,94.2,31.3014
05/18/24 07:50:00.0,10.29,12.40,8.30,94.6,31.2964
05/18/24 08:00:00.0,10.35,12.42,8.35,95.2,31.2805
05/18/24 08:10:00.0,10.07,12.42,8.13,92.6,31.2399
05/18/24 08:20:00.0,9.90,12.54,8.01,91.3,30.9475
05/18/24 08:30:00.0,9.85,12.58,7.95,90.9,31.1974
05/18/24 08:40:00.0,9.65,12.48,7.79,88.9,31.2418
05/18/24 08:50:00.0,9.80,12.48,7.91,90.2,31.1931
05/18/24 09:00:00.0,9.81,12.56,7.92,90.5,31.1526
05/18/24 09:10:00.0,9.96,12.56,8.04,91.9,31.1917
05/18/24 09:20:00.0,9.80,12.54,7.91,90.4,31.1785
05/18/24 09:30:00.0,9.70,12.54,7.83,89.4,31.1874
05/18/24 09:40:00.0,9.67,12.54,7.81,89.2,31.1992
05/18/24 09:50:00.0,9.87,12.58,7.97,91.1,31.1696
05/18/24 10:00:00.0,9.81,12.60,7.93,90.6,31.0939
05/18/24 10:10:00.0,9.60,12.54,7.75,88.5,31.1791
05/18/24 10:20:00.0,9.62,12.60,7.77,88.8,31.1525
05/18/24 10:30:00.0,9.27,12.56,7.49,85.5,31.0984
05/18/24 10:40:00.0,9.38,12.56,7.58,86.5,31.1645
05/18/24 10:50:00.0,9.07,12.50,7.32,83.6,31.2169
05/18/24 11:00:00.0,9.19,12.48,7.42,84.6,31.2176
05/18/24 11:10:00.0,9.24,12.48,7.46,85.1,31.2265
05/18/24 11:20:00.0,9.15,12.44,7.39,84.2,31.2380
05/18/24 11:30:00.0,9.25,12.46,7.47,85.1,31.2113
05/18/24 11:40:00.0,9.29,12.44,7.50,85.5,31.2063
05/18/24 11:50:00.0,9.13,12.44,7.37,84.0,31.1931
05/18/24 12:00:00.0,9.08,12.44,7.33,83.5,31.2020
05/18/24 12:10:00.0,9.01,12.42,7.27,82.9,31.2329
05/18/24 12:20:00.0,8.94,12.44,7.22,82.3,31.2473
05/18/24 12:30:00.0,9.30,12.56,7.52,85.8,31.0318
05/18/24 12:40:00.0,9.91,12.70,8.01,91.7,31.0689
05/18/24 12:50:00.0,9.92,12.74,8.02,91.9,31.0719
05/18/24 13:00:00.0,9.23,12.52,7.46,85.1,31.0739
05/18/24 13:10:00.0,9.30,12.46,7.51,85.6,31.1377
05/18/24 13:20:00.0,9.28,12.50,7.50,85.5,31.1331
05/18/24 13:30:00.0,9.88,12.64,7.99,91.3,31.0631
05/18/24 13:40:00.0,9.64,12.64,7.79,89.1,31.1128
05/18/24 13:50:00.0,9.38,12.56,7.58,86.6,31.1432
05/18/24 14:00:00.0,9.65,12.44,7.79,88.8,31.2343
05/18/24 14:10:00.0,9.89,12.52,7.99,91.2,31.0844
05/18/24 14:20:00.0,9.86,12.54,7.97,90.9,31.1642
05/18/24 14:30:00.0,9.80,12.44,7.91,90.2,31.2361
05/18/24 14:40:00.0,10.07,12.40,8.13,92.6,31.1982
05/18/24 14:50:00.0,10.11,12.44,8.17,93.0,31.1387
05/18/24 15:00:00.0,10.46,12.98,8.48,97.4,30.8191
05/18/24 15:10:00.0,9.93,12.68,8.03,91.9,31.0857
05/18/24 15:20:00.0,10.57,12.98,8.56,98.5,30.8469
05/18/24 15:30:00.0,10.77,13.26,8.74,101.0,30.6210
05/18/24 15:40:00.0,10.71,13.36,8.69,100.6,30.6159
05/18/24 15:50:00.0,10.39,13.22,8.42,97.3,30.7763
05/18/24 16:00:00.0,10.54,13.26,8.55,98.8,30.6352
05/18/24 16:10:00.0,10.56,13.32,8.57,99.1,30.6177
05/18/24 16:20:00.0,10.62,13.36,8.62,99.8,30.6105
05/18/24 16:30:00.0,10.70,13.34,8.68,100.5,30.6669
05/18/24 16:40:00.0,10.64,13.26,8.63,99.7,30.6673
05/18/24 16:50:00.0,10.15,13.14,8.23,94.9,30.8007
05/18/24 17:00:00.0,10.27,12.92,8.32,95.6,30.8893
05/18/24 17:10:00.0,10.26,12.88,8.31,95.4,30.9499
05/18/24 17:20:00.0,10.38,12.88,8.41,96.5,30.9042
05/18/24 17:30:00.0,10.41,12.86,8.43,96.7,30.9373
05/18/24 17:40:00.0,10.35,12.84,8.38,96.1,30.9323
05/18/24 17:50:00.0,10.40,12.82,8.42,96.6,30.9572
05/18/24 18:00:00.0,10.35,12.82,8.38,96.1,30.9796
05/18/24 18:10:00.0,10.39,12.78,8.41,96.4,30.9884
05/18/24 18:20:00.0,10.54,12.78,8.53,97.8,30.9860
05/18/24 18:30:00.0,10.47,12.78,8.47,97.1,31.0085
05/18/24 18:40:00.0,10.50,12.76,8.50,97.4,31.0229
05/18/24 18:50:00.0,10.33,12.76,8.36,95.8,31.0015
05/18/24 19:00:00.0,10.32,12.74,8.35,95.6,31.0323
05/18/24 19:10:00.0,10.25,12.76,8.29,95.0,31.0166
05/18/24 19:20:00.0,10.44,12.88,8.45,97.1,31.0035
05/18/24 19:30:00.0,10.39,12.80,8.41,96.4,31.0203
05/18/24 19:40:00.0,10.42,13.04,8.44,97.2,30.8468
05/18/24 19:50:00.0,10.53,12.80,8.52,97.7,31.0594
05/18/24 20:00:00.0,10.48,12.68,8.48,97.0,30.9342
05/18/24 20:10:00.0,10.33,12.68,8.36,95.6,31.0442
05/18/24 20:20:00.0,10.48,12.66,8.48,97.0,31.0504
05/18/24 20:30:00.0,10.39,12.68,8.40,96.2,31.0674
05/18/24 20:40:00.0,10.33,12.68,8.36,95.6,31.0518
05/18/24 20:50:00.0,10.22,12.70,8.27,94.6,31.0605
05/18/24 21:00:00.0,10.15,12.68,8.21,94.0,31.0311
05/18/24 21:10:00.0,10.58,12.80,8.57,98.2,30.8662
05/18/24 21:20:00.0,10.54,12.82,8.53,97.9,30.9403
05/18/24 21:30:00.0,10.21,12.78,8.27,94.7,30.9678
05/18/24 21:40:00.0,10.09,12.76,8.17,93.6,30.9521
05/18/24 21:50:00.0,10.46,12.82,8.47,97.1,30.9067
05/18/24 22:00:00.0,10.53,12.88,8.53,97.9,30.8780
05/18/24 22:10:00.0,10.44,12.92,8.46,97.2,30.8624
05/18/24 22:20:00.0,10.30,12.98,8.35,96.0,30.7963
05/18/24 22:30:00.0,10.22,12.98,8.29,95.2,30.7912
05/18/24 22:40:00.0,10.03,13.00,8.13,93.5,30.7975
05/18/24 22:50:00.0,9.96,13.04,8.08,92.9,30.7498
05/18/24 23:00:00.0,9.79,13.00,7.94,91.3,30.7906
05/18/24 23:10:00.0,9.70,12.88,7.86,90.2,30.8177
05/18/24 23:20:00.0,9.66,12.88,7.83,89.8,30.9154
05/18/24 23:30:00.0,9.35,12.78,7.57,86.8,30.8991
05/18/24 23:40:00.0,9.21,12.74,7.46,85.4,30.9703
05/18/24 23:50:00.0,9.21,12.70,7.46,85.3,30.9624
05/19/24 00:00:00.0,9.42,12.68,7.63,87.2,30.9466
05/19/24 00:10:00.0,9.34,12.68,7.56,86.5,30.9555
05/19/24 00:20:00.0,9.25,12.70,7.49,85.7,30.9699
05/19/24 00:30:00.0,9.17,12.68,7.42,84.9,30.9649
05/19/24 00:40:00.0,9.25,12.68,7.49,85.6,30.9219
05/19/24 00:50:00.0,9.38,12.68,7.60,86.8,30.9225
05/19/24 01:00:00.0,9.46,12.68,7.66,87.6,30.9367
05/19/24 01:10:00.0,9.26,12.68,7.50,85.7,30.9349
05/19/24 01:20:00.0,9.37,12.72,7.59,86.8,30.8949
05/19/24 01:30:00.0,9.26,12.72,7.50,85.8,30.9197
05/19/24 01:40:00.0,9.36,12.68,7.58,86.7,30.9311
05/19/24 01:50:00.0,9.47,12.66,7.67,87.6,30.9207
05/19/24 02:00:00.0,9.56,12.62,7.74,88.4,30.9402
05/19/24 02:10:00.0,9.44,12.60,7.64,87.2,30.9626
05/19/24 02:20:00.0,9.35,12.58,7.57,86.4,30.9714
05/19/24 02:30:00.0,9.34,12.58,7.56,86.3,30.9283
05/19/24 02:40:00.0,9.25,12.58,7.49,85.5,30.9371
05/19/24 02:50:00.0,9.28,12.68,7.52,85.9,30.8488
05/19/24 03:00:00.0,9.26,12.78,7.51,85.9,30.8388
05/19/24 03:10:00.0,9.46,12.80,7.67,87.8,30.8339
05/19/24 03:20:00.0,8.98,12.64,7.27,83.1,30.9507
05/19/24 03:30:00.0,8.94,12.66,7.24,82.7,30.8918
05/19/24 03:40:00.0,10.06,13.04,8.17,93.9,30.5955
05/19/24 03:50:00.0,10.20,13.14,8.28,95.4,30.6334
05/19/24 04:00:00.0,9.66,12.96,7.84,90.0,30.7007
05/19/24 04:10:00.0,10.10,13.04,8.20,94.3,30.6637
05/19/24 04:20:00.0,9.25,12.84,7.50,86.0,30.8413
05/19/24 04:30:00.0,9.64,12.98,7.83,89.9,30.6377
05/19/24 04:40:00.0,10.11,13.08,8.21,94.5,30.6041
05/19/24 04:50:00.0,9.79,12.98,7.95,91.3,30.6847
05/19/24 05:00:00.0,9.08,12.84,7.36,84.4,30.9056
05/19/24 05:10:00.0,8.77,12.72,7.11,81.3,30.8818
05/19/24 05:20:00.0,8.75,12.60,7.08,80.9,30.9853
05/19/24 05:30:00.0,8.79,12.58,7.12,81.2,30.9614
05/19/24 05:40:00.0,8.90,12.56,7.21,82.2,30.9947
05/19/24 05:50:00.0,9.83,12.76,7.97,91.2,30.8439
05/19/24 06:00:00.0,9.79,12.78,7.94,90.9,30.8471
05/19/24 06:10:00.0,9.77,12.74,7.92,90.6,30.8720
05/19/24 06:20:00.0,9.80,12.72,7.94,90.8,30.9678
05/19/24 06:30:00.0,9.68,12.72,7.84,89.7,31.0040
05/19/24 06:40:00.0,9.54,12.70,7.73,88.4,30.9691
05/19/24 06:50:00.0,9.65,12.68,7.81,89.4,31.0242
05/19/24 07:00:00.0,9.76,12.68,7.90,90.4,31.0056
05/19/24 07:10:00.0,9.45,12.62,7.65,87.4,31.0198
05/19/24 07:20:00.0,9.72,12.66,7.87,90.0,31.0095
05/19/24 07:30:00.0,9.55,12.60,7.73,88.3,31.0401
05/19/24 07:40:00.0,9.37,12.62,7.59,86.7,31.0380
05/19/24 07:50:00.0,9.52,12.64,7.71,88.1,30.9894
05/19/24 08:00:00.0,9.37,12.58,7.58,86.6,31.0528
05/19/24 08:10:00.0,9.88,12.52,7.99,91.2,31.0969
05/19/24 08:20:00.0,10.05,12.46,8.13,92.6,31.1057
05/19/24 08:30:00.0,10.08,12.46,8.16,92.9,31.0927
05/19/24 08:40:00.0,10.09,12.48,8.17,93.0,31.0386
05/19/24 08:50:00.0,9.87,12.52,7.99,91.1,31.0530
05/19/24 09:00:00.0,9.74,12.54,7.88,89.9,31.0483
05/19/24 09:10:00.0,9.76,12.56,7.90,90.2,31.0352
05/19/24 09:20:00.0,9.77,12.54,7.91,90.2,31.0221
05/19/24 09:30:00.0,9.82,12.54,7.95,90.7,31.0583
05/19/24 09:40:00.0,9.87,12.56,7.99,91.2,31.0726
05/19/24 09:50:00.0,9.89,12.56,8.01,91.4,31.0432
05/19/24 10:00:00.0,9.78,12.56,7.92,90.4,31.0520
05/19/24 10:10:00.0,9.80,12.54,7.93,90.5,31.0717
05/19/24 10:20:00.0,10.21,12.54,8.26,94.3,31.0615
05/19/24 10:30:00.0,10.16,12.56,8.23,93.9,31.0242
05/19/24 10:40:00.0,10.01,12.82,8.12,93.0,30.8308
05/19/24 10:50:00.0,10.17,12.96,8.25,94.8,30.7663
05/19/24 11:00:00.0,9.96,12.82,8.07,92.6,30.8934
05/19/24 11:10:00.0,9.77,12.78,7.92,90.7,30.9402
05/19/24 11:20:00.0,9.57,12.70,7.75,88.7,30.9785
05/19/24 11:30:00.0,9.76,12.66,7.90,90.4,31.0198
05/19/24 11:40:00.0,9.77,12.68,7.91,90.5,31.0016
05/19/24 11:50:00.0,10.21,12.68,8.27,94.6,31.0241
05/19/24 12:00:00.0,9.92,12.74,8.04,92.0,30.9816
05/19/24 12:10:00.0,9.82,12.70,7.96,91.0,30.9734
05/19/24 12:20:00.0,9.71,12.68,7.86,90.0,31.0448
05/19/24 12:30:00.0,9.47,12.66,7.67,87.7,30.9991
05/19/24 12:40:00.0,9.52,12.66,7.71,88.2,31.0047
05/19/24 12:50:00.0,9.49,12.56,7.68,87.7,31.1202
05/19/24 13:00:00.0,9.91,12.52,8.02,91.5,31.1151
05/19/24 13:10:00.0,9.90,12.50,8.01,91.4,31.0994
05/19/24 13:20:00.0,9.96,12.52,8.06,92.0,31.0617
05/19/24 13:30:00.0,9.86,12.52,7.98,91.0,31.0623
05/19/24 13:40:00.0,9.95,12.56,8.06,91.9,31.0440
05/19/24 13:50:00.0,9.91,12.58,8.02,91.6,31.0338
05/19/24 14:00:00.0,10.03,12.56,8.12,92.7,31.0152
05/19/24 14:10:00.0,10.07,12.60,8.16,93.1,31.0105
05/19/24 14:20:00.0,10.09,12.62,8.17,93.4,31.0220
05/19/24 14:30:00.0,10.40,12.60,8.42,96.2,30.9900
05/19/24 14:40:00.0,10.27,12.60,8.32,95.0,30.9932
05/19/24 14:50:00.0,10.23,12.62,8.29,94.7,30.9806
05/19/24 15:00:00.0,10.53,12.84,8.55,97.9,30.7226
05/19/24 15:10:00.0,10.68,12.98,8.67,99.6,30.7046
05/19/24 15:20:00.0,10.71,13.00,8.69,100.0,30.7669
05/19/24 15:30:00.0,10.48,12.84,8.50,97.5,30.8482
05/19/24 15:40:00.0,10.76,12.88,8.73,100.2,30.8215
05/19/24 15:50:00.0,10.88,12.98,8.84,101.5,30.6959
05/19/24 16:00:00.0,10.91,13.08,8.86,102.0,30.6461
05/19/24 16:10:00.0,10.83,13.12,8.80,101.4,30.6148
05/19/24 16:20:00.0,10.91,13.14,8.87,102.2,30.6449
05/19/24 16:30:00.0,10.44,13.04,8.48,97.5,30.7603
05/19/24 16:40:00.0,10.94,13.04,8.88,102.2,30.7640
05/19/24 16:50:00.0,11.09,13.12,9.01,103.8,30.6990
05/19/24 17:00:00.0,11.02,13.24,8.95,103.4,30.7027
05/19/24 17:10:00.0,10.91,13.22,8.86,102.3,30.7115
05/19/24 17:20:00.0,10.76,13.20,8.74,100.9,30.7683
05/19/24 17:30:00.0,11.05,13.26,8.98,103.7,30.6511
05/19/24 17:40:00.0,11.09,13.28,9.01,104.2,30.6439
05/19/24 17:50:00.0,11.07,13.32,9.00,104.1,30.6309
05/19/24 18:00:00.0,11.01,13.28,8.95,103.4,30.6554
05/19/24 18:10:00.0,11.02,13.28,8.96,103.5,30.6535
05/19/24 18:20:00.0,10.90,13.28,8.86,102.4,30.6268
05/19/24 18:30:00.0,10.86,13.26,8.83,102.0,30.6437
05/19/24 18:40:00.0,10.81,13.26,8.79,101.5,30.6739
05/19/24 18:50:00.0,10.57,13.24,8.59,99.2,30.6848
05/19/24 19:00:00.0,10.56,13.22,8.58,99.1,30.6957
05/19/24 19:10:00.0,10.48,13.16,8.51,98.2,30.7123
05/19/24 19:20:00.0,10.59,13.20,8.61,99.3,30.5860
05/19/24 19:30:00.0,10.70,12.96,8.69,99.8,30.7956
05/19/24 19:40:00.0,10.64,12.96,8.64,99.2,30.8099
05/19/24 19:50:00.0,10.62,12.94,8.62,99.0,30.8236
05/19/24 20:00:00.0,10.51,12.84,8.52,97.8,30.8968
05/19/24 20:10:00.0,10.60,12.78,8.60,98.5,30.8728
05/19/24 20:20:00.0,10.49,12.76,8.51,97.4,30.8598
05/19/24 20:30:00.0,10.53,12.96,8.54,98.2,30.8851
05/19/24 20:40:00.0,10.70,12.78,8.68,99.4,30.8989
05/19/24 20:50:00.0,10.67,12.74,8.65,99.0,30.8942
05/19/24 21:00:00.0,10.69,12.74,8.67,99.2,30.8377
05/19/24 21:10:00.0,10.78,12.76,8.75,100.1,30.8548
05/19/24 21:20:00.0,10.93,12.80,8.87,101.6,30.8014
05/19/24 21:30:00.0,10.57,12.88,8.58,98.4,30.7808
05/19/24 21:40:00.0,10.58,12.86,8.59,98.5,30.7976
05/19/24 21:50:00.0,10.68,12.88,8.67,99.5,30.8279
05/19/24 22:00:00.0,10.54,12.92,8.56,98.2,30.7776
05/19/24 22:10:00.0,10.36,12.86,8.41,96.4,30.8343
05/19/24 22:20:00.0,10.06,12.70,8.16,93.3,30.8832
05/19/24 22:30:00.0,10.08,12.68,8.18,93.4,30.8864
05/19/24 22:40:00.0,10.51,12.64,8.52,97.3,30.9143
05/19/24 22:50:00.0,10.42,12.72,8.46,96.7,30.7963
05/19/24 23:00:00.0,10.63,12.96,8.64,99.2,30.6075
05/19/24 23:10:00.0,10.59,13.14,8.61,99.2,30.5874
05/19/24 23:20:00.0,10.61,13.20,8.63,99.5,30.5234
05/19/24 23:30:00.0,10.51,13.22,8.55,98.6,30.5346
05/19/24 23:40:00.0,10.41,13.16,8.47,97.6,30.5644
05/19/24 23:50:00.0,10.17,13.18,8.27,95.3,30.5650
05/20/24 00:00:00.0,10.32,13.08,8.39,96.5,30.5969
05/20/24 00:10:00.0,10.37,13.14,8.44,97.1,30.4544
05/20/24 00:20:00.0,10.72,13.38,8.74,101.0,30.2964
05/20/24 00:30:00.0,10.40,13.30,8.47,97.8,30.3678
05/20/24 00:40:00.0,10.22,13.28,8.32,96.0,30.3951
05/20/24 00:50:00.0,9.64,12.96,7.83,89.9,30.6929
05/20/24 01:00:00.0,9.42,12.80,7.65,87.6,30.7364
05/20/24 01:10:00.0,9.32,12.76,7.57,86.6,30.7369
05/20/24 01:20:00.0,9.65,12.78,7.84,89.7,30.7188
05/20/24 01:30:00.0,9.52,12.74,7.73,88.4,30.7705
05/20/24 01:40:00.0,9.66,12.78,7.85,89.8,30.6985
05/20/24 01:50:00.0,9.92,12.82,8.06,92.3,30.7045
05/20/24 02:00:00.0,10.05,12.82,8.17,93.5,30.6325
05/20/24 02:10:00.0,9.71,12.80,7.89,90.3,30.7488
05/20/24 02:20:00.0,9.92,12.78,8.06,92.2,30.6740
05/20/24 02:30:00.0,10.27,12.88,8.35,95.7,30.6053
05/20/24 02:40:00.0,10.37,12.96,8.43,96.8,30.6088
05/20/24 02:50:00.0,10.28,12.98,8.36,96.0,30.5585
05/20/24 03:00:00.0,10.30,13.00,8.38,96.2,30.5671
05/20/24 03:10:00.0,10.22,13.00,8.31,95.5,30.5678
05/20/24 03:20:00.0,10.12,13.00,8.23,94.5,30.4936
05/20/24 03:30:00.0,9.91,13.04,8.07,92.6,30.4380
05/20/24 03:40:00.0,9.98,13.06,8.12,93.3,30.5003
05/20/24 03:50:00.0,9.83,12.98,8.00,91.8,30.5568
05/20/24 04:00:00.0,10.02,13.02,8.15,93.6,30.5175
05/20/24 04:10:00.0,10.11,12.92,8.22,94.3,30.5953
05/20/24 04:20:00.0,9.72,12.86,7.90,90.5,30.6117
05/20/24 04:30:00.0,9.54,12.92,7.76,88.9,30.5512
05/20/24 04:40:00.0,10.17,12.96,8.27,94.9,30.5544
05/20/24 04:50:00.0,9.31,12.78,7.56,86.5,30.6913
05/20/24 05:00:00.0,9.90,12.88,8.05,92.2,30.6226
05/20/24 05:10:00.0,10.43,12.92,8.49,97.3,30.3877
05/20/24 05:20:00.0,10.53,12.92,8.56,98.2,30.5860
05/20/24 05:30:00.0,10.56,12.92,8.58,98.5,30.7512
05/20/24 05:40:00.0,10.56,12.92,8.58,98.5,30.7383
05/20/24 05:50:00.0,10.61,12.94,8.62,99.0,30.7228
05/20/24 06:00:00.0,10.54,12.96,8.57,98.4,30.6993
05/20/24 06:10:00.0,10.35,12.92,8.41,96.5,30.7860
05/20/24 06:20:00.0,10.29,12.88,8.36,95.9,30.7836
05/20/24 06:30:00.0,10.39,12.86,8.44,96.8,30.8139
05/20/24 06:40:00.0,10.32,12.82,8.38,96.0,30.8171
05/20/24 06:50:00.0,10.32,12.80,8.38,96.0,30.8663
05/20/24 07:00:00.0,10.26,12.74,8.33,95.3,30.9048
05/20/24 07:10:00.0,10.11,12.74,8.20,93.9,30.9055
05/20/24 07:20:00.0,10.16,12.64,8.24,94.2,30.9682
05/20/24 07:30:00.0,10.19,12.58,8.26,94.3,30.9797
05/20/24 07:40:00.0,10.23,12.54,8.29,94.6,30.9967
05/20/24 07:50:00.0,10.32,12.56,8.37,95.5,30.9592
05/20/24 08:00:00.0,10.35,12.54,8.39,95.7,30.9843
05/20/24 08:10:00.0,10.27,12.54,8.33,95.0,30.9469
05/20/24 08:20:00.0,10.23,12.56,8.30,94.6,30.9393
05/20/24 08:30:00.0,10.00,12.56,8.11,92.5,30.9318
05/20/24 08:40:00.0,9.93,12.56,8.06,91.9,30.9188
05/20/24 08:50:00.0,10.12,12.78,8.22,94.1,30.7600
05/20/24 09:00:00.0,10.43,12.94,8.48,97.3,30.5874
05/20/24 09:10:00.0,9.99,12.58,8.10,92.5,31.0050
05/20/24 09:20:00.0,10.35,12.42,8.39,95.5,31.0411
05/20/24 09:30:00.0,10.33,12.40,8.37,95.2,31.0389
05/20/24 09:40:00.0,10.12,12.38,8.20,93.2,31.0560
05/20/24 09:50:00.0,10.15,12.38,8.23,93.5,31.0320
05/20/24 10:00:00.0,10.22,12.42,8.29,94.3,31.0081
05/20/24 10:10:00.0,10.26,12.48,8.32,94.8,30.9951
05/20/24 10:20:00.0,10.29,12.52,8.35,95.1,30.9468
05/20/24 10:30:00.0,10.11,12.62,8.21,93.7,30.7772
05/20/24 10:40:00.0,10.21,12.62,8.29,94.6,30.8749
05/20/24 10:50:00.0,10.13,12.62,8.22,93.9,30.8890
05/20/24 11:00:00.0,10.09,12.64,8.19,93.5,30.8816
05/20/24 11:10:00.0,9.91,12.68,8.05,91.9,30.8497
05/20/24 11:20:00.0,9.95,12.70,8.08,92.4,30.8097
05/20/24 11:30:00.0,10.01,12.70,8.13,92.9,30.7944
05/20/24 11:40:00.0,10.30,12.64,8.36,95.5,30.8894
05/20/24 11:50:00.0,10.20,12.58,8.28,94.4,30.8926
05/20/24 12:00:00.0,10.20,12.60,8.28,94.5,30.8500
05/20/24 12:10:00.0,10.29,12.68,8.36,95.5,30.8105
05/20/24 12:20:00.0,10.29,12.78,8.37,95.7,30.6797
05/20/24 12:30:00.0,10.78,13.08,8.78,100.9,30.4510
05/20/24 12:40:00.0,10.71,13.18,8.73,100.5,30.4175
05/20/24 12:50:00.0,10.61,13.18,8.64,99.6,30.5104
05/20/24 13:00:00.0,10.59,13.08,8.62,99.1,30.5929
05/20/24 13:10:00.0,10.32,12.80,8.39,96.0,30.7732
05/20/24 13:20:00.0,10.20,12.62,8.28,94.5,30.8172
05/20/24 13:30:00.0,10.64,12.58,8.64,98.5,30.9070
05/20/24 13:40:00.0,10.53,12.62,8.55,97.6,30.8561
05/20/24 13:50:00.0,10.66,12.54,8.65,98.6,30.8973
05/20/24 14:00:00.0,10.76,12.58,8.73,99.6,30.9090
05/20/24 14:10:00.0,10.63,12.58,8.63,98.4,30.9015
05/20/24 14:20:00.0,10.67,12.62,8.66,98.9,30.8318
05/20/24 14:30:00.0,10.66,12.66,8.66,98.9,30.8273
05/20/24 14:40:00.0,10.44,12.68,8.48,96.9,30.8357
05/20/24 14:50:00.0,10.79,12.78,8.77,100.4,30.7343
05/20/24 15:00:00.0,10.69,12.86,8.69,99.6,30.7027
05/20/24 15:10:00.0,10.82,12.96,8.81,101.0,30.5644
05/20/24 15:20:00.0,10.78,13.08,8.77,100.9,30.6350
05/20/24 15:30:00.0,10.93,13.08,8.90,102.3,30.4800
05/20/24 15:40:00.0,10.86,13.02,8.84,101.6,30.6036
05/20/24 15:50:00.0,10.79,13.02,8.78,100.9,30.6283
05/20/24 16:00:00.0,10.77,12.94,8.76,100.5,30.7305
05/20/24 16:10:00.0,10.66,12.84,8.66,99.3,30.7579
05/20/24 16:20:00.0,10.60,12.82,8.61,98.7,30.7773
05/20/24 16:30:00.0,10.88,12.82,8.84,101.3,30.7889
05/20/24 16:40:00.0,10.91,12.80,8.87,101.5,30.7946
05/20/24 16:50:00.0,10.91,12.78,8.86,101.5,30.8169
05/20/24 17:00:00.0,10.78,12.78,8.76,100.3,30.7959
05/20/24 17:10:00.0,11.14,12.76,9.05,103.6,30.8207
05/20/24 17:20:00.0,11.32,12.76,9.20,105.2,30.7810
05/20/24 17:30:00.0,11.23,12.96,9.14,104.9,30.6455
05/20/24 17:40:00.0,11.22,13.18,9.14,105.3,30.4891
05/20/24 17:50:00.0,11.18,13.26,9.11,105.1,30.5333
05/20/24 18:00:00.0,11.07,13.26,9.02,104.1,30.5180
05/20/24 18:10:00.0,11.02,13.28,8.98,103.7,30.5426
05/20/24 18:20:00.0,11.03,13.30,8.99,103.8,30.5385
05/20/24 18:30:00.0,10.93,13.32,8.91,102.9,30.5176
05/20/24 18:40:00.0,11.10,13.32,9.04,104.5,30.6280
05/20/24 18:50:00.0,11.12,13.24,9.05,104.5,30.6142
05/20/24 19:00:00.0,11.12,13.20,9.05,104.4,30.6794
05/20/24 19:10:00.0,11.19,13.18,9.11,105.0,30.6794
05/20/24 19:20:00.0,11.14,13.12,9.06,104.4,30.7688
05/20/24 19:30:00.0,11.05,13.08,8.98,103.5,30.7936
05/20/24 19:40:00.0,10.94,13.04,8.89,102.4,30.8207
05/20/24 19:50:00.0,11.19,13.00,9.10,104.6,30.8375
05/20/24 20:00:00.0,11.12,13.00,9.04,104.0,30.8679
05/20/24 20:10:00.0,11.01,12.98,8.95,102.9,30.8387
05/20/24 20:20:00.0,11.01,12.98,8.95,102.9,30.8257
05/20/24 20:30:00.0,11.00,12.96,8.94,102.8,30.8344
05/20/24 20:40:00.0,11.01,12.96,8.95,102.8,30.8240
05/20/24 20:50:00.0,10.72,12.94,8.71,100.1,30.8109
05/20/24 21:00:00.0,10.97,12.92,8.92,102.4,30.8276
05/20/24 21:10:00.0,10.91,12.92,8.87,101.8,30.8364
05/20/24 21:20:00.0,10.90,12.96,8.86,101.8,30.8234
05/20/24 21:30:00.0,11.07,12.90,9.00,103.3,30.8456
05/20/24 21:40:00.0,11.01,12.88,8.95,102.7,30.8327
05/20/24 21:50:00.0,10.87,12.88,8.84,101.4,30.8116
05/20/24 22:00:00.0,10.93,12.88,8.89,101.9,30.7606
05/20/24 22:10:00.0,10.82,12.88,8.80,100.9,30.7858
05/20/24 22:20:00.0,10.87,12.88,8.84,101.4,30.8080
05/20/24 22:30:00.0,10.88,12.92,8.85,101.6,30.7769
05/20/24 22:40:00.0,10.86,12.98,8.83,101.5,30.7233
05/20/24 22:50:00.0,10.74,12.90,8.73,100.2,30.7882
05/20/24 23:00:00.0,10.39,12.90,8.45,96.9,30.7186
05/20/24 23:10:00.0,10.09,12.88,8.20,94.1,30.8002
05/20/24 23:20:00.0,10.13,12.86,8.24,94.4,30.7926
05/20/24 23:30:00.0,10.54,12.90,8.57,98.3,30.7665
05/20/24 23:40:00.0,10.81,13.04,8.80,101.2,30.6068
05/20/24 23:50:00.0,10.82,13.30,8.82,101.9,30.5191
05/21/24 00:00:00.0,10.71,13.36,8.73,101.0,30.5029
05/21/24 00:10:00.0,10.53,13.32,8.58,99.2,30.5298
05/21/24 00:20:00.0,10.33,13.28,8.42,97.2,30.5567
05/21/24 00:30:00.0,10.59,13.22,8.63,99.5,30.5810
05/21/24 00:40:00.0,10.58,13.12,8.62,99.2,30.6159
05/21/24 00:50:00.0,10.43,13.30,8.52,98.2,30.2040
05/21/24 01:00:00.0,10.18,13.34,8.30,95.9,30.5047
05/21/24 01:10:00.0,10.26,13.16,8.36,96.3,30.5316
05/21/24 01:20:00.0,9.71,12.96,7.90,90.7,30.6598
05/21/24 01:30:00.0,9.72,12.86,7.91,90.6,30.6844
05/21/24 01:40:00.0,9.68,12.84,7.88,90.2,30.6420
05/21/24 01:50:00.0,9.64,12.88,7.85,89.9,30.6403
05/21/24 02:00:00.0,9.99,13.00,8.14,93.4,30.5475
05/21/24 02:10:00.0,9.86,12.98,8.03,92.2,30.6230
05/21/24 02:20:00.0,9.91,12.96,8.07,92.6,30.6557
05/21/24 02:30:00.0,9.95,12.96,8.10,93.0,30.6617
05/21/24 02:40:00.0,9.74,12.94,7.93,91.0,30.6300
05/21/24 02:50:00.0,9.52,12.92,7.75,88.9,30.6117
05/21/24 03:00:00.0,9.26,12.92,7.54,86.5,30.5963
05/21/24 03:10:00.0,8.98,12.92,7.31,83.8,30.5809
05/21/24 03:20:00.0,10.05,13.00,8.19,94.0,30.5711
05/21/24 03:30:00.0,10.30,13.00,8.39,96.3,30.5824
05/21/24 03:40:00.0,10.39,13.04,8.46,97.3,30.6129
05/21/24 03:50:00.0,10.52,13.02,8.57,98.4,30.6403
05/21/24 04:00:00.0,10.62,13.08,8.65,99.5,30.5983
05/21/24 04:10:00.0,10.40,13.08,8.47,97.5,30.6419
05/21/24 04:20:00.0,10.48,13.08,8.53,98.2,30.6345
05/21/24 04:30:00.0,10.46,13.12,8.52,98.1,30.6867
05/21/24 04:40:00.0,9.80,13.14,7.98,92.0,30.7147
05/21/24 04:50:00.0,10.56,13.18,8.60,99.2,30.6887
05/21/24 05:00:00.0,10.86,13.36,8.85,102.4,30.6000
05/21/24 05:10:00.0,10.76,13.50,8.78,101.8,30.4922
05/21/24 05:20:00.0,10.87,13.62,8.87,103.1,30.5301
05/21/24 05:30:00.0,10.79,13.64,8.80,102.4,30.6090
05/21/24 05:40:00.0,10.71,13.62,8.73,101.6,30.6062
05/21/24 05:50:00.0,10.73,13.64,8.75,101.8,30.6342
05/21/24 06:00:00.0,10.79,13.66,8.80,102.4,30.6245
05/21/24 06:10:00.0,10.67,13.64,8.70,101.2,30.6162
05/21/24 06:20:00.0,10.58,13.56,8.62,100.2,30.6641
05/21/24 06:30:00.0,10.62,13.58,8.66,100.6,30.6431
05/21/24 06:40:00.0,10.47,13.54,8.53,99.1,30.6698
05/21/24 06:50:00.0,10.71,13.40,8.72,101.1,30.7446
05/21/24 07:00:00.0,10.63,13.36,8.65,100.2,30.7965
05/21/24 07:10:00.0,10.57,13.32,8.60,99.6,30.7883
05/21/24 07:20:00.0,10.44,13.34,8.50,98.4,30.7406
05/21/24 07:30:00.0,10.50,13.24,8.54,98.8,30.8698
05/21/24 07:40:00.0,10.29,13.00,8.36,96.3,30.9657
05/21/24 07:50:00.0,10.27,12.94,8.35,96.0,30.9581
05/21/24 08:00:00.0,10.22,12.92,8.30,95.4,30.9804
05/21/24 08:10:00.0,10.30,12.94,8.37,96.2,30.9675
05/21/24 08:20:00.0,10.27,12.92,8.35,95.9,30.9490
05/21/24 08:30:00.0,10.22,12.88,8.30,95.4,30.9656
05/21/24 08:40:00.0,10.10,12.86,8.21,94.2,30.9880
05/21/24 08:50:00.0,10.02,12.84,8.14,93.4,30.9857
05/21/24 09:00:00.0,10.02,12.84,8.14,93.4,30.9863
05/21/24 09:10:00.0,10.31,12.84,8.38,96.1,30.9733
05/21/24 09:20:00.0,10.20,12.84,8.29,95.1,30.9632
05/21/24 09:30:00.0,10.05,12.86,8.17,93.7,30.9476
05/21/24 09:40:00.0,10.21,12.88,8.30,95.3,30.9457
05/21/24 09:50:00.0,10.33,12.92,8.40,96.5,30.9275
05/21/24 10:00:00.0,10.32,12.96,8.39,96.5,30.9201
05/21/24 10:10:00.0,10.41,13.00,8.47,97.4,30.8860
05/21/24 10:20:00.0,10.70,13.04,8.70,100.2,30.8464
05/21/24 10:30:00.0,10.74,13.12,8.74,100.8,30.8148
05/21/24 10:40:00.0,10.93,13.36,8.91,103.1,30.6257
05/21/24 10:50:00.0,10.49,13.70,8.55,99.7,30.7514
05/21/24 11:00:00.0,10.48,13.22,8.53,98.6,30.8305
05/21/24 11:10:00.0,10.42,13.14,8.48,97.8,30.8398
05/21/24 11:20:00.0,10.67,13.20,8.69,100.3,30.7820
05/21/24 11:30:00.0,10.61,13.20,8.64,99.7,30.8083
05/21/24 11:40:00.0,10.54,13.08,8.59,98.8,30.5783
05/21/24 11:50:00.0,11.07,13.50,9.04,104.8,30.4028
05/21/24 12:00:00.0,10.51,13.64,8.57,99.8,30.5888
05/21/24 12:10:00.0,10.77,14.10,8.79,103.3,30.5546
05/21/24 12:20:00.0,10.57,13.26,8.60,99.5,30.8267
05/21/24 12:30:00.0,10.48,13.06,8.53,98.2,30.8595
05/21/24 12:40:00.0,10.56,13.04,8.59,98.9,30.8440
05/21/24 12:50:00.0,10.61,13.08,8.64,99.5,30.7963
05/21/24 13:00:00.0,10.49,13.10,8.54,98.4,30.7754
05/21/24 13:10:00.0,11.12,13.12,9.05,104.3,30.7680
05/21/24 13:20:00.0,11.18,13.48,9.11,105.8,30.6673
05/21/24 13:30:00.0,10.58,16.32,8.75,106.4,28.9925
