Date Time,High Range (μS/cm)  #20636185,Temp (°C)  #20636185,Specific Conductance (μS/cm),Salinity (ppt)
06/02/23 10:00:00.0,0.0,24.38,,
06/02/23 10:10:00.0,0.0,24.84,,
06/02/23 10:20:00.0,0.0,25.20,,
06/02/23 10:30:00.0,0.0,26.51,,
06/02/23 10:40:00.0,0.0,26.41,,
06/02/23 10:50:00.0,0.0,27.09,,
06/02/23 11:00:00.0,0.0,31.18,,
06/02/23 11:10:00.0,30064.6,22.22,44133.7,28.4735
06/02/23 11:20:00.0,30697.7,21.81,45446.0,29.4197
06/02/23 11:30:00.0,30687.6,21.70,45534.1,29.4834
06/02/23 11:40:00.0,30685.1,21.73,45500.6,29.4592
06/02/23 11:50:00.0,30712.8,21.73,45540.3,29.4879
06/02/23 12:00:00.0,30730.4,21.75,45546.1,29.4921
06/02/23 12:10:00.0,30738.0,21.75,45556.1,29.4993
06/02/23 12:20:00.0,30760.8,21.78,45560.1,29.5022
06/02/23 12:30:00.0,30735.5,21.78,45521.4,29.4742
06/02/23 12:40:00.0,30722.9,21.80,45482.5,29.4461
06/02/23 12:50:00.0,30722.9,21.84,45443.4,29.4178
06/02/23 13:00:00.0,30788.6,21.89,45491.8,29.4528
06/02/23 13:10:00.0,30796.2,21.90,45492.2,29.4532
06/02/23 13:20:00.0,30770.9,21.97,45387.5,29.3775
06/02/23 13:30:00.0,30854.6,22.12,45368.1,29.3634
06/02/23 13:40:00.0,30869.8,22.04,45464.5,29.4331
06/02/23 13:50:00.0,30874.9,22.04,45470.8,29.4376
06/02/23 14:00:00.0,30887.7,22.01,45516.7,29.4708
06/02/23 14:10:00.0,30844.4,22.05,45413.9,29.3965
06/02/23 14:20:00.0,30798.7,22.02,45373.7,29.3675
06/02/23 14:30:00.0,30849.5,21.99,45475.5,29.4410
06/02/23 14:40:00.0,30781.0,22.13,45241.7,29.2721
06/02/23 14:50:00.0,30862.2,22.17,45322.1,29.3302
06/02/23 15:00:00.0,30910.6,22.38,45195.0,29.2384
06/02/23 15:10:00.0,30895.3,22.23,45311.7,29.3227
06/02/23 15:20:00.0,30913.2,22.26,45308.5,29.3204
06/02/23 15:30:00.0,30846.9,22.32,45154.1,29.2089
06/02/23 15:40:00.0,30836.8,22.42,45044.9,29.1301
06/02/23 15:50:00.0,30813.9,22.58,44862.0,28.9981
06/02/23 16:00:00.0,30849.5,22.57,44921.7,29.0412
06/02/23 16:10:00.0,30836.8,22.36,45097.0,29.1676
06/02/23 16:20:00.0,30854.6,22.58,44917.4,29.0380
06/02/23 16:30:00.0,30824.1,22.54,44908.8,29.0318
06/02/23 16:40:00.0,30885.1,22.54,44996.3,29.0950
06/02/23 16:50:00.0,30869.8,22.53,44982.0,29.0847
06/02/23 17:00:00.0,30839.3,22.39,45066.3,29.1455
06/02/23 17:10:00.0,30849.5,22.38,45089.3,29.1621
06/02/23 17:20:00.0,30864.7,22.36,45128.8,29.1906
06/02/23 17:30:00.0,30844.4,22.34,45116.6,29.1818
06/02/23 17:40:00.0,30857.1,22.42,45059.3,29.1405
06/02/23 17:50:00.0,30864.7,22.29,45190.4,29.2351
06/02/23 18:00:00.0,30844.4,22.32,45131.4,29.1925
06/02/23 18:10:00.0,30867.3,22.38,45107.6,29.1753
06/02/23 18:20:00.0,30852.0,22.29,45168.0,29.2189
06/02/23 18:30:00.0,30859.7,22.32,45149.9,29.2059
06/02/23 18:40:00.0,30887.7,22.39,45124.3,29.1873
06/02/23 18:50:00.0,30918.3,22.46,45102.4,29.1716
06/02/23 19:00:00.0,30933.6,22.46,45123.5,29.1868
06/02/23 19:10:00.0,30905.5,22.42,45118.5,29.1832
06/02/23 19:20:00.0,30971.9,22.55,45093.0,29.1648
06/02/23 19:30:00.0,30943.8,22.47,45125.2,29.1880
06/02/23 19:40:00.0,30964.3,22.53,45098.0,29.1684
06/02/23 19:50:00.0,30977.1,22.59,45059.6,29.1407
06/02/23 20:00:00.0,30964.3,22.52,45104.7,29.1732
06/02/23 20:10:00.0,30941.2,22.52,45069.8,29.1480
06/02/23 20:20:00.0,30979.6,22.57,45078.0,29.1539
06/02/23 20:30:00.0,30956.6,22.59,45024.7,29.1155
06/02/23 20:40:00.0,31007.8,22.69,45005.1,29.1014
06/02/23 20:50:00.0,31036.0,22.74,44998.5,29.0966
06/02/23 21:00:00.0,31018.1,22.69,45017.5,29.1103
06/02/23 21:10:00.0,31010.4,22.68,45014.3,29.1080
06/02/23 21:20:00.0,30979.6,22.63,45014.7,29.1083
06/02/23 21:30:00.0,30964.3,22.60,45019.0,29.1114
06/02/23 21:40:00.0,30925.9,22.50,45054.7,29.1371
06/02/23 21:50:00.0,30925.9,22.53,45025.6,29.1161
06/02/23 22:00:00.0,30984.7,22.65,44998.5,29.0966
06/02/23 22:10:00.0,30964.3,22.62,44995.4,29.0943
06/02/23 22:20:00.0,30948.9,22.53,45055.2,29.1375
06/02/23 22:30:00.0,31002.7,22.57,45095.0,29.1662
06/02/23 22:40:00.0,31033.5,22.62,45092.0,29.1641
06/02/23 22:50:00.0,30987.3,22.58,45060.8,29.1415
06/02/23 23:00:00.0,30995.0,22.52,45126.5,29.1889
06/02/23 23:10:00.0,31005.2,22.48,45177.3,29.2256
06/02/23 23:20:00.0,31000.1,22.42,45224.5,29.2597
06/02/23 23:30:00.0,31007.8,22.38,45271.9,29.2939
06/02/23 23:40:00.0,30987.3,22.33,45287.5,29.3052
06/02/23 23:50:00.0,31020.6,22.29,45372.3,29.3665
06/03/23 00:00:00.0,30977.1,22.25,45345.0,29.3467
06/03/23 00:10:00.0,31012.9,22.25,45396.0,29.3836
06/03/23 00:20:00.0,30989.9,22.25,45361.1,29.3584
06/03/23 00:30:00.0,31005.2,22.27,45363.4,29.3601
06/03/23 00:40:00.0,31005.2,22.27,45362.2,29.3592
06/03/23 00:50:00.0,30982.2,22.25,45346.0,29.3475
06/03/23 01:00:00.0,31005.2,22.27,45359.6,29.3573
06/03/23 01:10:00.0,30997.5,22.25,45365.8,29.3618
06/03/23 01:20:00.0,30979.6,22.23,45357.2,29.3555
06/03/23 01:30:00.0,30956.6,22.22,45331.6,29.3371
06/03/23 01:40:00.0,30974.5,22.22,45356.5,29.3551
06/03/23 01:50:00.0,30971.9,22.23,45342.1,29.3446
06/03/23 02:00:00.0,30936.1,22.26,45260.3,29.2856
06/03/23 02:10:00.0,30992.4,22.29,45313.2,29.3238
06/03/23 02:20:00.0,30920.8,22.33,45170.0,29.2203
06/03/23 02:30:00.0,30941.2,22.31,45217.2,29.2544
06/03/23 02:40:00.0,30964.3,22.37,45193.5,29.2374
06/03/23 02:50:00.0,30941.2,22.28,45242.7,29.2728
06/03/23 03:00:00.0,30925.9,22.26,45237.8,29.2693
06/03/23 03:10:00.0,30931.0,22.27,45234.6,29.2670
06/03/23 03:20:00.0,30915.7,22.26,45220.3,29.2567
06/03/23 03:30:00.0,30900.4,22.26,45196.7,29.2396
06/03/23 03:40:00.0,30882.6,22.27,45160.1,29.2132
06/03/23 03:50:00.0,30887.7,22.36,45082.3,29.1570
06/03/23 04:00:00.0,30872.4,22.26,45151.9,29.2073
06/03/23 04:10:00.0,30872.4,22.32,45094.7,29.1660
06/03/23 04:20:00.0,30854.6,22.38,45011.6,29.1060
06/03/23 04:30:00.0,30862.2,22.37,45030.7,29.1198
06/03/23 04:40:00.0,30836.8,22.37,44992.4,29.0922
06/03/23 04:50:00.0,30844.4,22.41,44965.0,29.0724
06/03/23 05:00:00.0,30834.2,22.33,45023.3,29.1144
06/03/23 05:10:00.0,30793.7,22.37,44925.8,29.0441
06/03/23 05:20:00.0,30765.8,22.28,44967.4,29.0742
06/03/23 05:30:00.0,30763.3,22.18,45055.7,29.1378
06/03/23 05:40:00.0,30760.8,22.16,45069.4,29.1478
06/03/23 05:50:00.0,30725.4,22.11,45063.0,29.1431
06/03/23 06:00:00.0,30690.1,22.05,45066.1,29.1454
06/03/23 06:10:00.0,30715.3,22.05,45101.8,29.1711
06/03/23 06:20:00.0,30700.2,22.05,45078.4,29.1542
06/03/23 06:30:00.0,30685.1,22.04,45064.3,29.1441
06/03/23 06:40:00.0,20482.8,22.01,30111.8,18.6485
06/03/23 06:50:00.0,20830.4,21.97,30647.1,19.0137
06/03/23 07:00:00.0,20748.2,21.92,30557.4,18.9524
06/03/23 07:10:00.0,21997.7,21.90,32408.5,20.2209
06/03/23 07:20:00.0,20603.7,21.86,30381.2,18.8322
06/03/23 07:30:00.0,20944.2,21.86,30882.0,19.1741
06/03/23 07:40:00.0,20238.3,21.86,29841.3,18.4643
06/03/23 07:50:00.0,20205.7,21.85,29798.6,18.4353
06/03/23 08:00:00.0,18449.5,21.84,27215.8,16.6878
06/03/23 08:10:00.0,16358.3,21.80,24153.0,14.6419
06/03/23 08:20:00.0,14781.1,21.78,21834.5,13.1132
06/03/23 08:30:00.0,12746.4,21.76,18838.1,11.1648
06/03/23 08:40:00.0,26411.8,21.73,39032.6,24.8380
06/03/23 08:50:00.0,30622.2,21.70,45273.5,29.2951
06/03/23 09:00:00.0,30659.9,21.70,45327.8,29.3343
06/03/23 09:10:00.0,30667.4,21.69,45347.1,29.3483
06/03/23 09:20:00.0,30637.3,21.66,45329.7,29.3357
06/03/23 09:30:00.0,30634.8,21.65,45334.2,29.3390
06/03/23 09:40:00.0,30629.8,21.62,45353.9,29.3532
06/03/23 09:50:00.0,30642.3,21.64,45352.2,29.3520
06/03/23 10:00:00.0,30607.2,21.59,45346.4,29.3477
06/03/23 10:10:00.0,30612.2,21.59,45352.5,29.3522
06/03/23 10:20:00.0,30612.2,21.59,45351.2,29.3512
06/03/23 10:30:00.0,30574.6,21.60,45284.8,29.3033
06/03/23 10:40:00.0,30599.7,21.62,45301.8,29.3155
06/03/23 10:50:00.0,30627.3,21.62,45341.3,29.3441
06/03/23 11:00:00.0,30602.2,21.64,45284.0,29.3027
06/03/23 11:10:00.0,30614.7,21.63,45310.6,29.3219
06/03/23 11:20:00.0,30584.6,21.66,45236.5,29.2684
06/03/23 11:30:00.0,30569.6,21.62,45250.9,29.2787
06/03/23 11:40:00.0,30602.2,21.62,45297.8,29.3126
06/03/23 11:50:00.0,30557.1,21.55,45296.0,29.3114
06/03/23 12:00:00.0,30524.7,21.49,45303.6,29.3168
06/03/23 12:10:00.0,30492.3,21.45,45292.2,29.3086
06/03/23 12:20:00.0,30514.7,21.45,45324.1,29.3317
06/03/23 12:30:00.0,30512.2,21.50,45271.8,29.2938
06/03/23 12:40:00.0,30524.7,21.53,45260.6,29.2858
06/03/23 12:50:00.0,30509.7,21.53,45237.1,29.2688
06/03/23 13:00:00.0,30499.8,21.54,45211.7,29.2505
06/03/23 13:10:00.0,30497.3,21.54,45206.7,29.2469
06/03/23 13:20:00.0,30474.9,21.53,45181.7,29.2288
06/03/23 13:30:00.0,30487.3,21.52,45208.3,29.2480
06/03/23 13:40:00.0,30482.3,21.49,45228.0,29.2622
06/03/23 13:50:00.0,30460.0,21.43,45250.4,29.2784
06/03/23 14:00:00.0,30447.5,21.39,45268.5,29.2915
06/03/23 14:10:00.0,30437.6,21.41,45233.6,29.2663
06/03/23 14:20:00.0,30445.1,21.39,45262.4,29.2871
06/03/23 14:30:00.0,30427.7,21.38,45244.8,29.2744
06/03/23 14:40:00.0,30432.6,21.37,45260.3,29.2855
06/03/23 14:50:00.0,30405.4,21.32,45266.0,29.2897
06/03/23 15:00:00.0,30390.5,21.31,45252.1,29.2796
06/03/23 15:10:00.0,30375.7,21.29,45247.8,29.2765
06/03/23 15:20:00.0,30323.8,21.28,45178.8,29.2267
06/03/23 15:30:00.0,30331.2,21.27,45198.0,29.2406
06/03/23 15:40:00.0,30343.6,21.27,45215.2,29.2530
06/03/23 15:50:00.0,30321.4,21.24,45209.3,29.2488
06/03/23 16:00:00.0,30346.0,21.24,45244.7,29.2743
06/03/23 16:10:00.0,30351.0,21.23,45260.4,29.2856
06/03/23 16:20:00.0,30309.1,21.22,45206.2,29.2465
06/03/23 16:30:00.0,30277.1,21.18,45195.2,29.2386
06/03/23 16:40:00.0,30299.2,21.16,45245.9,29.2752
06/03/23 16:50:00.0,30223.1,20.90,45379.0,29.3713
06/03/23 17:00:00.0,30237.8,20.84,45457.3,29.4279
06/03/23 17:10:00.0,30196.2,20.80,45431.9,29.4096
06/03/23 17:20:00.0,30225.5,20.81,45465.1,29.4335
06/03/23 17:30:00.0,30267.2,20.75,45584.2,29.5196
06/03/23 17:40:00.0,30277.1,20.74,45607.4,29.5364
06/03/23 17:50:00.0,30284.5,20.73,45626.9,29.5505
06/03/23 18:00:00.0,30247.6,20.71,45589.4,29.5234
06/03/23 18:10:00.0,30250.1,20.68,45620.8,29.5461
06/03/23 18:20:00.0,30252.5,20.68,45623.1,29.5478
06/03/23 18:30:00.0,30245.2,20.68,45610.9,29.5389
06/03/23 18:40:00.0,30237.8,20.66,45617.7,29.5439
06/03/23 18:50:00.0,30215.7,20.63,45612.1,29.5398
06/03/23 19:00:00.0,30188.8,20.61,45589.6,29.5236
06/03/23 19:10:00.0,30179.0,20.59,45592.9,29.5259
06/03/23 19:20:00.0,30140.0,20.48,45639.2,29.5594
06/03/23 19:30:00.0,30154.6,20.45,45689.0,29.5955
06/03/23 19:40:00.0,30154.6,20.45,45687.7,29.5945
06/03/23 19:50:00.0,30135.1,20.47,45637.6,29.5582
06/03/23 20:00:00.0,30166.8,20.43,45723.0,29.6200
06/03/23 20:10:00.0,30188.8,20.43,45755.0,29.6432
06/03/23 20:20:00.0,30210.8,20.44,45777.3,29.6593
06/03/23 20:30:00.0,30205.9,20.36,45846.4,29.7093
06/03/23 20:40:00.0,30176.6,20.22,45937.5,29.7752
06/03/23 20:50:00.0,30191.3,20.12,46056.6,29.8615
06/03/23 21:00:00.0,30137.5,20.02,46071.7,29.8724
06/03/23 21:10:00.0,30159.5,19.97,46153.2,29.9315
06/03/23 21:20:00.0,30144.9,19.91,46188.9,29.9573
06/03/23 21:30:00.0,30132.7,19.81,46267.9,30.0146
06/03/23 21:40:00.0,30149.7,19.76,46342.3,30.0685
06/03/23 21:50:00.0,30125.4,19.69,46373.3,30.0910
06/03/23 22:00:00.0,30144.9,19.64,46451.8,30.1480
06/03/23 22:10:00.0,30137.5,19.53,46549.1,30.2185
06/03/23 22:20:00.0,30103.4,19.47,46555.4,30.2231
06/03/23 22:30:00.0,30098.6,19.45,46566.7,30.2313
06/03/23 22:40:00.0,30113.2,19.42,46618.0,30.2685
06/03/23 22:50:00.0,30091.3,19.34,46663.3,30.3014
06/03/23 23:00:00.0,30120.5,19.31,46737.4,30.3552
06/03/23 23:10:00.0,30103.4,19.29,46729.8,30.3497
06/03/23 23:20:00.0,30098.6,19.28,46731.2,30.3507
06/03/23 23:30:00.0,30079.1,19.27,46709.7,30.3351
06/03/23 23:40:00.0,30091.3,19.27,46727.3,30.3479
06/03/23 23:50:00.0,30091.3,19.27,46726.0,30.3469
06/04/23 00:00:00.0,30091.3,19.27,46724.7,30.3459
06/04/23 00:10:00.0,30062.1,19.29,46657.9,30.2975
06/04/23 00:20:00.0,30088.9,19.31,46678.0,30.3120
06/04/23 00:30:00.0,30103.4,19.33,46678.9,30.3127
06/04/23 00:40:00.0,30088.9,19.33,46655.2,30.2955
06/04/23 00:50:00.0,30059.7,19.33,46608.7,30.2618
06/04/23 01:00:00.0,30088.9,19.34,46642.5,30.2863
06/04/23 01:10:00.0,30115.6,19.37,46652.2,30.2934
06/04/23 01:20:00.0,30071.8,19.37,46583.2,30.2433
06/04/23 01:30:00.0,30079.1,19.34,46623.3,30.2724
06/04/23 01:40:00.0,30079.1,19.35,46612.0,30.2641
06/04/23 01:50:00.0,30064.6,19.37,46568.1,30.2323
06/04/23 02:00:00.0,30064.6,19.38,46556.8,30.2241
06/04/23 02:10:00.0,30071.8,19.37,46576.6,30.2385
06/04/23 02:20:00.0,30071.8,19.38,46565.2,30.2302
06/04/23 02:30:00.0,30071.8,19.39,46553.9,30.2220
06/04/23 02:40:00.0,30069.4,19.40,46538.8,30.2111
06/04/23 02:50:00.0,30076.7,19.43,46518.7,30.1965
06/04/23 03:00:00.0,29999.2,19.45,46377.8,30.0943
06/04/23 03:10:00.0,30047.6,19.48,46421.1,30.1257
06/04/23 03:20:00.0,30052.4,19.50,46407.2,30.1156
06/04/23 03:30:00.0,30040.3,19.49,46397.2,30.1084
06/04/23 03:40:00.0,30023.4,19.48,46379.9,30.0958
06/04/23 03:50:00.0,30018.5,19.45,46401.0,30.1111
06/04/23 04:00:00.0,29979.8,19.45,46340.0,30.0669
06/04/23 04:10:00.0,30001.6,19.44,46382.3,30.0975
06/04/23 04:20:00.0,30023.4,19.43,46424.6,30.1282
06/04/23 04:30:00.0,30023.4,19.39,46463.3,30.1563
06/04/23 04:40:00.0,30040.3,19.39,46488.1,30.1743
06/04/23 04:50:00.0,30033.0,19.38,46485.5,30.1724
06/04/23 05:00:00.0,30018.5,19.37,46471.9,30.1625
06/04/23 05:10:00.0,30004.0,19.37,46448.2,30.1453
06/04/23 05:20:00.0,29996.7,19.32,46485.7,30.1725
06/04/23 05:30:00.0,29999.2,19.31,46498.3,30.1817
06/04/23 05:40:00.0,29984.7,19.29,46494.6,30.1790
06/04/23 05:50:00.0,29967.8,19.28,46477.2,30.1664
06/04/23 06:00:00.0,29965.3,19.26,46492.1,30.1772
06/04/23 06:10:00.0,29984.7,19.26,46520.8,30.1980
06/04/23 06:20:00.0,29970.2,19.27,46487.0,30.1735
06/04/23 06:30:00.0,29962.9,19.27,46474.4,30.1643
06/04/23 06:40:00.0,17437.7,19.28,27070.0,16.5898
06/04/23 06:50:00.0,15095.6,19.29,23433.4,14.1656
06/04/23 07:00:00.0,14440.5,19.32,22402.5,13.4861
06/04/23 07:10:00.0,30011.2,19.31,46503.6,30.1855
06/04/23 07:20:00.0,30008.8,19.31,46498.6,30.1819
06/04/23 07:30:00.0,30011.2,19.31,46501.0,30.1836
06/04/23 07:40:00.0,29996.7,19.32,46467.2,30.1591
06/04/23 07:50:00.0,30025.8,19.31,46520.9,30.1981
06/04/23 08:00:00.0,30004.0,19.31,46485.9,30.1727
06/04/23 08:10:00.0,30020.9,19.31,46510.7,30.1907
06/04/23 08:20:00.0,30013.7,19.32,46488.2,30.1744
06/04/23 08:30:00.0,30035.5,19.33,46510.6,30.1906
06/04/23 08:40:00.0,30025.8,19.33,46494.3,30.1787
06/04/23 08:50:00.0,30013.7,19.32,46484.3,30.1715
06/04/23 09:00:00.0,30004.0,19.33,46458.0,30.1524
06/04/23 09:10:00.0,30013.7,19.32,46481.7,30.1696
06/04/23 09:20:00.0,29989.5,19.31,46453.0,30.1488
06/04/23 09:30:00.0,29984.7,19.28,46474.3,30.1643
06/04/23 09:40:00.0,29991.9,19.31,46454.0,30.1496
06/04/23 09:50:00.0,30016.1,19.29,46510.2,30.1903
06/04/23 10:00:00.0,30008.8,19.29,46497.6,30.1812
06/04/23 10:10:00.0,30006.4,19.29,46492.6,30.1775
06/04/23 10:20:00.0,30008.8,19.28,46505.0,30.1865
06/04/23 10:30:00.0,30004.0,19.26,46516.4,30.1948
06/04/23 10:40:00.0,29996.7,19.24,46523.9,30.2002
06/04/23 10:50:00.0,29994.3,19.21,46549.0,30.2184
06/04/23 11:00:00.0,29847.5,18.81,46724.0,30.3454
06/04/23 11:10:00.0,29826.0,18.66,46841.8,30.4310
06/04/23 11:20:00.0,29821.2,18.55,46945.5,30.5063
06/04/23 11:30:00.0,29823.6,18.51,46989.0,30.5379
06/04/23 11:40:00.0,29814.0,18.44,47044.5,30.5782
06/04/23 11:50:00.0,29809.2,18.47,47004.7,30.5494
06/04/23 12:00:00.0,29802.1,18.48,46982.0,30.5328
06/04/23 12:10:00.0,29816.4,18.48,47003.1,30.5482
06/04/23 12:20:00.0,29809.2,18.51,46959.7,30.5166
06/04/23 12:30:00.0,29830.8,18.54,46961.5,30.5179
06/04/23 12:40:00.0,29837.9,18.49,47022.6,30.5624
06/04/23 12:50:00.0,29845.1,18.55,46971.0,30.5249
06/04/23 13:00:00.0,29842.7,18.68,46832.9,30.4246
06/04/23 13:10:00.0,29845.1,18.68,46835.4,30.4263
06/04/23 13:20:00.0,29861.9,18.72,46819.5,30.4148
06/04/23 13:30:00.0,29861.9,18.79,46746.9,30.3621
06/04/23 13:40:00.0,29840.3,18.75,46752.5,30.3662
06/04/23 13:50:00.0,29866.7,18.81,46731.4,30.3508
06/04/23 14:00:00.0,29881.1,18.87,46691.6,30.3219
06/04/23 14:10:00.0,29871.5,18.93,46614.5,30.2660
06/04/23 14:20:00.0,29830.8,18.86,46620.7,30.2705
06/04/23 14:30:00.0,29885.9,18.97,46593.8,30.2510
06/04/23 14:40:00.0,29871.5,19.03,46509.5,30.1898
06/04/23 14:50:00.0,29828.4,19.01,46461.4,30.1549
06/04/23 15:00:00.0,29840.3,19.06,46428.3,30.1309
06/04/23 15:10:00.0,29873.9,19.13,46408.7,30.1167
06/04/23 15:20:00.0,29922.0,19.13,46481.9,30.1698
06/04/23 15:30:00.0,29895.5,19.16,46409.4,30.1172
06/04/23 15:40:00.0,29876.3,19.13,46408.4,30.1165
06/04/23 15:50:00.0,29840.3,19.11,46371.4,30.0896
06/04/23 16:00:00.0,29881.1,19.13,46413.2,30.1200
06/04/23 16:10:00.0,29924.4,19.16,46448.8,30.1458
06/04/23 16:20:00.0,29943.6,19.33,46306.8,30.0428
06/04/23 16:30:00.0,29943.6,19.29,46345.5,30.0708
06/04/23 16:40:00.0,29895.5,19.19,46370.0,30.0886
06/04/23 16:50:00.0,29866.7,19.18,46334.2,30.0626
06/04/23 17:00:00.0,29859.5,19.24,46261.7,30.0101
06/04/23 17:10:00.0,29878.7,19.24,46290.0,30.0306
06/04/23 17:20:00.0,29878.7,19.24,46288.7,30.0297
06/04/23 17:30:00.0,29900.3,19.24,46320.8,30.0529
06/04/23 17:40:00.0,29859.5,19.21,46286.4,30.0280
06/04/23 17:50:00.0,29845.1,19.19,46282.8,30.0254
06/04/23 18:00:00.0,29804.4,19.16,46248.6,30.0006
06/04/23 18:10:00.0,29806.8,19.13,46281.0,30.0241
06/04/23 18:20:00.0,29888.3,19.21,46325.7,30.0565
06/04/23 18:30:00.0,29873.9,19.23,46282.1,30.0249
06/04/23 18:40:00.0,29866.7,19.19,46309.7,30.0449
06/04/23 18:50:00.0,29782.9,19.06,46308.9,30.0443
06/04/23 19:00:00.0,29747.2,18.89,46423.2,30.1272
06/04/23 19:10:00.0,29675.9,18.69,46512.8,30.1922
06/04/23 19:20:00.0,29718.6,18.69,46578.3,30.2397
06/04/23 19:30:00.0,29723.4,18.71,46564.1,30.2294
06/04/23 19:40:00.0,29773.4,18.72,46630.8,30.2778
06/04/23 19:50:00.0,29780.6,18.72,46640.7,30.2850
06/04/23 20:00:00.0,29771.0,18.75,46593.9,30.2511
06/04/23 20:10:00.0,29828.4,18.79,46641.6,30.2856
06/04/23 20:20:00.0,29821.2,18.79,46629.0,30.2765
06/04/23 20:30:00.0,29814.0,18.75,46657.1,30.2969
06/04/23 20:40:00.0,29818.8,18.48,46938.8,30.5015
06/04/23 20:50:00.0,29826.0,18.44,46989.9,30.5386
06/04/23 21:00:00.0,29811.6,18.38,47027.6,30.5660
06/04/23 21:10:00.0,29804.4,18.35,47045.8,30.5792
06/04/23 21:20:00.0,29814.0,18.30,47111.2,30.6267
06/04/23 21:30:00.0,29806.8,18.28,47119.1,30.6325
06/04/23 21:40:00.0,29809.2,18.26,47142.2,30.6493
06/04/23 21:50:00.0,29816.4,18.24,47172.9,30.6716
06/04/23 22:00:00.0,29802.1,18.22,47169.7,30.6693
06/04/23 22:10:00.0,29802.1,18.19,47199.4,30.6909
06/04/23 22:20:00.0,29775.8,18.16,47187.6,30.6823
06/04/23 22:30:00.0,29778.2,18.00,47356.3,30.8050
06/04/23 22:40:00.0,29771.0,17.92,47427.1,30.8565
06/04/23 22:50:00.0,29766.3,17.90,47439.1,30.8653
06/04/23 23:00:00.0,29782.9,17.88,47485.1,30.8987
06/04/23 23:10:00.0,29771.0,17.90,47443.9,30.8688
06/04/23 23:20:00.0,29787.7,17.88,47490.0,30.9023
06/04/23 23:30:00.0,29763.9,17.88,47450.8,30.8738
06/04/23 23:40:00.0,29766.3,17.88,47453.3,30.8756
06/04/23 23:50:00.0,29773.4,17.88,47463.2,30.8828
06/05/23 00:00:00.0,29771.0,17.90,47437.2,30.8639
06/05/23 00:10:00.0,29773.4,17.90,47439.6,30.8657
06/05/23 00:20:00.0,29749.6,17.92,47379.6,30.8220
06/05/23 00:30:00.0,29756.7,17.93,47379.1,30.8216
06/05/23 00:40:00.0,29763.9,17.93,47389.2,30.8289
06/05/23 00:50:00.0,29749.6,17.95,47344.3,30.7962
06/05/23 01:00:00.0,29756.7,17.95,47354.2,30.8035
06/05/23 01:10:00.0,29756.7,17.97,47332.0,30.7873
06/05/23 01:20:00.0,29768.6,17.97,47349.5,30.8001
06/05/23 01:30:00.0,29771.0,17.97,47352.0,30.8019
06/05/23 01:40:00.0,29740.0,17.97,47301.5,30.7651
06/05/23 01:50:00.0,29718.6,18.02,47214.2,30.7016
06/05/23 02:00:00.0,29740.0,18.03,47236.4,30.7178
06/05/23 02:10:00.0,29732.9,18.01,47244.5,30.7237
06/05/23 02:20:00.0,29735.3,18.02,47236.6,30.7179
06/05/23 02:30:00.0,29732.9,18.02,47231.5,30.7142
06/05/23 02:40:00.0,29732.9,18.02,47230.1,30.7132
06/05/23 02:50:00.0,29697.2,18.01,47182.6,30.6787
06/05/23 03:00:00.0,29697.2,18.01,47181.3,30.6777
06/05/23 03:10:00.0,29711.5,18.01,47202.6,30.6932
06/05/23 03:20:00.0,29668.8,18.01,47133.6,30.6431
06/05/23 03:30:00.0,29668.8,18.02,47121.9,30.6345
06/05/23 03:40:00.0,29690.1,18.06,47112.8,30.6279
06/05/23 03:50:00.0,29694.9,18.11,47067.3,30.5949
06/05/23 04:00:00.0,29702.0,18.16,47025.5,30.5645
06/05/23 04:10:00.0,29706.7,18.16,47031.6,30.5689
06/05/23 04:20:00.0,29692.5,18.17,46997.5,30.5441
06/05/23 04:30:00.0,29711.5,18.21,46984.9,30.5350
06/05/23 04:40:00.0,29718.6,18.26,46943.3,30.5047
06/05/23 04:50:00.0,29671.1,18.18,46949.5,30.5092
06/05/23 05:00:00.0,29647.5,18.05,47045.1,30.5787
06/05/23 05:10:00.0,29621.4,18.01,47043.8,30.5778
06/05/23 05:20:00.0,29642.7,18.01,47076.2,30.6013
06/05/23 05:30:00.0,29623.8,17.98,47076.0,30.6012
06/05/23 05:40:00.0,29597.8,17.97,47043.8,30.5778
06/05/23 05:50:00.0,29614.3,17.98,47058.3,30.5883
06/05/23 06:00:00.0,29600.2,17.96,47055.3,30.5861
06/05/23 06:10:00.0,29614.3,17.93,47107.5,30.6240
06/05/23 06:20:00.0,29626.2,17.93,47125.0,30.6368
06/05/23 06:30:00.0,29623.8,17.93,47119.8,30.6330
06/05/23 06:40:00.0,29614.3,17.92,47113.8,30.6287
06/05/23 06:50:00.0,29616.7,17.93,47105.9,30.6229
06/05/23 07:00:00.0,29609.6,17.91,47114.1,30.6288
06/05/23 07:10:00.0,29609.6,17.91,47112.7,30.6279
06/05/23 07:20:00.0,29623.8,17.91,47133.9,30.6433
06/05/23 07:30:00.0,29616.7,17.91,47121.3,30.6341
06/05/23 07:40:00.0,29583.7,17.90,47078.0,30.6026
06/05/23 07:50:00.0,29595.5,17.90,47095.4,30.6152
06/05/23 08:00:00.0,29515.4,17.90,46967.0,30.5219
06/05/23 08:10:00.0,29616.7,17.91,47115.9,30.6302
06/05/23 08:20:00.0,29609.6,17.91,47103.3,30.6210
06/05/23 08:30:00.0,29602.5,17.92,47080.4,30.6043
06/05/23 08:40:00.0,29602.5,17.92,47079.0,30.6034
06/05/23 08:50:00.0,29590.7,17.82,47162.8,30.6643
06/05/23 09:00:00.0,29600.2,17.84,47155.8,30.6592
06/05/23 09:10:00.0,29578.9,17.76,47203.9,30.6942
06/05/23 09:20:00.0,29567.2,17.75,47194.4,30.6872
06/05/23 09:30:00.0,29574.2,17.71,47245.9,30.7247
06/05/23 09:40:00.0,29553.0,17.72,47200.4,30.6916
06/05/23 09:50:00.0,29567.2,17.74,47200.8,30.6919
06/05/23 10:00:00.0,29602.5,17.75,47245.1,30.7242
06/05/23 10:10:00.0,29581.3,17.76,47199.7,30.6911
06/05/23 10:20:00.0,29586.0,17.75,47216.2,30.7031
06/05/23 10:30:00.0,29602.5,17.75,47241.1,30.7212
06/05/23 10:40:00.0,29602.5,17.72,47271.1,30.7430
06/05/23 10:50:00.0,29520.1,17.37,47505.6,30.9137
06/05/23 11:00:00.0,29501.3,17.35,47495.2,30.9061
06/05/23 11:10:00.0,29522.5,17.35,47527.8,30.9299
06/05/23 11:20:00.0,29510.7,17.30,47560.4,30.9535
06/05/23 11:30:00.0,29513.1,17.28,47584.0,30.9708
06/05/23 11:40:00.0,29517.8,17.27,47600.8,30.9830
06/05/23 11:50:00.0,29543.6,17.25,47662.1,31.0276
06/05/23 12:00:00.0,29506.0,17.23,47621.5,30.9981
06/05/23 12:10:00.0,29510.7,17.18,47680.8,31.0412
06/05/23 12:20:00.0,29510.7,17.21,47647.6,31.0170
06/05/23 12:30:00.0,29506.0,17.22,47628.0,31.0028
06/05/23 12:40:00.0,29517.8,17.23,47635.1,31.0079
06/05/23 12:50:00.0,29506.0,17.24,47604.1,30.9854
06/05/23 13:00:00.0,29470.8,17.25,47535.6,30.9355
06/05/23 13:10:00.0,29531.9,17.25,47632.4,31.0060
06/05/23 13:20:00.0,29517.8,17.28,47576.7,30.9654
06/05/23 13:30:00.0,29536.6,17.30,47584.3,30.9710
06/05/23 13:40:00.0,29529.5,17.35,47518.7,30.9232
06/05/23 13:50:00.0,29513.1,17.34,47501.6,30.9108
06/05/23 14:00:00.0,29548.3,17.35,47546.2,30.9432
06/05/23 14:10:00.0,29522.5,17.35,47503.4,30.9121
06/05/23 14:20:00.0,29522.5,17.39,47459.9,30.8804
06/05/23 14:30:00.0,29494.3,17.37,47434.4,30.8619
06/05/23 14:40:00.0,29522.5,17.38,47467.7,30.8861
06/05/23 14:50:00.0,29508.4,17.40,47422.7,30.8534
06/05/23 15:00:00.0,29506.0,17.54,47270.5,30.7426
06/05/23 15:10:00.0,29520.1,17.58,47249.8,30.7275
06/05/23 15:20:00.0,29550.7,17.70,47171.8,30.6708
06/05/23 15:30:00.0,29569.5,17.79,47106.7,30.6235
06/05/23 15:40:00.0,29609.6,17.85,47106.6,30.6234
06/05/23 15:50:00.0,29609.6,17.87,47084.5,30.6073
06/05/23 16:00:00.0,29616.7,17.85,47115.2,30.6296
06/05/23 16:10:00.0,29604.9,17.85,47095.1,30.6150
06/05/23 16:20:00.0,29588.4,17.82,47098.8,30.6177
06/05/23 16:30:00.0,29555.4,17.77,47097.0,30.6164
06/05/23 16:40:00.0,29555.4,17.75,47116.5,30.6306
06/05/23 16:50:00.0,29569.5,17.72,47168.8,30.6686
06/05/23 17:00:00.0,29574.2,17.74,47154.1,30.6579
06/05/23 17:10:00.0,29557.7,17.69,47178.6,30.6758
06/05/23 17:20:00.0,29569.5,17.72,47164.8,30.6657
06/05/23 17:30:00.0,29569.5,17.72,47163.4,30.6647
06/05/23 17:40:00.0,29576.6,17.74,47152.5,30.6568
06/05/23 17:50:00.0,29602.5,17.76,47171.5,30.6706
06/05/23 18:00:00.0,29588.4,17.77,47137.3,30.6457
06/05/23 18:10:00.0,29588.4,17.76,47146.4,30.6523
06/05/23 18:20:00.0,29555.4,17.75,47103.0,30.6208
06/05/23 18:30:00.0,29562.4,17.75,47112.8,30.6279
06/05/23 18:40:00.0,29560.1,17.75,47107.8,30.6243
06/05/23 18:50:00.0,29567.2,17.76,47107.3,30.6239
06/05/23 19:00:00.0,29555.4,17.76,47087.3,30.6093
06/05/23 19:10:00.0,29555.4,17.80,47044.3,30.5782
06/05/23 19:20:00.0,29562.4,17.79,47064.5,30.5928
06/05/23 19:30:00.0,29560.1,17.79,47059.5,30.5892
06/05/23 19:40:00.0,29567.2,17.77,47090.2,30.6115
06/05/23 19:50:00.0,29560.1,17.77,47077.6,30.6023
06/05/23 20:00:00.0,29571.9,17.77,47095.0,30.6150
06/05/23 20:10:00.0,29588.4,17.80,47088.6,30.6104
06/05/23 20:20:00.0,29574.2,17.80,47064.8,30.5930
06/05/23 20:30:00.0,29567.2,17.79,47062.7,30.5915
06/05/23 20:40:00.0,29562.4,17.65,47199.6,30.6910
06/05/23 20:50:00.0,29555.4,17.60,47239.3,30.7199
06/05/23 21:00:00.0,29543.6,17.59,47229.6,30.7129
06/05/23 21:10:00.0,29588.4,17.61,47278.7,30.7486
06/05/23 21:20:00.0,29586.0,17.63,47252.6,30.7296
06/05/23 21:30:00.0,29597.8,17.63,47270.1,30.7423
06/05/23 21:40:00.0,29595.5,17.66,47233.7,30.7158
06/05/23 21:50:00.0,29588.4,17.65,47231.5,30.7142
06/05/23 22:00:00.0,29604.9,17.65,47256.4,30.7323
06/05/23 22:10:00.0,29588.4,17.64,47239.3,30.7199
06/05/23 22:20:00.0,29623.8,17.64,47294.2,30.7599
06/05/23 22:30:00.0,29588.4,17.64,47236.6,30.7179
06/05/23 22:40:00.0,29574.2,17.64,47212.6,30.7005
06/05/23 22:50:00.0,29616.7,17.70,47216.2,30.7031
06/05/23 23:00:00.0,29616.7,17.70,47214.8,30.7021
06/05/23 23:10:00.0,29616.7,17.70,47213.5,30.7011
06/05/23 23:20:00.0,29699.6,17.71,47333.4,30.7884
06/05/23 23:30:00.0,29664.0,17.72,47265.1,30.7386
06/05/23 23:40:00.0,29664.0,17.72,47263.7,30.7377
06/05/23 23:50:00.0,29692.5,17.71,47318.1,30.7772
06/06/23 00:00:00.0,29692.5,17.71,47316.7,30.7762
06/06/23 00:10:00.0,29687.8,17.70,47318.4,30.7774
06/06/23 00:20:00.0,29692.5,17.70,47324.5,30.7819
06/06/23 00:30:00.0,29675.9,17.70,47296.8,30.7617
06/06/23 00:40:00.0,29678.3,17.69,47309.7,30.7711
06/06/23 00:50:00.0,29692.5,17.69,47330.9,30.7865
06/06/23 01:00:00.0,29687.8,17.67,47343.0,30.7953
06/06/23 01:10:00.0,29671.1,17.67,47315.1,30.7750
06/06/23 01:20:00.0,29699.6,17.66,47369.5,30.8146
06/06/23 01:30:00.0,29671.1,17.66,47322.9,30.7807
06/06/23 01:40:00.0,29692.5,17.66,47355.5,30.8045
06/06/23 01:50:00.0,29687.8,17.65,47357.2,30.8057
06/06/23 02:00:00.0,29683.0,17.65,47348.2,30.7991
06/06/23 02:10:00.0,29685.4,17.66,47340.2,30.7933
06/06/23 02:20:00.0,29683.0,17.66,47335.0,30.7895
06/06/23 02:30:00.0,29661.7,17.65,47310.3,30.7715
06/06/23 02:40:00.0,29678.3,17.67,47314.4,30.7745
06/06/23 02:50:00.0,29668.8,17.67,47297.9,30.7626
06/06/23 03:00:00.0,29647.5,17.66,47273.2,30.7446
06/06/23 03:10:00.0,29683.0,17.66,47328.3,30.7846
06/06/23 03:20:00.0,29668.8,17.65,47314.8,30.7748
06/06/23 03:30:00.0,29659.3,17.66,47287.9,30.7553
06/06/23 03:40:00.0,29683.0,17.66,47324.2,30.7817
06/06/23 03:50:00.0,29671.1,17.66,47303.9,30.7669
06/06/23 04:00:00.0,29678.3,17.67,47303.6,30.7667
06/06/23 04:10:00.0,29675.9,17.66,47308.9,30.7705
06/06/23 04:20:00.0,29678.3,17.66,47311.3,30.7723
06/06/23 04:30:00.0,29675.9,17.65,47316.6,30.7762
06/06/23 04:40:00.0,29647.5,17.64,47280.6,30.7499
06/06/23 04:50:00.0,29635.6,17.65,47249.9,30.7276
06/06/23 05:00:00.0,29647.5,17.65,47267.4,30.7404
06/06/23 05:10:00.0,29628.5,17.64,47246.4,30.7250
06/06/23 05:20:00.0,29664.0,17.65,47291.0,30.7575
06/06/23 05:30:00.0,29664.0,17.65,47289.6,30.7565
06/06/23 05:40:00.0,29628.5,17.65,47231.9,30.7145
06/06/23 05:50:00.0,29645.1,17.65,47256.9,30.7327
06/06/23 06:00:00.0,29640.4,17.64,47258.5,30.7339
06/06/23 06:10:00.0,29628.5,17.64,47238.3,30.7191
06/06/23 06:20:00.0,29642.7,17.61,47290.9,30.7574
06/06/23 06:30:00.0,29635.6,17.63,47257.3,30.7330
06/06/23 06:40:00.0,29623.8,17.61,47258.1,30.7336
06/06/23 06:50:00.0,29659.3,17.61,47313.2,30.7736
06/06/23 07:00:00.0,29635.6,17.63,47253.2,30.7300
06/06/23 07:10:00.0,29666.4,17.63,47300.8,30.7647
06/06/23 07:20:00.0,29664.0,17.63,47295.7,30.7609
06/06/23 07:30:00.0,29640.4,17.61,47277.7,30.7479
06/06/23 07:40:00.0,29666.4,17.63,47296.8,30.7617
06/06/23 07:50:00.0,29652.2,17.63,47272.9,30.7443
06/06/23 08:00:00.0,29659.3,17.63,47282.8,30.7515
06/06/23 08:10:00.0,29652.2,17.64,47259.7,30.7347
06/06/23 08:20:00.0,29692.5,17.65,47311.9,30.7727
06/06/23 08:30:00.0,29666.4,17.65,47269.1,30.7416
06/06/23 08:40:00.0,29638.0,17.65,47222.6,30.7078
06/06/23 08:50:00.0,29652.2,17.66,47233.4,30.7156
06/06/23 09:00:00.0,29616.7,17.67,47165.2,30.6660
06/06/23 09:10:00.0,29652.2,17.67,47220.2,30.7060
06/06/23 09:20:00.0,29628.5,17.67,47181.3,30.6777
06/06/23 09:30:00.0,29649.8,17.67,47213.7,30.7013
06/06/23 09:40:00.0,29671.1,17.70,47214.9,30.7021
06/06/23 09:50:00.0,29645.1,17.69,47182.7,30.6787
06/06/23 10:00:00.0,29630.9,17.69,47158.8,30.6614
06/06/23 10:10:00.0,29652.2,17.70,47180.8,30.6774
06/06/23 10:20:00.0,29666.4,17.72,47181.1,30.6776
06/06/23 10:30:00.0,29664.0,17.72,47176.0,30.6739
06/06/23 10:40:00.0,29685.4,17.74,47187.7,30.6824
06/06/23 10:50:00.0,29678.3,17.71,47206.4,30.6960
06/06/23 11:00:00.0,29666.4,17.70,47196.6,30.6889
06/06/23 11:10:00.0,29680.6,17.70,47217.8,30.7042
06/06/23 11:20:00.0,29687.8,17.71,47217.4,30.7040
06/06/23 11:30:00.0,29702.0,17.71,47238.6,30.7194
06/06/23 11:40:00.0,29694.9,17.71,47226.0,30.7102
06/06/23 11:50:00.0,29702.0,17.70,47246.3,30.7250
06/06/23 12:00:00.0,29716.3,17.70,47267.6,30.7405
06/06/23 12:10:00.0,29709.1,17.70,47254.9,30.7312
06/06/23 12:20:00.0,29735.3,17.72,47274.1,30.7452
06/06/23 12:30:00.0,29735.3,17.74,47251.9,30.7291
06/06/23 12:40:00.0,29735.3,17.75,47240.1,30.7205
06/06/23 12:50:00.0,29742.4,17.75,47250.0,30.7277
06/06/23 13:00:00.0,29735.3,17.75,47237.4,30.7185
06/06/23 13:10:00.0,29749.6,17.75,47258.7,30.7340
06/06/23 13:20:00.0,29761.5,17.76,47265.8,30.7391
06/06/23 13:30:00.0,29771.0,17.75,47289.9,30.7567
06/06/23 13:40:00.0,29749.6,17.76,47244.2,30.7235
06/06/23 13:50:00.0,29737.7,17.74,47244.9,30.7240
06/06/23 14:00:00.0,29749.6,17.76,47241.5,30.7215
06/06/23 14:10:00.0,29675.9,17.76,47123.5,30.6357
06/06/23 14:20:00.0,29749.6,17.77,47228.4,30.7120
06/06/23 14:30:00.0,29763.9,17.76,47260.1,30.7350
06/06/23 14:40:00.0,29671.1,17.76,47111.9,30.6272
06/06/23 14:50:00.0,29742.4,17.76,47223.3,30.7083
06/06/23 15:00:00.0,29771.0,17.80,47225.5,30.7099
06/06/23 15:10:00.0,29778.2,17.81,47225.1,30.7096
06/06/23 15:20:00.0,29785.3,17.80,47245.4,30.7244
06/06/23 15:30:00.0,29785.3,17.79,47254.5,30.7310
06/06/23 15:40:00.0,29763.9,17.81,47198.5,30.6902
06/06/23 15:50:00.0,29782.9,17.82,47216.7,30.7035
06/06/23 16:00:00.0,29771.0,17.79,47227.8,30.7116
06/06/23 16:10:00.0,29756.7,17.79,47203.9,30.6941
06/06/23 16:20:00.0,29763.9,17.80,47203.5,30.6939
06/06/23 16:30:00.0,29790.1,17.93,47108.3,30.6247
06/06/23 16:40:00.0,29723.4,17.88,47053.7,30.5849
06/06/23 16:50:00.0,29754.3,17.96,47018.1,30.5591
06/06/23 17:00:00.0,29593.1,17.85,46876.4,30.4561
06/06/23 17:10:00.0,29664.0,17.97,46862.9,30.4463
06/06/23 17:20:00.0,29699.6,18.06,46824.8,30.4186
06/06/23 17:30:00.0,29574.2,17.85,46842.5,30.4315
06/06/23 17:40:00.0,29508.4,17.85,46737.3,30.3551
06/06/23 17:50:00.0,29569.5,17.98,46698.4,30.3269
06/06/23 18:00:00.0,29560.1,18.27,46385.8,30.1001
06/06/23 18:10:00.0,29678.3,18.11,46733.2,30.3521
06/06/23 18:20:00.0,29583.7,18.13,46562.9,30.2285
06/06/23 18:30:00.0,29576.6,18.22,46458.5,30.1528
06/06/23 18:40:00.0,29680.6,18.26,46579.2,30.2404
06/06/23 18:50:00.0,29683.0,18.30,46540.8,30.2125
06/06/23 19:00:00.0,29642.7,18.43,46344.4,30.0700
06/06/23 19:10:00.0,29697.2,18.58,46276.1,30.0205
06/06/23 19:20:00.0,29706.7,18.11,46768.4,30.3777
06/06/23 19:30:00.0,29699.6,18.05,46817.6,30.4134
06/06/23 19:40:00.0,29664.0,17.95,46863.4,30.4467
06/06/23 19:50:00.0,29683.0,18.01,46830.1,30.4225
06/06/23 20:00:00.0,29683.0,18.03,46808.1,30.4065
06/06/23 20:10:00.0,29664.0,17.87,46942.0,30.5038
06/06/23 20:20:00.0,29666.4,17.81,47006.7,30.5508
06/06/23 20:30:00.0,29666.4,17.79,47026.1,30.5649
06/06/23 20:40:00.0,29652.2,17.79,47002.3,30.5476
06/06/23 20:50:00.0,29659.3,17.79,47012.1,30.5548
06/06/23 21:00:00.0,29675.9,17.79,47037.0,30.5728
06/06/23 21:10:00.0,29678.3,17.79,47039.5,30.5746
06/06/23 21:20:00.0,29666.4,17.80,47008.9,30.5524
06/06/23 21:30:00.0,29702.0,17.82,47043.1,30.5772
06/06/23 21:40:00.0,29721.0,17.86,47030.2,30.5679
06/06/23 21:50:00.0,29709.1,17.84,47030.8,30.5683
06/06/23 22:00:00.0,29713.9,17.86,47016.3,30.5578
06/06/23 22:10:00.0,29725.8,17.91,46981.9,30.5328
06/06/23 22:20:00.0,29742.4,17.92,46996.4,30.5433
06/06/23 22:30:00.0,29754.3,17.93,47003.4,30.5484
06/06/23 22:40:00.0,29740.0,17.93,46979.5,30.5311
06/06/23 22:50:00.0,29747.2,17.93,46989.5,30.5383
06/06/23 23:00:00.0,29754.3,17.96,46968.3,30.5229
06/06/23 23:10:00.0,29775.8,17.97,46990.4,30.5390
06/06/23 23:20:00.0,29730.5,18.00,46886.9,30.4637
06/06/23 23:30:00.0,29754.3,18.01,46912.6,30.4824
06/06/23 23:40:00.0,29747.2,18.02,46889.8,30.4659
06/06/23 23:50:00.0,29759.1,18.01,46917.5,30.4860
06/07/23 00:00:00.0,29773.4,18.01,46938.6,30.5013
06/07/23 00:10:00.0,29787.7,18.05,46918.4,30.4867
06/07/23 00:20:00.0,29794.9,18.07,46907.8,30.4789
06/07/23 00:30:00.0,29792.5,18.09,46882.0,30.4602
06/07/23 00:40:00.0,29782.9,18.11,46845.0,30.4333
06/07/23 00:50:00.0,29828.4,18.12,46904.7,30.4767
06/07/23 01:00:00.0,29806.8,18.14,46848.9,30.4362
06/07/23 01:10:00.0,29814.0,18.14,46858.9,30.4434
06/07/23 01:20:00.0,29833.1,18.17,46856.6,30.4417
06/07/23 01:30:00.0,29835.5,18.18,46848.7,30.4360
06/07/23 01:40:00.0,29818.8,18.17,46831.5,30.4235
06/07/23 01:50:00.0,29811.6,18.14,46849.7,30.4368
06/07/23 02:00:00.0,29835.5,18.13,46896.1,30.4705
06/07/23 02:10:00.0,29804.4,18.14,46835.8,30.4266
06/07/23 02:20:00.0,29806.8,18.14,46838.2,30.4284
06/07/23 02:30:00.0,29811.6,18.16,46823.8,30.4179
06/07/23 02:40:00.0,29797.3,18.16,46800.1,30.4007
06/07/23 02:50:00.0,29794.9,18.17,46784.7,30.3895
06/07/23 03:00:00.0,29816.4,18.19,46796.5,30.3981
06/07/23 03:10:00.0,29845.1,18.22,46809.2,30.4073
06/07/23 03:20:00.0,29852.3,18.24,46798.6,30.3996
06/07/23 03:30:00.0,29859.5,18.24,46808.5,30.4068
06/07/23 03:40:00.0,29859.5,18.24,46807.2,30.4058
06/07/23 03:50:00.0,29895.5,18.23,46872.3,30.4532
06/07/23 04:00:00.0,29871.5,18.23,46833.5,30.4250
06/07/23 04:10:00.0,29866.7,18.23,46824.6,30.4185
06/07/23 04:20:00.0,29866.7,18.23,46823.3,30.4176
06/07/23 04:30:00.0,29866.7,18.22,46832.2,30.4240
06/07/23 04:40:00.0,29902.7,18.23,46876.9,30.4565
06/07/23 04:50:00.0,29895.5,18.24,46854.0,30.4399
06/07/23 05:00:00.0,29873.9,18.26,46798.4,30.3995
06/07/23 05:10:00.0,29888.3,18.24,46840.1,30.4297
06/07/23 05:20:00.0,29881.1,18.24,46827.5,30.4206
06/07/23 05:30:00.0,29881.1,18.24,46826.1,30.4196
06/07/23 05:40:00.0,29881.1,18.24,46824.8,30.4186
06/07/23 05:50:00.0,29830.8,18.22,46765.4,30.3755
06/07/23 06:00:00.0,29802.1,18.19,46749.9,30.3643
06/07/23 06:10:00.0,29782.9,18.17,46739.1,30.3564
06/07/23 06:20:00.0,29775.8,18.17,46726.6,30.3474
06/07/23 06:30:00.0,29754.3,18.18,46681.4,30.3145
06/07/23 06:40:00.0,29728.1,18.17,46649.3,30.2912
06/07/23 06:50:00.0,29763.9,18.18,46693.7,30.3235
06/07/23 07:00:00.0,29756.7,18.18,46681.1,30.3143
06/07/23 07:10:00.0,29721.0,18.18,46624.0,30.2728
06/07/23 07:20:00.0,29749.6,18.19,46657.1,30.2969
06/07/23 07:30:00.0,29747.2,18.19,46652.0,30.2932
06/07/23 07:40:00.0,29692.5,18.19,46565.1,30.2302
06/07/23 07:50:00.0,29740.0,18.19,46638.1,30.2831
06/07/23 08:00:00.0,29721.0,18.19,46607.0,30.2606
06/07/23 08:10:00.0,29678.3,18.13,46600.3,30.2557
06/07/23 08:20:00.0,29668.8,18.07,46645.5,30.2885
06/07/23 08:30:00.0,29668.8,18.06,46654.5,30.2950
06/07/23 08:40:00.0,29702.0,18.12,46643.6,30.2871
06/07/23 08:50:00.0,29716.3,18.13,46654.4,30.2949
06/07/23 09:00:00.0,29692.5,18.16,46585.1,30.2447
06/07/23 09:10:00.0,29756.7,18.18,46663.7,30.3017
06/07/23 09:20:00.0,29742.4,18.21,46609.3,30.2622
06/07/23 09:30:00.0,29728.1,18.21,46585.6,30.2450
06/07/23 09:40:00.0,29725.8,18.18,46611.4,30.2637
06/07/23 09:50:00.0,29735.3,18.19,46614.7,30.2661
06/07/23 10:00:00.0,29721.0,18.18,46601.2,30.2563
06/07/23 10:10:00.0,29706.7,18.14,46618.4,30.2688
06/07/23 10:20:00.0,29699.6,18.13,46616.2,30.2672
06/07/23 10:30:00.0,29761.5,18.11,46732.3,30.3515
06/07/23 10:40:00.0,29744.8,18.12,46694.5,30.3241
06/07/23 10:50:00.0,29759.1,18.12,46715.6,30.3393
06/07/23 11:00:00.0,29730.5,18.12,46669.5,30.3059
06/07/23 11:10:00.0,29773.4,18.12,46735.3,30.3536
06/07/23 11:20:00.0,29759.1,18.13,46701.3,30.3290
06/07/23 11:30:00.0,29737.7,18.13,46666.5,30.3037
06/07/23 11:40:00.0,29752.0,18.13,46687.5,30.3190
06/07/23 11:50:00.0,29766.3,18.14,46698.3,30.3268
06/07/23 12:00:00.0,29766.3,18.14,46696.9,30.3258
06/07/23 12:10:00.0,29749.6,18.16,46649.0,30.2910
06/07/23 12:20:00.0,29766.3,18.16,46673.7,30.3090
06/07/23 12:30:00.0,29749.6,18.16,46646.3,30.2890
06/07/23 12:40:00.0,29752.0,18.16,46648.7,30.2908
06/07/23 12:50:00.0,29742.4,18.17,46622.1,30.2715
06/07/23 13:00:00.0,29742.4,18.16,46631.0,30.2780
06/07/23 13:10:00.0,29759.1,18.16,46655.8,30.2959
06/07/23 13:20:00.0,29742.4,18.16,46628.3,30.2760
06/07/23 13:30:00.0,29742.4,18.16,46627.0,30.2750
06/07/23 13:40:00.0,29744.8,18.17,46619.2,30.2694
06/07/23 13:50:00.0,29752.0,18.17,46629.1,30.2766
06/07/23 14:00:00.0,29737.7,18.16,46615.6,30.2668
06/07/23 14:10:00.0,29752.0,18.17,46626.4,30.2746
06/07/23 14:20:00.0,29716.3,18.17,46569.3,30.2332
06/07/23 14:30:00.0,29716.3,18.17,46567.9,30.2322
06/07/23 14:40:00.0,29744.8,18.17,46611.1,30.2635
06/07/23 14:50:00.0,29744.8,18.17,46609.8,30.2626
06/07/23 15:00:00.0,29742.4,18.18,46594.5,30.2514
06/07/23 15:10:00.0,29735.3,18.18,46582.0,30.2424
06/07/23 15:20:00.0,29694.9,18.19,46507.4,30.1883
06/07/23 15:30:00.0,29728.1,18.19,46557.9,30.2249
06/07/23 15:40:00.0,29730.5,18.21,46539.9,30.2118
06/07/23 15:50:00.0,29763.9,18.23,46570.2,30.2338
06/07/23 16:00:00.0,29742.4,18.22,46545.6,30.2159
06/07/23 16:10:00.0,29716.3,18.21,46513.7,30.1928
06/07/23 16:20:00.0,29737.7,18.21,46545.8,30.2161
06/07/23 16:30:00.0,29721.0,18.21,46518.4,30.1962
06/07/23 16:40:00.0,29692.5,18.21,46472.5,30.1630
06/07/23 16:50:00.0,29675.9,18.18,46475.9,30.1654
06/07/23 17:00:00.0,29673.5,18.19,46460.6,30.1543
06/07/23 17:10:00.0,29721.0,18.21,46513.0,30.1923
06/07/23 17:20:00.0,29709.1,18.21,46493.1,30.1779
06/07/23 17:30:00.0,29721.0,18.22,46500.1,30.1830
06/07/23 17:40:00.0,29716.3,18.22,46491.5,30.1767
06/07/23 17:50:00.0,29709.1,18.21,46489.1,30.1750
06/07/23 18:00:00.0,29723.4,18.22,46499.9,30.1828
06/07/23 18:10:00.0,29709.1,18.22,46476.2,30.1657
06/07/23 18:20:00.0,29673.5,18.21,46429.5,30.1318
06/07/23 18:30:00.0,29699.6,18.21,46468.9,30.1604
06/07/23 18:40:00.0,29709.1,18.22,46472.2,30.1627
06/07/23 18:50:00.0,29709.1,18.22,46470.9,30.1618
06/07/23 19:00:00.0,29699.6,18.22,46454.7,30.1501
06/07/23 19:10:00.0,29721.0,18.22,46486.8,30.1733
06/07/23 19:20:00.0,29694.9,18.22,46444.7,30.1428
06/07/23 19:30:00.0,29716.3,18.23,46466.6,30.1586
06/07/23 19:40:00.0,29723.4,18.23,46476.3,30.1657
06/07/23 19:50:00.0,29711.5,18.23,46456.4,30.1513
06/07/23 20:00:00.0,29735.3,18.23,46492.2,30.1772
06/07/23 20:10:00.0,29721.0,18.24,46458.3,30.1527
06/07/23 20:20:00.0,29709.1,18.24,46438.5,30.1383
06/07/23 20:30:00.0,29735.3,18.23,46488.2,30.1743
06/07/23 20:40:00.0,29742.4,18.24,46487.7,30.1740
06/07/23 20:50:00.0,29763.9,18.24,46519.9,30.1973
06/07/23 21:00:00.0,29752.0,18.26,46479.6,30.1681
06/07/23 21:10:00.0,29756.7,18.24,46506.0,30.1872
06/07/23 21:20:00.0,29749.6,18.26,46473.2,30.1634
06/07/23 21:30:00.0,29771.0,18.24,46525.6,30.2014
06/07/23 21:40:00.0,29778.2,18.24,46535.4,30.2086
06/07/23 21:50:00.0,29799.7,18.27,46537.0,30.2097
06/07/23 22:00:00.0,29771.0,18.26,46501.1,30.1837
06/07/23 22:10:00.0,29778.2,18.28,46490.6,30.1761
06/07/23 22:20:00.0,29814.0,18.28,46545.0,30.2156
06/07/23 22:30:00.0,29814.0,18.28,46543.7,30.2146
06/07/23 22:40:00.0,29806.8,18.27,46541.3,30.2129
06/07/23 22:50:00.0,29799.7,18.27,46528.9,30.2039
06/07/23 23:00:00.0,29799.7,18.27,46527.6,30.2029
06/07/23 23:10:00.0,29818.8,18.27,46556.0,30.2235
06/07/23 23:20:00.0,29840.3,18.26,46598.3,30.2542
06/07/23 23:30:00.0,29849.9,18.24,46632.4,30.2790
06/07/23 23:40:00.0,29799.7,18.24,46552.9,30.2212
06/07/23 23:50:00.0,29811.6,18.23,46580.3,30.2411
06/08/23 00:00:00.0,29835.5,18.22,46626.4,30.2746
06/08/23 00:10:00.0,29806.8,18.21,46590.5,30.2486
06/08/23 00:20:00.0,29806.8,18.19,46609.7,30.2625
06/08/23 00:30:00.0,29802.1,18.18,46611.2,30.2636
06/08/23 00:40:00.0,29830.8,18.16,46675.1,30.3100
06/08/23 00:50:00.0,29821.2,18.16,46658.8,30.2981
06/08/23 01:00:00.0,29814.0,18.14,46666.7,30.3039
06/08/23 01:10:00.0,29804.4,18.14,46650.4,30.2920
06/08/23 01:20:00.0,29821.2,18.14,46675.3,30.3101
06/08/23 01:30:00.0,29828.4,18.14,46685.1,30.3172
06/08/23 01:40:00.0,29837.9,18.13,46708.9,30.3345
06/08/23 01:50:00.0,29866.7,18.12,46762.7,30.3736
06/08/23 02:00:00.0,29828.4,18.12,46701.6,30.3292
06/08/23 02:10:00.0,29866.7,18.11,46770.3,30.3791
06/08/23 02:20:00.0,29849.9,18.11,46742.8,30.3591
06/08/23 02:30:00.0,29849.9,18.09,46762.0,30.3730
06/08/23 02:40:00.0,29849.9,18.09,46760.6,30.3720
06/08/23 02:50:00.0,29849.9,18.09,46759.3,30.3711
06/08/23 03:00:00.0,29857.1,18.08,46779.4,30.3857
06/08/23 03:10:00.0,29866.7,18.08,46793.1,30.3956
06/08/23 03:20:00.0,29840.3,18.07,46760.8,30.3722
06/08/23 03:30:00.0,29871.5,18.07,46808.2,30.4066
06/08/23 03:40:00.0,29859.5,18.07,46788.1,30.3920
06/08/23 03:50:00.0,29883.5,18.06,46834.5,30.4257
06/08/23 04:00:00.0,29818.8,18.05,46742.4,30.3588
06/08/23 04:10:00.0,23309.7,18.05,36563.4,23.1030
06/08/23 04:20:00.0,23330.2,18.03,36610.6,23.1360
06/08/23 04:30:00.0,24759.3,18.05,38828.8,24.6943
06/08/23 04:40:00.0,26938.2,18.03,42253.4,27.1255
06/08/23 04:50:00.0,27002.2,18.03,42352.3,27.1962
06/08/23 05:00:00.0,24712.6,18.02,38778.1,24.6585
06/08/23 05:10:00.0,26920.2,18.01,42240.2,27.1161
06/08/23 05:20:00.0,26473.7,18.01,41540.4,26.6168
06/08/23 05:30:00.0,29902.7,18.01,46902.6,30.4751
06/08/23 05:40:00.0,29852.3,18.00,46832.7,30.4244
06/08/23 05:50:00.0,29725.8,18.00,46633.5,30.2798
06/08/23 06:00:00.0,29647.5,18.00,46509.7,30.1900
06/08/23 06:10:00.0,29747.2,17.98,46684.8,30.3170
06/08/23 06:20:00.0,29785.3,17.97,46753.4,30.3668
06/08/23 06:30:00.0,29702.0,17.97,46621.7,30.2712
06/08/23 06:40:00.0,29583.7,17.97,46435.3,30.1359
06/08/23 06:50:00.0,29614.3,17.97,46481.8,30.1697
06/08/23 07:00:00.0,29513.1,17.97,46322.1,30.0539
06/08/23 07:10:00.0,29550.7,17.97,46379.6,30.0956
06/08/23 07:20:00.0,29713.9,17.97,46633.6,30.2798
06/08/23 07:30:00.0,29866.7,17.97,46871.3,30.4524
06/08/23 07:40:00.0,29909.9,17.97,46937.5,30.5005
06/08/23 07:50:00.0,29890.7,17.98,46895.8,30.4702
06/08/23 08:00:00.0,29890.7,17.98,46894.5,30.4693
06/08/23 08:10:00.0,29876.3,17.98,46870.6,30.4519
06/08/23 08:20:00.0,29890.7,17.98,46891.8,30.4673
06/08/23 08:30:00.0,29897.9,18.00,46881.0,30.4595
06/08/23 08:40:00.0,29912.3,18.00,46902.2,30.4749
06/08/23 08:50:00.0,29919.6,18.01,46901.9,30.4747
06/08/23 09:00:00.0,29905.1,18.01,46877.9,30.4572
06/08/23 09:10:00.0,29883.5,18.01,46842.8,30.4317
06/08/23 09:20:00.0,29919.6,18.01,46897.9,30.4717
06/08/23 09:30:00.0,29893.1,18.00,46865.4,30.4482
06/08/23 09:40:00.0,29905.1,18.01,46872.5,30.4533
06/08/23 09:50:00.0,29941.2,18.02,46917.2,30.4858
06/08/23 10:00:00.0,29934.0,18.03,46894.3,30.4692
06/08/23 10:10:00.0,29934.0,18.03,46893.0,30.4682
06/08/23 10:20:00.0,29936.4,18.05,46874.8,30.4549
06/08/23 10:30:00.0,29955.7,18.05,46903.5,30.4758
06/08/23 10:40:00.0,29926.8,18.05,46857.1,30.4421
06/08/23 10:50:00.0,29934.0,18.05,46867.0,30.4493
06/08/23 11:00:00.0,29941.2,18.03,46897.5,30.4714
06/08/23 11:10:00.0,29955.7,18.06,46887.8,30.4644
06/08/23 11:20:00.0,29907.5,18.05,46821.5,30.4163
06/08/23 11:30:00.0,29958.1,18.06,46888.8,30.4652
06/08/23 11:40:00.0,29958.1,18.07,46877.2,30.4567
06/08/23 11:50:00.0,29941.2,18.07,46849.5,30.4366
06/08/23 12:00:00.0,29941.2,18.08,46837.8,30.4281
06/08/23 12:10:00.0,29955.7,18.09,46848.8,30.4361
06/08/23 12:20:00.0,29955.7,18.11,46826.9,30.4201
06/08/23 12:30:00.0,29955.7,18.11,46825.5,30.4192
06/08/23 12:40:00.0,29979.8,18.11,46861.7,30.4455
06/08/23 12:50:00.0,29955.7,18.08,46853.7,30.4396
06/08/23 13:00:00.0,29955.7,18.09,46842.0,30.4312
06/08/23 13:10:00.0,29955.7,18.11,46820.1,30.4152
06/08/23 13:20:00.0,29955.7,18.09,46839.3,30.4292
06/08/23 13:30:00.0,29977.4,18.11,46851.2,30.4378
06/08/23 13:40:00.0,29972.6,18.11,46842.4,30.4314
06/08/23 13:50:00.0,29970.2,18.11,46837.3,30.4277
06/08/23 14:00:00.0,29955.7,18.13,46792.8,30.3954
06/08/23 14:10:00.0,29970.2,18.13,46814.0,30.4108
06/08/23 14:20:00.0,29962.9,18.13,46801.3,30.4016
06/08/23 14:30:00.0,29982.2,18.16,46799.2,30.4000
06/08/23 14:40:00.0,29955.7,18.16,46756.6,30.3691
06/08/23 14:50:00.0,29970.2,18.16,46777.8,30.3845
06/08/23 15:00:00.0,29984.7,18.18,46778.5,30.3850
06/08/23 15:10:00.0,29991.9,18.21,46757.5,30.3698
06/08/23 15:20:00.0,30004.0,18.23,46754.5,30.3676
06/08/23 15:30:00.0,30023.4,18.27,46742.2,30.3587
06/08/23 15:40:00.0,30033.0,18.26,46766.0,30.3760
06/08/23 15:50:00.0,30028.2,18.23,46788.0,30.3919
06/08/23 16:00:00.0,30018.5,18.24,46761.3,30.3726
06/08/23 16:10:00.0,30023.4,18.24,46767.6,30.3771
06/08/23 16:20:00.0,30028.2,18.27,46743.0,30.3592
06/08/23 16:30:00.0,30050.0,18.27,46775.4,30.3828
06/08/23 16:40:00.0,30069.4,18.28,46793.9,30.3962
06/08/23 16:50:00.0,30062.1,18.29,46771.0,30.3796
06/08/23 17:00:00.0,30057.3,18.28,46772.5,30.3806
06/08/23 17:10:00.0,30040.3,18.28,46744.7,30.3605
06/08/23 17:20:00.0,30071.8,18.27,46802.5,30.4025
06/08/23 17:30:00.0,30064.6,18.27,46790.0,30.3934
06/08/23 17:40:00.0,30045.2,18.27,46758.5,30.3705
06/08/23 17:50:00.0,30064.6,18.28,46777.0,30.3840
06/08/23 18:00:00.0,30079.1,18.28,46798.2,30.3993
06/08/23 18:10:00.0,30076.7,18.28,46793.1,30.3956
06/08/23 18:20:00.0,30064.6,18.28,46773.0,30.3810
06/08/23 18:30:00.0,30040.3,18.28,46733.9,30.3527
06/08/23 18:40:00.0,30050.0,18.28,46747.6,30.3626
06/08/23 18:50:00.0,30069.4,18.28,46776.4,30.3835
06/08/23 19:00:00.0,30071.8,18.28,46778.7,30.3852
06/08/23 19:10:00.0,30079.1,18.29,46778.5,30.3850
06/08/23 19:20:00.0,30071.8,18.29,46765.8,30.3758
06/08/23 19:30:00.0,30101.0,18.30,46799.5,30.4002
06/08/23 19:40:00.0,30086.4,18.30,46775.5,30.3828
06/08/23 19:50:00.0,30084.0,18.29,46780.7,30.3866
06/08/23 20:00:00.0,30064.6,18.29,46749.2,30.3638
06/08/23 20:10:00.0,30057.3,18.29,46736.6,30.3546
06/08/23 20:20:00.0,30086.4,18.29,46780.3,30.3863
06/08/23 20:30:00.0,30040.3,18.28,46717.7,30.3409
06/08/23 20:40:00.0,30086.4,18.28,46787.9,30.3918
06/08/23 20:50:00.0,30069.4,18.28,46760.2,30.3717
06/08/23 21:00:00.0,30069.4,18.28,46758.8,30.3707
06/08/23 21:10:00.0,30057.3,18.28,46738.7,30.3561
06/08/23 21:20:00.0,30069.4,18.29,46745.9,30.3613
06/08/23 21:30:00.0,30071.8,18.28,46758.5,30.3705
06/08/23 21:40:00.0,30079.1,18.28,46768.4,30.3777
06/08/23 21:50:00.0,30084.0,18.28,46774.7,30.3823
06/08/23 22:00:00.0,30076.7,18.28,46762.0,30.3731
06/08/23 22:10:00.0,30086.4,18.28,46775.7,30.3830
06/08/23 22:20:00.0,30064.6,18.29,46730.3,30.3500
06/08/23 22:30:00.0,30069.4,18.29,46736.4,30.3545
06/08/23 22:40:00.0,30064.6,18.29,46727.6,30.3481
06/08/23 22:50:00.0,30086.4,18.29,46760.0,30.3716
06/08/23 23:00:00.0,30071.8,18.30,46725.8,30.3468
06/08/23 23:10:00.0,30091.3,18.29,46764.9,30.3752
06/08/23 23:20:00.0,30086.4,18.29,46756.0,30.3687
06/08/23 23:30:00.0,30079.1,18.29,46743.3,30.3595
06/08/23 23:40:00.0,30069.4,18.30,46716.7,30.3402
06/08/23 23:50:00.0,30086.4,18.32,46721.2,30.3434
06/09/23 00:00:00.0,30076.7,18.32,46704.9,30.3316
06/09/23 00:10:00.0,30069.4,18.32,46692.2,30.3224
06/09/23 00:20:00.0,30093.7,18.32,46728.5,30.3487
06/09/23 00:30:00.0,30079.1,18.30,46725.0,30.3462
06/09/23 00:40:00.0,30098.6,18.29,46764.1,30.3746
06/09/23 00:50:00.0,30110.7,18.30,46771.2,30.3797
06/09/23 01:00:00.0,30093.7,18.29,46753.8,30.3671
06/09/23 01:10:00.0,30064.6,18.29,46707.4,30.3334
06/09/23 01:20:00.0,30086.4,18.29,46739.8,30.3569
06/09/23 01:30:00.0,30079.1,18.29,46727.1,30.3477
06/09/23 01:40:00.0,30084.0,18.28,46743.6,30.3597
06/09/23 01:50:00.0,30062.1,18.28,46708.3,30.3341
06/09/23 02:00:00.0,30050.0,18.28,46688.2,30.3195
06/09/23 02:10:00.0,30069.4,18.27,46727.2,30.3478
06/09/23 02:20:00.0,30079.1,18.27,46740.8,30.3577
06/09/23 02:30:00.0,30086.4,18.28,46740.5,30.3575
06/09/23 02:40:00.0,30091.3,18.29,46736.5,30.3546
06/09/23 02:50:00.0,30093.7,18.28,46749.2,30.3637
06/09/23 03:00:00.0,30091.3,18.28,46744.1,30.3600
06/09/23 03:10:00.0,30086.4,18.28,46735.1,30.3535
06/09/23 03:20:00.0,30091.3,18.28,46741.4,30.3581
06/09/23 03:30:00.0,30079.1,18.28,46721.1,30.3434
06/09/23 03:40:00.0,30057.3,18.28,46686.0,30.3179
06/09/23 03:50:00.0,30101.0,18.29,46742.1,30.3586
06/09/23 04:00:00.0,30086.4,18.28,46728.4,30.3486
06/09/23 04:10:00.0,30071.8,18.28,46704.4,30.3312
06/09/23 04:20:00.0,30069.4,18.27,46709.6,30.3350
06/09/23 04:30:00.0,30108.3,18.27,46768.5,30.3778
06/09/23 04:40:00.0,30069.4,18.27,46706.9,30.3330
06/09/23 04:50:00.0,30054.9,18.28,46672.9,30.3083
06/09/23 05:00:00.0,30079.1,18.28,46709.0,30.3345
06/09/23 05:10:00.0,30069.4,18.27,46702.8,30.3301
06/09/23 05:20:00.0,30047.6,18.27,46667.7,30.3046
06/09/23 05:30:00.0,30054.9,18.28,46667.4,30.3044
06/09/23 05:40:00.0,30064.6,18.29,46670.9,30.3069
06/09/23 05:50:00.0,30069.4,18.29,46677.0,30.3113
06/09/23 06:00:00.0,30079.1,18.29,46690.6,30.3212
06/09/23 06:10:00.0,30093.7,18.32,46681.2,30.3144
06/09/23 06:20:00.0,30137.5,18.38,46686.2,30.3180
06/09/23 06:30:00.0,30103.4,18.39,46622.0,30.2714
06/09/23 06:40:00.0,30144.9,18.39,46684.7,30.3170
06/09/23 06:50:00.0,30142.4,18.40,46669.3,30.3058
06/09/23 07:00:00.0,30174.2,18.39,46727.3,30.3478
06/09/23 07:10:00.0,30157.1,18.39,46699.5,30.3277
06/09/23 07:20:00.0,30179.0,18.39,46732.0,30.3512
06/09/23 07:30:00.0,30186.4,18.40,46731.8,30.3511
06/09/23 07:40:00.0,30174.2,18.40,46711.6,30.3365
06/09/23 07:50:00.0,30174.2,18.40,46710.3,30.3355
06/09/23 08:00:00.0,30201.0,18.42,46729.9,30.3497
06/09/23 08:10:00.0,30174.2,18.42,46687.2,30.3187
06/09/23 08:20:00.0,30186.4,18.43,46694.4,30.3240
06/09/23 08:30:00.0,30193.7,18.43,46704.3,30.3312
06/09/23 08:40:00.0,30208.4,18.44,46715.4,30.3392
06/09/23 08:50:00.0,30171.7,18.43,46667.7,30.3046
06/09/23 09:00:00.0,30181.5,18.45,46661.0,30.2998
06/09/23 09:10:00.0,30188.8,18.45,46671.0,30.3069
06/09/23 09:20:00.0,30193.7,18.47,46656.8,30.2966
06/09/23 09:30:00.0,30208.4,18.48,46667.9,30.3047
06/09/23 09:40:00.0,30201.0,18.48,46655.1,30.2954
06/09/23 09:50:00.0,30203.5,18.49,46647.4,30.2899
06/09/23 10:00:00.0,30210.8,18.49,46657.3,30.2970
06/09/23 10:10:00.0,30183.9,18.49,46614.5,30.2660
06/09/23 10:20:00.0,30186.4,18.49,46617.0,30.2678
06/09/23 10:30:00.0,30223.1,18.49,46672.2,30.3078
06/09/23 10:40:00.0,30166.8,18.51,46563.8,30.2292
06/09/23 10:50:00.0,30215.7,18.50,46647.9,30.2902
06/09/23 11:00:00.0,30193.7,18.51,46602.5,30.2573
06/09/23 11:10:00.0,30215.7,18.53,46614.7,30.2661
06/09/23 11:20:00.0,30201.0,18.53,46590.7,30.2487
06/09/23 11:30:00.0,30225.5,18.53,46627.0,30.2751
06/09/23 11:40:00.0,30225.5,18.53,46625.7,30.2741
06/09/23 11:50:00.0,30225.5,18.53,46624.3,30.2731
06/09/23 12:00:00.0,30198.6,18.51,46601.9,30.2569
06/09/23 12:10:00.0,30215.7,18.53,46606.6,30.2602
06/09/23 12:20:00.0,30215.7,18.51,46625.6,30.2740
06/09/23 12:30:00.0,30208.4,18.54,46582.5,30.2427
06/09/23 12:40:00.0,29924.4,19.14,45546.5,29.4923
