Date Time,DO conc (mg/L)  #20659182,Temp (°C)  #20659182,DO Adj Conc  (mg/L),DO Percent  (%),Salinity (ppt)
06/02/23 10:00:00.0,8.49,21.76,,,
06/02/23 10:10:00.0,8.52,21.62,,,
06/02/23 10:20:00.0,8.53,21.58,,,
06/02/23 10:30:00.0,8.46,21.96,,,
06/02/23 10:40:00.0,8.48,21.78,,,
06/02/23 10:50:00.0,8.39,22.34,,,
06/02/23 11:00:00.0,7.86,26.66,,,
06/02/23 11:10:00.0,7.37,22.00,6.41,86.5,28.4735
06/02/23 11:20:00.0,7.57,21.32,6.54,87.7,29.4197
06/02/23 11:30:00.0,7.10,20.82,6.13,81.4,29.4834
06/02/23 11:40:00.0,7.33,20.74,6.33,83.9,29.4592
06/02/23 11:50:00.0,7.06,20.70,6.09,80.8,29.4879
06/02/23 12:00:00.0,7.89,20.72,6.81,90.3,29.4921
06/02/23 12:10:00.0,7.60,20.72,6.56,87.0,29.4993
06/02/23 12:20:00.0,7.72,20.76,6.66,88.4,29.5022
06/02/23 12:30:00.0,7.66,20.76,6.61,87.7,29.4742
06/02/23 12:40:00.0,7.60,20.78,6.56,87.1,29.4461
06/02/23 12:50:00.0,7.52,20.80,6.49,86.2,29.4178
06/02/23 13:00:00.0,7.77,20.84,6.71,89.1,29.4528
06/02/23 13:10:00.0,7.43,20.90,6.41,85.3,29.4532
06/02/23 13:20:00.0,8.48,20.92,7.32,97.4,29.3775
06/02/23 13:30:00.0,9.40,21.02,8.12,108.2,29.3634
06/02/23 13:40:00.0,8.08,21.06,6.98,93.1,29.4331
06/02/23 13:50:00.0,7.67,21.02,6.62,88.3,29.4376
06/02/23 14:00:00.0,7.77,20.98,6.71,89.4,29.4708
06/02/23 14:10:00.0,7.82,21.00,6.75,90.0,29.3965
06/02/23 14:20:00.0,7.99,21.02,6.90,92.0,29.3675
06/02/23 14:30:00.0,7.60,20.96,6.56,87.4,29.4410
06/02/23 14:40:00.0,7.98,21.04,6.90,91.9,29.2721
06/02/23 14:50:00.0,7.74,21.08,6.69,89.2,29.3302
06/02/23 15:00:00.0,9.68,21.28,8.37,112.0,29.2384
06/02/23 15:10:00.0,9.02,21.22,7.79,104.2,29.3227
06/02/23 15:20:00.0,8.49,21.26,7.34,98.2,29.3204
06/02/23 15:30:00.0,8.36,21.22,7.23,96.6,29.2089
06/02/23 15:40:00.0,8.96,21.32,7.75,103.7,29.1301
06/02/23 15:50:00.0,8.42,21.42,7.29,97.6,28.9981
06/02/23 16:00:00.0,8.46,21.46,7.32,98.2,29.0412
06/02/23 16:10:00.0,8.31,21.40,7.19,96.3,29.1676
06/02/23 16:20:00.0,8.47,21.52,7.33,98.4,29.0380
06/02/23 16:30:00.0,8.37,21.52,7.25,97.2,29.0318
06/02/23 16:40:00.0,8.21,21.54,7.10,95.4,29.0950
06/02/23 16:50:00.0,8.31,21.50,7.19,96.5,29.0847
06/02/23 17:00:00.0,7.82,21.42,6.76,90.7,29.1455
06/02/23 17:10:00.0,7.48,21.40,6.47,86.7,29.1621
06/02/23 17:20:00.0,7.58,21.36,6.55,87.8,29.1906
06/02/23 17:30:00.0,7.32,21.36,6.33,84.8,29.1818
06/02/23 17:40:00.0,8.09,21.36,7.00,93.7,29.1405
06/02/23 17:50:00.0,7.33,21.32,6.33,84.8,29.2351
06/02/23 18:00:00.0,7.53,21.30,6.51,87.1,29.1925
06/02/23 18:10:00.0,7.66,21.36,6.62,88.7,29.1753
06/02/23 18:20:00.0,7.75,21.32,6.70,89.7,29.2189
06/02/23 18:30:00.0,7.70,21.32,6.65,89.1,29.2059
06/02/23 18:40:00.0,7.75,21.38,6.70,89.8,29.1873
06/02/23 18:50:00.0,7.82,21.42,6.76,90.6,29.1716
06/02/23 19:00:00.0,7.82,21.44,6.76,90.7,29.1868
06/02/23 19:10:00.0,7.71,21.40,6.66,89.3,29.1832
06/02/23 19:20:00.0,7.98,21.48,6.90,92.6,29.1648
06/02/23 19:30:00.0,8.08,21.46,6.98,93.7,29.1880
06/02/23 19:40:00.0,7.93,21.50,6.86,92.0,29.1684
06/02/23 19:50:00.0,7.90,21.54,6.83,91.8,29.1407
06/02/23 20:00:00.0,7.91,21.54,6.84,91.9,29.1732
06/02/23 20:10:00.0,7.82,21.52,6.76,90.8,29.1480
06/02/23 20:20:00.0,7.65,21.54,6.61,88.9,29.1539
06/02/23 20:30:00.0,7.51,21.58,6.49,87.3,29.1155
06/02/23 20:40:00.0,7.77,21.60,6.72,90.4,29.1014
06/02/23 20:50:00.0,7.91,21.70,6.84,92.2,29.0966
06/02/23 21:00:00.0,8.04,21.66,6.95,93.6,29.1103
06/02/23 21:10:00.0,8.03,21.70,6.94,93.5,29.1080
06/02/23 21:20:00.0,7.97,21.64,6.89,92.7,29.1083
06/02/23 21:30:00.0,7.86,21.60,6.80,91.4,29.1114
06/02/23 21:40:00.0,7.78,21.54,6.72,90.3,29.1371
06/02/23 21:50:00.0,7.63,21.52,6.60,88.6,29.1161
06/02/23 22:00:00.0,7.70,21.58,6.66,89.5,29.0966
06/02/23 22:10:00.0,7.97,21.60,6.89,92.7,29.0943
06/02/23 22:20:00.0,7.76,21.54,6.71,90.1,29.1375
06/02/23 22:30:00.0,7.83,21.54,6.77,90.9,29.1662
06/02/23 22:40:00.0,8.20,21.60,7.09,95.3,29.1641
06/02/23 22:50:00.0,7.89,21.58,6.82,91.7,29.1415
06/02/23 23:00:00.0,7.98,21.52,6.89,92.6,29.1889
06/02/23 23:10:00.0,7.84,21.48,6.77,90.9,29.2256
06/02/23 23:20:00.0,7.82,21.42,6.75,90.6,29.2597
06/02/23 23:30:00.0,7.90,21.38,6.82,91.4,29.2939
06/02/23 23:40:00.0,8.04,21.34,6.94,93.0,29.3052
06/02/23 23:50:00.0,8.13,21.30,7.01,93.9,29.3665
06/03/23 00:00:00.0,8.20,21.26,7.07,94.7,29.3467
06/03/23 00:10:00.0,8.22,21.24,7.09,94.9,29.3836
06/03/23 00:20:00.0,8.31,21.24,7.17,95.9,29.3584
06/03/23 00:30:00.0,8.47,21.26,7.31,97.8,29.3601
06/03/23 00:40:00.0,8.37,21.26,7.22,96.6,29.3592
06/03/23 00:50:00.0,8.41,21.26,7.25,97.1,29.3475
06/03/23 01:00:00.0,8.32,21.26,7.18,96.0,29.3573
06/03/23 01:10:00.0,7.95,21.24,6.86,91.7,29.3618
06/03/23 01:20:00.0,8.20,21.24,7.07,94.6,29.3555
06/03/23 01:30:00.0,8.06,21.22,6.95,93.0,29.3371
06/03/23 01:40:00.0,8.18,21.22,7.05,94.3,29.3551
06/03/23 01:50:00.0,8.19,21.24,7.06,94.5,29.3446
06/03/23 02:00:00.0,8.25,21.26,7.12,95.2,29.2856
06/03/23 02:10:00.0,8.22,21.28,7.09,94.9,29.3238
06/03/23 02:20:00.0,8.16,21.32,7.04,94.3,29.2203
06/03/23 02:30:00.0,8.10,21.30,6.99,93.5,29.2544
06/03/23 02:40:00.0,8.20,21.36,7.08,94.8,29.2374
06/03/23 02:50:00.0,7.94,21.30,6.85,91.7,29.2728
06/03/23 03:00:00.0,7.94,21.26,6.85,91.6,29.2693
06/03/23 03:10:00.0,8.18,21.26,7.06,94.4,29.2670
06/03/23 03:20:00.0,8.11,21.26,7.00,93.6,29.2567
06/03/23 03:30:00.0,7.94,21.28,6.85,91.6,29.2396
06/03/23 03:40:00.0,7.79,21.26,6.72,89.9,29.2132
06/03/23 03:50:00.0,7.54,21.32,6.51,87.1,29.1570
06/03/23 04:00:00.0,7.56,21.28,6.52,87.3,29.2073
06/03/23 04:10:00.0,7.54,21.32,6.51,87.1,29.1660
06/03/23 04:20:00.0,7.54,21.34,6.51,87.1,29.1060
06/03/23 04:30:00.0,7.40,21.36,6.39,85.5,29.1198
06/03/23 04:40:00.0,6.86,21.36,5.92,79.3,29.0922
06/03/23 04:50:00.0,6.91,21.40,5.97,79.9,29.0724
06/03/23 05:00:00.0,6.81,21.38,5.88,78.7,29.1144
06/03/23 05:10:00.0,7.51,21.36,6.49,86.8,29.0441
06/03/23 05:20:00.0,7.34,21.34,6.34,84.8,29.0742
06/03/23 05:30:00.0,7.40,21.22,6.39,85.3,29.1378
06/03/23 05:40:00.0,7.47,21.18,6.44,86.0,29.1478
06/03/23 05:50:00.0,7.63,21.14,6.58,87.8,29.1431
06/03/23 06:00:00.0,7.82,21.08,6.75,89.9,29.1454
06/03/23 06:10:00.0,7.96,21.06,6.86,91.4,29.1711
06/03/23 06:20:00.0,7.91,21.06,6.82,90.9,29.1542
06/03/23 06:30:00.0,7.89,21.04,6.80,90.6,29.1441
06/03/23 06:40:00.0,7.96,21.02,7.30,91.4,18.6485
06/03/23 06:50:00.0,7.93,21.00,7.26,91.0,19.0137
06/03/23 07:00:00.0,8.00,20.96,7.32,91.7,18.9524
06/03/23 07:10:00.0,8.03,20.92,7.30,92.0,20.2209
06/03/23 07:20:00.0,8.03,20.90,7.36,91.9,18.8322
06/03/23 07:30:00.0,7.98,20.88,7.29,91.3,19.1741
06/03/23 07:40:00.0,7.93,20.88,7.28,90.8,18.4643
06/03/23 07:50:00.0,7.86,20.88,7.22,90.0,18.4353
06/03/23 08:00:00.0,7.88,20.86,7.31,90.1,16.6878
06/03/23 08:10:00.0,7.92,20.82,7.43,90.5,14.6419
06/03/23 08:20:00.0,7.82,20.80,7.41,89.3,13.1132
06/03/23 08:30:00.0,7.74,20.78,7.41,88.4,11.1648
06/03/23 08:40:00.0,7.63,20.76,6.74,87.1,24.8380
06/03/23 08:50:00.0,7.64,20.74,6.58,87.2,29.2951
06/03/23 09:00:00.0,7.62,20.74,6.56,86.9,29.3343
06/03/23 09:10:00.0,7.57,20.72,6.52,86.3,29.3483
06/03/23 09:20:00.0,7.56,20.70,6.51,86.2,29.3357
06/03/23 09:30:00.0,7.53,20.68,6.48,85.8,29.3390
06/03/23 09:40:00.0,7.67,20.66,6.60,87.4,29.3532
06/03/23 09:50:00.0,7.65,20.66,6.58,87.1,29.3520
06/03/23 10:00:00.0,7.65,20.64,6.58,87.1,29.3477
06/03/23 10:10:00.0,7.55,20.62,6.50,85.9,29.3522
06/03/23 10:20:00.0,7.47,20.62,6.43,85.0,29.3512
06/03/23 10:30:00.0,7.60,20.64,6.54,86.5,29.3033
06/03/23 10:40:00.0,7.62,20.64,6.56,86.8,29.3155
06/03/23 10:50:00.0,7.64,20.64,6.57,87.0,29.3441
06/03/23 11:00:00.0,7.57,20.66,6.51,86.2,29.3027
06/03/23 11:10:00.0,7.40,20.66,6.37,84.3,29.3219
06/03/23 11:20:00.0,7.35,20.70,6.33,83.8,29.2684
06/03/23 11:30:00.0,7.34,20.66,6.32,83.6,29.2787
06/03/23 11:40:00.0,7.29,20.66,6.27,83.0,29.3126
06/03/23 11:50:00.0,7.36,20.62,6.33,83.7,29.3114
06/03/23 12:00:00.0,7.41,20.56,6.37,84.2,29.3168
06/03/23 12:10:00.0,7.51,20.50,6.46,85.2,29.3086
06/03/23 12:20:00.0,7.67,20.48,6.60,87.0,29.3317
06/03/23 12:30:00.0,7.69,20.52,6.62,87.3,29.2938
06/03/23 12:40:00.0,7.71,20.54,6.63,87.6,29.2858
06/03/23 12:50:00.0,7.63,20.56,6.56,86.7,29.2688
06/03/23 13:00:00.0,7.63,20.58,6.57,86.7,29.2505
06/03/23 13:10:00.0,7.63,20.58,6.57,86.7,29.2469
06/03/23 13:20:00.0,7.71,20.56,6.63,87.6,29.2288
06/03/23 13:30:00.0,7.72,20.56,6.64,87.7,29.2480
06/03/23 13:40:00.0,7.71,20.54,6.63,87.6,29.2622
06/03/23 13:50:00.0,7.78,20.50,6.69,88.3,29.2784
06/03/23 14:00:00.0,7.85,20.44,6.75,89.0,29.2915
06/03/23 14:10:00.0,7.78,20.44,6.69,88.2,29.2663
06/03/23 14:20:00.0,7.72,20.42,6.64,87.5,29.2871
06/03/23 14:30:00.0,7.84,20.42,6.74,88.8,29.2744
06/03/23 14:40:00.0,7.83,20.42,6.73,88.7,29.2855
06/03/23 14:50:00.0,8.03,20.38,6.90,90.9,29.2897
06/03/23 15:00:00.0,8.03,20.34,6.90,90.8,29.2796
06/03/23 15:10:00.0,7.97,20.34,6.85,90.1,29.2765
06/03/23 15:20:00.0,8.10,20.32,6.97,91.6,29.2267
06/03/23 15:30:00.0,7.95,20.32,6.84,89.9,29.2406
06/03/23 15:40:00.0,7.80,20.30,6.71,88.1,29.2530
06/03/23 15:50:00.0,7.95,20.30,6.84,89.8,29.2488
06/03/23 16:00:00.0,7.84,20.30,6.74,88.6,29.2743
06/03/23 16:10:00.0,7.91,20.28,6.80,89.3,29.2856
06/03/23 16:20:00.0,7.93,20.26,6.82,89.5,29.2465
06/03/23 16:30:00.0,7.96,20.24,6.84,89.8,29.2386
06/03/23 16:40:00.0,8.08,20.22,6.94,91.1,29.2752
06/03/23 16:50:00.0,8.17,20.14,7.02,92.0,29.3713
06/03/23 17:00:00.0,8.39,19.94,7.20,94.1,29.4279
06/03/23 17:10:00.0,8.42,19.88,7.23,94.3,29.4096
06/03/23 17:20:00.0,8.49,19.84,7.29,95.0,29.4335
06/03/23 17:30:00.0,8.72,19.82,7.48,97.6,29.5196
06/03/23 17:40:00.0,8.76,19.78,7.51,97.9,29.5364
06/03/23 17:50:00.0,8.72,19.78,7.48,97.5,29.5505
06/03/23 18:00:00.0,8.67,19.76,7.43,96.9,29.5234
06/03/23 18:10:00.0,8.65,19.74,7.42,96.6,29.5461
06/03/23 18:20:00.0,8.55,19.72,7.33,95.5,29.5478
06/03/23 18:30:00.0,8.46,19.72,7.25,94.5,29.5389
06/03/23 18:40:00.0,8.39,19.72,7.19,93.7,29.5439
06/03/23 18:50:00.0,8.28,19.70,7.10,92.4,29.5398
06/03/23 19:00:00.0,8.36,19.68,7.17,93.3,29.5236
06/03/23 19:10:00.0,8.54,19.66,7.32,95.2,29.5259
06/03/23 19:20:00.0,8.42,19.56,7.21,93.7,29.5594
06/03/23 19:30:00.0,8.67,19.52,7.43,96.4,29.5955
06/03/23 19:40:00.0,8.64,19.50,7.40,96.0,29.5945
06/03/23 19:50:00.0,8.58,19.50,7.35,95.4,29.5582
06/03/23 20:00:00.0,8.67,19.48,7.42,96.3,29.6200
06/03/23 20:10:00.0,8.64,19.48,7.40,96.0,29.6432
06/03/23 20:20:00.0,8.69,19.48,7.44,96.5,29.6593
06/03/23 20:30:00.0,8.60,19.46,7.36,95.5,29.7093
06/03/23 20:40:00.0,8.59,19.36,7.35,95.2,29.7752
06/03/23 20:50:00.0,8.60,19.24,7.35,95.1,29.8615
06/03/23 21:00:00.0,8.62,19.12,7.37,95.0,29.8724
06/03/23 21:10:00.0,8.58,19.06,7.33,94.5,29.9315
06/03/23 21:20:00.0,8.59,19.00,7.33,94.5,29.9573
06/03/23 21:30:00.0,8.62,18.92,7.36,94.7,30.0146
06/03/23 21:40:00.0,8.61,18.86,7.35,94.4,30.0685
06/03/23 21:50:00.0,8.54,18.78,7.28,93.5,30.0910
06/03/23 22:00:00.0,8.60,18.72,7.33,94.0,30.1480
06/03/23 22:10:00.0,8.40,18.68,7.16,91.8,30.2185
06/03/23 22:20:00.0,8.47,18.58,7.22,92.4,30.2231
06/03/23 22:30:00.0,8.41,18.52,7.16,91.6,30.2313
06/03/23 22:40:00.0,8.35,18.50,7.11,90.9,30.2685
06/03/23 22:50:00.0,8.38,18.44,7.13,91.1,30.3014
06/03/23 23:00:00.0,8.38,18.40,7.13,91.0,30.3552
06/03/23 23:10:00.0,8.35,18.36,7.10,90.6,30.3497
06/03/23 23:20:00.0,8.37,18.34,7.12,90.8,30.3507
06/03/23 23:30:00.0,8.35,18.34,7.10,90.6,30.3351
06/03/23 23:40:00.0,8.26,18.32,7.03,89.6,30.3479
06/03/23 23:50:00.0,8.24,18.32,7.01,89.4,30.3469
06/04/23 00:00:00.0,8.22,18.34,6.99,89.2,30.3459
06/04/23 00:10:00.0,8.08,18.34,6.88,87.6,30.2975
06/04/23 00:20:00.0,8.11,18.36,6.90,88.0,30.3120
06/04/23 00:30:00.0,7.96,18.38,6.77,86.4,30.3127
06/04/23 00:40:00.0,7.89,18.38,6.71,85.6,30.2955
06/04/23 00:50:00.0,7.88,18.40,6.71,85.6,30.2618
06/04/23 01:00:00.0,7.67,18.40,6.53,83.3,30.2863
06/04/23 01:10:00.0,7.56,18.40,6.43,82.1,30.2934
06/04/23 01:20:00.0,8.05,18.42,6.85,87.4,30.2433
06/04/23 01:30:00.0,7.74,18.42,6.59,84.1,30.2724
06/04/23 01:40:00.0,7.83,18.42,6.66,85.1,30.2641
06/04/23 01:50:00.0,7.68,18.42,6.54,83.4,30.2323
06/04/23 02:00:00.0,7.44,18.44,6.33,80.8,30.2241
06/04/23 02:10:00.0,7.13,18.42,6.07,77.4,30.2385
06/04/23 02:20:00.0,6.84,18.42,5.82,74.3,30.2302
06/04/23 02:30:00.0,7.54,18.46,6.42,82.0,30.2220
06/04/23 02:40:00.0,7.51,18.48,6.39,81.7,30.2111
06/04/23 02:50:00.0,7.39,18.50,6.29,80.4,30.1965
06/04/23 03:00:00.0,7.44,18.50,6.34,80.9,30.0943
06/04/23 03:10:00.0,7.35,18.52,6.26,80.0,30.1257
06/04/23 03:20:00.0,7.26,18.54,6.18,79.0,30.1156
06/04/23 03:30:00.0,7.06,18.54,6.01,76.9,30.1084
06/04/23 03:40:00.0,7.07,18.54,6.02,77.0,30.0958
06/04/23 03:50:00.0,7.01,18.52,5.97,76.3,30.1111
06/04/23 04:00:00.0,6.98,18.50,5.95,75.9,30.0669
06/04/23 04:10:00.0,6.87,18.50,5.85,74.7,30.0975
06/04/23 04:20:00.0,7.00,18.48,5.96,76.1,30.1282
06/04/23 04:30:00.0,7.27,18.46,6.19,79.0,30.1563
06/04/23 04:40:00.0,7.24,18.44,6.16,78.6,30.1743
06/04/23 04:50:00.0,7.62,18.44,6.48,82.8,30.1724
06/04/23 05:00:00.0,7.43,18.44,6.32,80.7,30.1625
06/04/23 05:10:00.0,7.52,18.44,6.40,81.7,30.1453
06/04/23 05:20:00.0,7.63,18.40,6.49,82.8,30.1725
06/04/23 05:30:00.0,7.53,18.38,6.41,81.7,30.1817
06/04/23 05:40:00.0,7.25,18.38,6.17,78.6,30.1790
06/04/23 05:50:00.0,7.08,18.36,6.02,76.8,30.1664
06/04/23 06:00:00.0,7.25,18.34,6.17,78.6,30.1772
06/04/23 06:10:00.0,7.20,18.32,6.12,78.0,30.1980
06/04/23 06:20:00.0,7.18,18.32,6.11,77.8,30.1735
06/04/23 06:30:00.0,7.02,18.34,5.97,76.1,30.1643
06/04/23 06:40:00.0,7.05,18.34,6.50,76.4,16.5898
06/04/23 06:50:00.0,6.80,18.34,6.37,73.7,14.1656
06/04/23 07:00:00.0,7.08,18.36,6.65,76.7,13.4861
06/04/23 07:10:00.0,6.97,18.38,5.93,75.6,30.1855
06/04/23 07:20:00.0,6.86,18.36,5.83,74.4,30.1819
06/04/23 07:30:00.0,6.72,18.38,5.72,72.9,30.1836
06/04/23 07:40:00.0,6.39,18.38,5.44,69.3,30.1591
06/04/23 07:50:00.0,6.27,18.38,5.33,68.0,30.1981
06/04/23 08:00:00.0,6.27,18.38,5.33,68.0,30.1727
06/04/23 08:10:00.0,6.83,18.38,5.81,74.0,30.1907
06/04/23 08:20:00.0,6.88,18.38,5.85,74.6,30.1744
06/04/23 08:30:00.0,6.90,18.38,5.87,74.8,30.1906
06/04/23 08:40:00.0,7.27,18.40,6.18,78.8,30.1787
06/04/23 08:50:00.0,7.29,18.40,6.20,79.1,30.1715
06/04/23 09:00:00.0,7.18,18.40,6.11,77.9,30.1524
06/04/23 09:10:00.0,7.11,18.40,6.05,77.1,30.1696
06/04/23 09:20:00.0,7.06,18.38,6.00,76.5,30.1488
06/04/23 09:30:00.0,7.35,18.38,6.25,79.7,30.1643
06/04/23 09:40:00.0,7.13,18.38,6.06,77.3,30.1496
06/04/23 09:50:00.0,6.92,18.36,5.88,75.0,30.1903
06/04/23 10:00:00.0,6.82,18.36,5.80,73.9,30.1812
06/04/23 10:10:00.0,6.96,18.36,5.92,75.4,30.1775
06/04/23 10:20:00.0,6.86,18.36,5.83,74.3,30.1865
06/04/23 10:30:00.0,6.79,18.34,5.77,73.5,30.1948
06/04/23 10:40:00.0,6.79,18.34,5.77,73.5,30.2002
06/04/23 10:50:00.0,7.43,18.30,6.31,80.4,30.2184
06/04/23 11:00:00.0,7.94,18.14,6.74,85.6,30.3454
06/04/23 11:10:00.0,7.97,17.82,6.76,85.4,30.4310
06/04/23 11:20:00.0,8.06,17.68,6.83,86.1,30.5063
06/04/23 11:30:00.0,7.99,17.62,6.77,85.2,30.5379
06/04/23 11:40:00.0,8.26,17.58,7.00,88.0,30.5782
06/04/23 11:50:00.0,8.21,17.56,6.95,87.5,30.5494
06/04/23 12:00:00.0,8.25,17.56,6.99,87.9,30.5328
06/04/23 12:10:00.0,8.14,17.58,6.89,86.8,30.5482
06/04/23 12:20:00.0,7.89,17.58,6.68,84.1,30.5166
06/04/23 12:30:00.0,7.72,17.62,6.54,82.3,30.5179
06/04/23 12:40:00.0,7.71,17.58,6.53,82.2,30.5624
06/04/23 12:50:00.0,8.20,17.66,6.95,87.5,30.5249
06/04/23 13:00:00.0,7.95,17.68,6.74,84.9,30.4246
06/04/23 13:10:00.0,7.85,17.72,6.65,83.9,30.4263
06/04/23 13:20:00.0,7.81,17.80,6.62,83.6,30.4148
06/04/23 13:30:00.0,7.68,17.86,6.51,82.3,30.3621
06/04/23 13:40:00.0,7.93,17.84,6.73,84.9,30.3662
06/04/23 13:50:00.0,8.09,17.86,6.86,86.7,30.3508
06/04/23 14:00:00.0,8.23,17.92,6.98,88.3,30.3219
06/04/23 14:10:00.0,8.20,17.96,6.96,88.0,30.2660
06/04/23 14:20:00.0,8.35,18.00,7.09,89.7,30.2705
06/04/23 14:30:00.0,8.11,17.96,6.88,87.1,30.2510
06/04/23 14:40:00.0,8.30,18.08,7.05,89.3,30.1898
06/04/23 14:50:00.0,8.30,18.08,7.05,89.3,30.1549
06/04/23 15:00:00.0,8.17,18.10,6.94,88.0,30.1309
06/04/23 15:10:00.0,8.22,18.18,6.98,88.6,30.1167
06/04/23 15:20:00.0,8.34,18.20,7.08,90.0,30.1698
06/04/23 15:30:00.0,8.19,18.22,6.96,88.4,30.1172
06/04/23 15:40:00.0,8.48,18.20,7.20,91.5,30.1165
06/04/23 15:50:00.0,8.32,18.18,7.07,89.7,30.0896
06/04/23 16:00:00.0,8.20,18.18,6.96,88.4,30.1200
06/04/23 16:10:00.0,8.03,18.22,6.82,86.7,30.1458
06/04/23 16:20:00.0,8.54,18.30,7.26,92.3,30.0428
06/04/23 16:30:00.0,8.55,18.32,7.27,92.5,30.0708
06/04/23 16:40:00.0,8.30,18.32,7.05,89.7,30.0886
06/04/23 16:50:00.0,8.14,18.28,6.92,87.9,30.0626
06/04/23 17:00:00.0,8.35,18.32,7.10,90.3,30.0101
06/04/23 17:10:00.0,8.51,18.32,7.23,92.0,30.0306
06/04/23 17:20:00.0,8.40,18.32,7.14,90.8,30.0297
06/04/23 17:30:00.0,8.20,18.32,6.97,88.7,30.0529
06/04/23 17:40:00.0,7.99,18.30,6.79,86.3,30.0280
06/04/23 17:50:00.0,8.23,18.26,6.99,88.9,30.0254
06/04/23 18:00:00.0,7.97,18.24,6.77,86.0,30.0006
06/04/23 18:10:00.0,8.27,18.22,7.03,89.2,30.0241
06/04/23 18:20:00.0,8.13,18.26,6.91,87.8,30.0565
06/04/23 18:30:00.0,8.09,18.30,6.87,87.4,30.0249
06/04/23 18:40:00.0,8.22,18.28,6.98,88.8,30.0449
06/04/23 18:50:00.0,8.14,18.20,6.91,87.8,30.0443
06/04/23 19:00:00.0,7.85,18.10,6.66,84.5,30.1272
06/04/23 19:10:00.0,8.46,17.86,7.18,90.6,30.1922
06/04/23 19:20:00.0,8.61,17.80,7.30,92.1,30.2397
06/04/23 19:30:00.0,8.63,17.78,7.32,92.2,30.2294
06/04/23 19:40:00.0,9.01,17.80,7.64,96.3,30.2778
06/04/23 19:50:00.0,8.81,17.80,7.47,94.2,30.2850
06/04/23 20:00:00.0,8.81,17.82,7.47,94.2,30.2511
06/04/23 20:10:00.0,8.93,17.84,7.57,95.6,30.2856
06/04/23 20:20:00.0,8.86,17.86,7.51,94.8,30.2765
06/04/23 20:30:00.0,8.86,17.84,7.51,94.8,30.2969
06/04/23 20:40:00.0,9.35,17.64,7.91,99.6,30.5015
06/04/23 20:50:00.0,9.32,17.56,7.88,99.1,30.5386
06/04/23 21:00:00.0,9.40,17.50,7.95,99.9,30.5660
06/04/23 21:10:00.0,9.24,17.46,7.81,98.1,30.5792
06/04/23 21:20:00.0,9.07,17.42,7.67,96.2,30.6267
06/04/23 21:30:00.0,9.01,17.38,7.61,95.5,30.6325
06/04/23 21:40:00.0,8.91,17.36,7.53,94.4,30.6493
06/04/23 21:50:00.0,8.77,17.34,7.41,92.9,30.6716
06/04/23 22:00:00.0,8.79,17.32,7.42,93.0,30.6693
06/04/23 22:10:00.0,8.72,17.30,7.36,92.2,30.6909
06/04/23 22:20:00.0,8.79,17.26,7.42,92.9,30.6823
06/04/23 22:30:00.0,9.00,17.14,7.59,94.9,30.8050
06/04/23 22:40:00.0,9.11,17.06,7.68,95.9,30.8565
06/04/23 22:50:00.0,9.08,17.00,7.66,95.4,30.8653
06/04/23 23:00:00.0,8.92,17.00,7.52,93.8,30.8987
06/04/23 23:10:00.0,8.93,16.98,7.53,93.8,30.8688
06/04/23 23:20:00.0,8.83,16.98,7.44,92.8,30.9023
06/04/23 23:30:00.0,8.82,16.98,7.44,92.7,30.8738
06/04/23 23:40:00.0,8.82,16.98,7.43,92.7,30.8756
06/04/23 23:50:00.0,8.78,16.98,7.40,92.2,30.8828
06/05/23 00:00:00.0,8.65,16.98,7.29,90.9,30.8639
06/05/23 00:10:00.0,8.48,16.98,7.15,89.1,30.8657
06/05/23 00:20:00.0,8.48,17.00,7.15,89.1,30.8220
06/05/23 00:30:00.0,8.49,17.00,7.16,89.2,30.8216
06/05/23 00:40:00.0,8.32,17.02,7.01,87.5,30.8289
06/05/23 00:50:00.0,8.27,17.04,6.97,87.0,30.7962
06/05/23 01:00:00.0,8.37,17.04,7.06,88.0,30.8035
06/05/23 01:10:00.0,8.28,17.04,6.98,87.1,30.7873
06/05/23 01:20:00.0,8.24,17.06,6.95,86.7,30.8001
06/05/23 01:30:00.0,8.04,17.06,6.78,84.6,30.8019
06/05/23 01:40:00.0,8.04,17.06,6.78,84.6,30.7651
06/05/23 01:50:00.0,7.99,17.08,6.74,84.1,30.7016
06/05/23 02:00:00.0,7.91,17.10,6.67,83.3,30.7178
06/05/23 02:10:00.0,7.65,17.10,6.45,80.5,30.7237
06/05/23 02:20:00.0,7.92,17.10,6.68,83.4,30.7179
06/05/23 02:30:00.0,7.81,17.10,6.59,82.2,30.7142
06/05/23 02:40:00.0,7.60,17.12,6.41,80.0,30.7132
06/05/23 02:50:00.0,7.81,17.10,6.59,82.2,30.6787
06/05/23 03:00:00.0,7.94,17.08,6.70,83.5,30.6777
06/05/23 03:10:00.0,7.62,17.10,6.43,80.2,30.6932
06/05/23 03:20:00.0,7.55,17.10,6.37,79.5,30.6431
06/05/23 03:30:00.0,7.77,17.10,6.56,81.8,30.6345
06/05/23 03:40:00.0,7.97,17.12,6.73,83.9,30.6279
06/05/23 03:50:00.0,7.91,17.18,6.68,83.4,30.5949
06/05/23 04:00:00.0,7.84,17.22,6.62,82.7,30.5645
06/05/23 04:10:00.0,7.74,17.26,6.53,81.7,30.5689
06/05/23 04:20:00.0,7.65,17.26,6.46,80.8,30.5441
06/05/23 04:30:00.0,7.53,17.28,6.36,79.5,30.5350
06/05/23 04:40:00.0,7.62,17.32,6.44,80.5,30.5047
06/05/23 04:50:00.0,7.81,17.30,6.60,82.5,30.5092
06/05/23 05:00:00.0,8.53,17.20,7.20,89.9,30.5787
06/05/23 05:10:00.0,8.49,17.12,7.16,89.4,30.5778
06/05/23 05:20:00.0,8.49,17.10,7.16,89.3,30.6013
06/05/23 05:30:00.0,8.40,17.08,7.09,88.3,30.6012
06/05/23 05:40:00.0,8.27,17.08,6.98,87.0,30.5778
06/05/23 05:50:00.0,8.21,17.08,6.93,86.3,30.5883
06/05/23 06:00:00.0,8.17,17.06,6.89,85.9,30.5861
06/05/23 06:10:00.0,8.13,17.04,6.86,85.4,30.6240
06/05/23 06:20:00.0,7.76,17.04,6.54,81.5,30.6368
06/05/23 06:30:00.0,7.52,17.04,6.34,79.0,30.6330
06/05/23 06:40:00.0,7.37,17.02,6.21,77.4,30.6287
06/05/23 06:50:00.0,7.42,17.02,6.26,77.9,30.6229
06/05/23 07:00:00.0,7.86,17.02,6.63,82.5,30.6288
06/05/23 07:10:00.0,7.70,17.02,6.49,80.9,30.6279
06/05/23 07:20:00.0,7.46,17.00,6.29,78.3,30.6433
06/05/23 07:30:00.0,7.40,17.00,6.24,77.7,30.6341
06/05/23 07:40:00.0,7.35,17.00,6.20,77.1,30.6026
06/05/23 07:50:00.0,7.56,17.00,6.37,79.3,30.6152
06/05/23 08:00:00.0,7.54,17.00,6.36,79.1,30.5219
06/05/23 08:10:00.0,7.56,17.00,6.37,79.3,30.6302
06/05/23 08:20:00.0,7.57,17.00,6.38,79.4,30.6210
06/05/23 08:30:00.0,7.65,17.02,6.45,80.3,30.6043
06/05/23 08:40:00.0,7.44,17.02,6.27,78.1,30.6034
06/05/23 08:50:00.0,7.27,16.96,6.13,76.2,30.6643
06/05/23 09:00:00.0,7.28,16.94,6.13,76.3,30.6592
06/05/23 09:10:00.0,7.96,16.90,6.71,83.3,30.6942
06/05/23 09:20:00.0,8.26,16.86,6.96,86.4,30.6872
06/05/23 09:30:00.0,8.05,16.84,6.78,84.2,30.7247
06/05/23 09:40:00.0,8.41,16.82,7.08,87.9,30.6916
06/05/23 09:50:00.0,8.35,16.84,7.03,87.3,30.6919
06/05/23 10:00:00.0,8.25,16.84,6.95,86.3,30.7242
06/05/23 10:10:00.0,8.14,16.84,6.86,85.1,30.6911
06/05/23 10:20:00.0,8.04,16.86,6.77,84.1,30.7031
06/05/23 10:30:00.0,7.80,16.86,6.57,81.6,30.7212
06/05/23 10:40:00.0,8.16,16.84,6.87,85.3,30.7430
06/05/23 10:50:00.0,8.50,16.58,7.15,88.4,30.9137
06/05/23 11:00:00.0,8.51,16.48,7.15,88.3,30.9061
06/05/23 11:10:00.0,8.47,16.46,7.12,87.8,30.9299
06/05/23 11:20:00.0,8.49,16.42,7.13,88.0,30.9535
06/05/23 11:30:00.0,8.50,16.40,7.14,88.0,30.9708
06/05/23 11:40:00.0,8.38,16.38,7.04,86.8,30.9830
06/05/23 11:50:00.0,8.32,16.38,6.99,86.1,31.0276
06/05/23 12:00:00.0,8.17,16.36,6.86,84.5,30.9981
06/05/23 12:10:00.0,8.12,16.32,6.82,83.9,31.0412
06/05/23 12:20:00.0,8.02,16.32,6.73,82.9,31.0170
06/05/23 12:30:00.0,7.97,16.32,6.69,82.4,31.0028
06/05/23 12:40:00.0,7.99,16.34,6.71,82.6,31.0079
06/05/23 12:50:00.0,8.24,16.34,6.92,85.2,30.9854
06/05/23 13:00:00.0,8.19,16.36,6.88,84.7,30.9355
06/05/23 13:10:00.0,8.20,16.36,6.88,84.8,31.0060
06/05/23 13:20:00.0,8.07,16.38,6.78,83.5,30.9654
06/05/23 13:30:00.0,8.34,16.40,7.00,86.3,30.9710
06/05/23 13:40:00.0,8.22,16.44,6.91,85.2,30.9232
06/05/23 13:50:00.0,8.36,16.44,7.02,86.6,30.9108
06/05/23 14:00:00.0,8.33,16.46,7.00,86.3,30.9432
06/05/23 14:10:00.0,8.23,16.48,6.91,85.3,30.9121
06/05/23 14:20:00.0,8.19,16.50,6.88,85.0,30.8804
06/05/23 14:30:00.0,8.49,16.50,7.13,88.1,30.8619
06/05/23 14:40:00.0,8.44,16.48,7.09,87.5,30.8861
06/05/23 14:50:00.0,8.44,16.48,7.09,87.5,30.8534
06/05/23 15:00:00.0,8.60,16.54,7.23,89.3,30.7426
06/05/23 15:10:00.0,8.54,16.68,7.18,88.9,30.7275
06/05/23 15:20:00.0,8.51,16.72,7.16,88.7,30.6708
06/05/23 15:30:00.0,8.73,16.84,7.35,91.2,30.6235
06/05/23 15:40:00.0,8.67,16.92,7.30,90.7,30.6234
06/05/23 15:50:00.0,8.88,16.98,7.48,93.0,30.6073
06/05/23 16:00:00.0,8.79,16.96,7.40,92.0,30.6296
06/05/23 16:10:00.0,8.58,16.94,7.22,89.8,30.6150
06/05/23 16:20:00.0,8.58,16.94,7.22,89.8,30.6177
06/05/23 16:30:00.0,9.18,16.90,7.73,96.0,30.6164
06/05/23 16:40:00.0,9.16,16.86,7.71,95.7,30.6306
06/05/23 16:50:00.0,9.09,16.84,7.65,94.9,30.6686
06/05/23 17:00:00.0,8.69,16.84,7.31,90.8,30.6579
06/05/23 17:10:00.0,8.88,16.82,7.47,92.7,30.6758
06/05/23 17:20:00.0,9.24,16.82,7.77,96.5,30.6657
06/05/23 17:30:00.0,8.93,16.82,7.51,93.2,30.6647
06/05/23 17:40:00.0,8.77,16.82,7.38,91.5,30.6568
06/05/23 17:50:00.0,8.59,16.86,7.23,89.7,30.6706
06/05/23 18:00:00.0,8.40,16.86,7.07,87.7,30.6457
06/05/23 18:10:00.0,8.09,16.86,6.81,84.5,30.6523
06/05/23 18:20:00.0,8.39,16.86,7.06,87.6,30.6208
06/05/23 18:30:00.0,8.66,16.86,7.29,90.5,30.6279
06/05/23 18:40:00.0,8.59,16.86,7.23,89.7,30.6243
06/05/23 18:50:00.0,8.39,16.86,7.06,87.6,30.6239
06/05/23 19:00:00.0,8.25,16.86,6.94,86.2,30.6093
06/05/23 19:10:00.0,8.33,16.90,7.01,87.1,30.5782
06/05/23 19:20:00.0,8.44,16.90,7.10,88.2,30.5928
06/05/23 19:30:00.0,8.00,16.90,6.73,83.6,30.5892
06/05/23 19:40:00.0,8.47,16.88,7.13,88.5,30.6115
06/05/23 19:50:00.0,8.97,16.88,7.55,93.7,30.6023
06/05/23 20:00:00.0,8.60,16.88,7.23,89.8,30.6150
06/05/23 20:10:00.0,9.06,16.90,7.62,94.7,30.6104
06/05/23 20:20:00.0,9.57,16.90,8.05,100.0,30.5930
06/05/23 20:30:00.0,9.35,16.90,7.87,97.7,30.5915
06/05/23 20:40:00.0,8.76,16.80,7.36,91.3,30.6910
06/05/23 20:50:00.0,8.46,16.74,7.11,88.1,30.7199
06/05/23 21:00:00.0,8.18,16.70,6.87,85.1,30.7129
06/05/23 21:10:00.0,8.05,16.72,6.76,83.8,30.7486
06/05/23 21:20:00.0,8.23,16.72,6.92,85.7,30.7296
06/05/23 21:30:00.0,8.20,16.74,6.89,85.4,30.7423
06/05/23 21:40:00.0,7.75,16.76,6.51,80.7,30.7158
06/05/23 21:50:00.0,7.85,16.76,6.60,81.8,30.7142
06/05/23 22:00:00.0,8.03,16.76,6.75,83.6,30.7323
06/05/23 22:10:00.0,7.76,16.76,6.52,80.8,30.7199
06/05/23 22:20:00.0,7.49,16.76,6.29,78.0,30.7599
06/05/23 22:30:00.0,7.49,16.76,6.29,78.0,30.7179
06/05/23 22:40:00.0,7.55,16.76,6.34,78.6,30.7005
06/05/23 22:50:00.0,8.11,16.78,6.81,84.5,30.7031
06/05/23 23:00:00.0,8.24,16.80,6.92,85.9,30.7021
06/05/23 23:10:00.0,8.50,16.80,7.14,88.6,30.7011
06/05/23 23:20:00.0,9.03,16.82,7.58,94.2,30.7884
06/05/23 23:30:00.0,9.15,16.82,7.69,95.4,30.7386
06/05/23 23:40:00.0,9.04,16.84,7.59,94.3,30.7377
06/05/23 23:50:00.0,8.73,16.84,7.33,91.1,30.7772
06/06/23 00:00:00.0,8.72,16.82,7.32,90.9,30.7762
06/06/23 00:10:00.0,8.90,16.82,7.47,92.8,30.7774
06/06/23 00:20:00.0,8.70,16.80,7.31,90.7,30.7819
06/06/23 00:30:00.0,8.55,16.80,7.18,89.1,30.7617
06/06/23 00:40:00.0,8.27,16.80,6.94,86.2,30.7711
06/06/23 00:50:00.0,8.06,16.80,6.77,84.0,30.7865
06/06/23 01:00:00.0,7.65,16.80,6.42,79.7,30.7953
06/06/23 01:10:00.0,7.78,16.78,6.53,81.0,30.7750
06/06/23 01:20:00.0,7.75,16.78,6.50,80.7,30.8146
06/06/23 01:30:00.0,8.33,16.78,6.99,86.8,30.7807
06/06/23 01:40:00.0,8.30,16.78,6.97,86.4,30.8045
06/06/23 01:50:00.0,8.20,16.76,6.88,85.4,30.8057
06/06/23 02:00:00.0,8.09,16.76,6.79,84.2,30.7991
06/06/23 02:10:00.0,7.90,16.78,6.63,82.3,30.7933
06/06/23 02:20:00.0,7.72,16.78,6.48,80.4,30.7895
06/06/23 02:30:00.0,7.58,16.76,6.36,78.9,30.7715
06/06/23 02:40:00.0,7.54,16.78,6.33,78.5,30.7745
06/06/23 02:50:00.0,7.74,16.78,6.50,80.6,30.7626
06/06/23 03:00:00.0,7.75,16.76,6.51,80.7,30.7446
06/06/23 03:10:00.0,7.79,16.78,6.54,81.1,30.7846
06/06/23 03:20:00.0,7.42,16.76,6.23,77.2,30.7748
06/06/23 03:30:00.0,7.28,16.76,6.11,75.8,30.7553
06/06/23 03:40:00.0,7.25,16.78,6.08,75.5,30.7817
06/06/23 03:50:00.0,7.38,16.78,6.19,76.8,30.7669
06/06/23 04:00:00.0,7.50,16.78,6.29,78.1,30.7667
06/06/23 04:10:00.0,7.78,16.78,6.53,81.0,30.7705
06/06/23 04:20:00.0,7.81,16.76,6.55,81.3,30.7723
06/06/23 04:30:00.0,7.61,16.76,6.39,79.2,30.7762
06/06/23 04:40:00.0,7.62,16.76,6.39,79.3,30.7499
06/06/23 04:50:00.0,7.76,16.76,6.51,80.7,30.7276
06/06/23 05:00:00.0,8.07,16.76,6.77,84.0,30.7404
06/06/23 05:10:00.0,8.00,16.76,6.71,83.2,30.7250
06/06/23 05:20:00.0,7.95,16.76,6.67,82.7,30.7575
06/06/23 05:30:00.0,7.83,16.76,6.57,81.5,30.7565
06/06/23 05:40:00.0,7.75,16.76,6.50,80.6,30.7145
06/06/23 05:50:00.0,7.72,16.76,6.48,80.3,30.7327
06/06/23 06:00:00.0,7.93,16.76,6.65,82.5,30.7339
06/06/23 06:10:00.0,7.84,16.74,6.58,81.5,30.7191
06/06/23 06:20:00.0,7.82,16.74,6.56,81.3,30.7574
06/06/23 06:30:00.0,7.89,16.74,6.62,82.0,30.7330
06/06/23 06:40:00.0,7.86,16.72,6.59,81.7,30.7336
06/06/23 06:50:00.0,7.90,16.72,6.63,82.1,30.7736
06/06/23 07:00:00.0,7.89,16.74,6.62,82.0,30.7300
06/06/23 07:10:00.0,7.83,16.74,6.57,81.4,30.7647
06/06/23 07:20:00.0,7.76,16.74,6.51,80.7,30.7609
06/06/23 07:30:00.0,7.24,16.74,6.07,75.3,30.7479
06/06/23 07:40:00.0,7.42,16.74,6.22,77.1,30.7617
06/06/23 07:50:00.0,7.65,16.74,6.42,79.5,30.7443
06/06/23 08:00:00.0,7.77,16.74,6.52,80.8,30.7515
06/06/23 08:10:00.0,7.75,16.74,6.50,80.6,30.7347
06/06/23 08:20:00.0,7.83,16.76,6.57,81.4,30.7727
06/06/23 08:30:00.0,7.60,16.76,6.37,79.0,30.7416
06/06/23 08:40:00.0,7.71,16.76,6.47,80.2,30.7078
06/06/23 08:50:00.0,7.46,16.76,6.26,77.6,30.7156
06/06/23 09:00:00.0,7.37,16.80,6.18,76.7,30.6660
06/06/23 09:10:00.0,7.15,16.80,6.00,74.4,30.7060
06/06/23 09:20:00.0,6.67,16.80,5.60,69.4,30.6777
06/06/23 09:30:00.0,6.52,16.80,5.47,67.8,30.7013
06/06/23 09:40:00.0,6.58,16.80,5.52,68.5,30.7021
06/06/23 09:50:00.0,6.82,16.80,5.72,71.0,30.6787
06/06/23 10:00:00.0,6.95,16.80,5.83,72.3,30.6614
06/06/23 10:10:00.0,7.58,16.80,6.36,78.9,30.6774
06/06/23 10:20:00.0,7.76,16.82,6.51,80.8,30.6776
06/06/23 10:30:00.0,7.92,16.84,6.64,82.5,30.6739
06/06/23 10:40:00.0,7.93,16.84,6.65,82.6,30.6824
06/06/23 10:50:00.0,7.99,16.84,6.70,83.2,30.6960
06/06/23 11:00:00.0,8.06,16.82,6.76,83.9,30.6889
06/06/23 11:10:00.0,8.27,16.82,6.93,86.1,30.7042
06/06/23 11:20:00.0,8.30,16.82,6.96,86.4,30.7040
06/06/23 11:30:00.0,7.85,16.82,6.58,81.7,30.7194
06/06/23 11:40:00.0,7.38,16.82,6.19,76.8,30.7102
06/06/23 11:50:00.0,7.30,16.82,6.12,76.0,30.7250
06/06/23 12:00:00.0,7.40,16.82,6.20,77.0,30.7405
06/06/23 12:10:00.0,7.88,16.82,6.61,82.0,30.7312
06/06/23 12:20:00.0,7.97,16.84,6.68,83.0,30.7452
06/06/23 12:30:00.0,7.71,16.84,6.46,80.2,30.7291
06/06/23 12:40:00.0,7.46,16.86,6.25,77.7,30.7205
06/06/23 12:50:00.0,7.80,16.86,6.54,81.2,30.7277
06/06/23 13:00:00.0,7.97,16.86,6.68,83.0,30.7185
06/06/23 13:10:00.0,8.02,16.86,6.72,83.5,30.7340
06/06/23 13:20:00.0,8.13,16.88,6.81,84.7,30.7391
06/06/23 13:30:00.0,8.23,16.86,6.90,85.7,30.7567
06/06/23 13:40:00.0,8.28,16.86,6.94,86.2,30.7235
06/06/23 13:50:00.0,8.20,16.86,6.87,85.4,30.7240
06/06/23 14:00:00.0,8.04,16.86,6.74,83.7,30.7215
06/06/23 14:10:00.0,8.08,16.88,6.78,84.1,30.6357
06/06/23 14:20:00.0,8.48,16.88,7.11,88.3,30.7120
06/06/23 14:30:00.0,8.68,16.88,7.27,90.4,30.7350
06/06/23 14:40:00.0,8.69,16.88,7.29,90.5,30.6272
06/06/23 14:50:00.0,8.42,16.86,7.06,87.6,30.7083
06/06/23 15:00:00.0,8.20,16.90,6.87,85.4,30.7099
06/06/23 15:10:00.0,8.24,16.92,6.91,85.9,30.7096
06/06/23 15:20:00.0,8.38,16.92,7.02,87.3,30.7244
06/06/23 15:30:00.0,8.77,16.90,7.35,91.3,30.7310
06/06/23 15:40:00.0,8.88,16.92,7.44,92.5,30.6902
06/06/23 15:50:00.0,9.01,16.92,7.55,93.9,30.7035
06/06/23 16:00:00.0,8.98,16.90,7.52,93.5,30.7116
06/06/23 16:10:00.0,8.86,16.90,7.42,92.3,30.6941
06/06/23 16:20:00.0,8.77,16.90,7.35,91.3,30.6939
06/06/23 16:30:00.0,9.14,16.98,7.66,95.3,30.6247
06/06/23 16:40:00.0,9.38,17.00,7.87,97.9,30.5849
06/06/23 16:50:00.0,9.30,17.04,7.80,97.1,30.5591
06/06/23 17:00:00.0,9.28,17.06,7.79,97.0,30.4561
06/06/23 17:10:00.0,9.09,17.06,7.63,95.0,30.4463
06/06/23 17:20:00.0,8.77,17.04,7.36,91.6,30.4186
06/06/23 17:30:00.0,8.59,17.00,7.21,89.6,30.4315
06/06/23 17:40:00.0,8.53,16.98,7.16,89.0,30.3551
06/06/23 17:50:00.0,8.88,17.06,7.46,92.8,30.3269
06/06/23 18:00:00.0,10.06,17.22,8.46,105.4,30.1001
06/06/23 18:10:00.0,9.80,17.34,8.23,103.0,30.3521
06/06/23 18:20:00.0,9.07,17.22,7.62,95.1,30.2285
06/06/23 18:30:00.0,9.44,17.28,7.94,99.1,30.1528
06/06/23 18:40:00.0,9.73,17.38,8.18,102.3,30.2404
06/06/23 18:50:00.0,9.87,17.38,8.30,103.8,30.2125
06/06/23 19:00:00.0,9.75,17.46,8.20,102.7,30.0700
06/06/23 19:10:00.0,9.57,17.60,8.06,101.1,30.0205
06/06/23 19:20:00.0,8.84,17.40,7.42,93.0,30.3777
06/06/23 19:30:00.0,8.61,17.18,7.23,90.1,30.4134
06/06/23 19:40:00.0,8.31,17.08,6.97,86.8,30.4467
06/06/23 19:50:00.0,8.16,17.08,6.85,85.3,30.4225
06/06/23 20:00:00.0,8.14,17.16,6.83,85.2,30.4065
06/06/23 20:10:00.0,8.51,17.06,7.14,88.9,30.5038
06/06/23 20:20:00.0,8.13,16.96,6.81,84.7,30.5508
06/06/23 20:30:00.0,8.70,16.92,7.29,90.6,30.5649
06/06/23 20:40:00.0,8.45,16.90,7.08,87.9,30.5476
06/06/23 20:50:00.0,7.97,16.90,6.68,82.9,30.5548
06/06/23 21:00:00.0,8.20,16.90,6.87,85.3,30.5728
06/06/23 21:10:00.0,7.77,16.90,6.51,80.9,30.5746
06/06/23 21:20:00.0,7.55,16.92,6.33,78.6,30.5524
06/06/23 21:30:00.0,7.00,16.92,5.86,72.9,30.5772
06/06/23 21:40:00.0,6.73,16.96,5.64,70.1,30.5679
06/06/23 21:50:00.0,6.68,16.96,5.60,69.6,30.5683
06/06/23 22:00:00.0,6.97,16.96,5.84,72.6,30.5578
06/06/23 22:10:00.0,6.96,17.00,5.83,72.6,30.5328
06/06/23 22:20:00.0,6.93,17.04,5.81,72.3,30.5433
06/06/23 22:30:00.0,6.85,17.06,5.74,71.5,30.5484
06/06/23 22:40:00.0,6.91,17.06,5.79,72.1,30.5311
06/06/23 22:50:00.0,7.62,17.04,6.39,79.5,30.5383
06/06/23 23:00:00.0,7.69,17.04,6.44,80.2,30.5229
06/06/23 23:10:00.0,8.45,17.08,7.08,88.2,30.5390
06/06/23 23:20:00.0,8.52,17.08,7.14,89.0,30.4637
06/06/23 23:30:00.0,8.38,17.12,7.02,87.6,30.4824
06/06/23 23:40:00.0,7.71,17.12,6.46,80.6,30.4659
06/06/23 23:50:00.0,6.53,17.12,5.47,68.2,30.4860
06/07/23 00:00:00.0,6.04,17.12,5.06,63.1,30.5013
06/07/23 00:10:00.0,5.85,17.14,4.90,61.1,30.4867
06/07/23 00:20:00.0,5.81,17.16,4.87,60.8,30.4789
06/07/23 00:30:00.0,5.59,17.18,4.69,58.5,30.4602
06/07/23 00:40:00.0,5.63,17.20,4.72,58.9,30.4333
06/07/23 00:50:00.0,5.84,17.22,4.90,61.1,30.4767
06/07/23 01:00:00.0,5.24,17.24,4.39,54.9,30.4362
06/07/23 01:10:00.0,5.02,17.24,4.21,52.6,30.4434
06/07/23 01:20:00.0,5.19,17.26,4.35,54.4,30.4417
06/07/23 01:30:00.0,5.28,17.28,4.43,55.3,30.4360
06/07/23 01:40:00.0,5.37,17.28,4.50,56.3,30.4235
06/07/23 01:50:00.0,5.89,17.26,4.94,61.7,30.4368
06/07/23 02:00:00.0,6.94,17.26,5.82,72.7,30.4705
06/07/23 02:10:00.0,8.22,17.26,6.89,86.1,30.4266
06/07/23 02:20:00.0,8.05,17.26,6.75,84.3,30.4284
06/07/23 02:30:00.0,7.90,17.26,6.62,82.8,30.4179
06/07/23 02:40:00.0,7.92,17.26,6.64,83.0,30.4007
06/07/23 02:50:00.0,8.03,17.26,6.73,84.1,30.3895
06/07/23 03:00:00.0,7.49,17.30,6.28,78.5,30.3981
06/07/23 03:10:00.0,7.89,17.30,6.61,82.7,30.4073
06/07/23 03:20:00.0,8.76,17.34,7.34,91.9,30.3996
06/07/23 03:30:00.0,8.80,17.34,7.38,92.3,30.4068
06/07/23 03:40:00.0,8.66,17.34,7.26,90.8,30.4058
06/07/23 03:50:00.0,8.67,17.34,7.27,90.9,30.4532
06/07/23 04:00:00.0,8.56,17.34,7.17,89.8,30.4250
06/07/23 04:10:00.0,8.46,17.34,7.09,88.7,30.4185
06/07/23 04:20:00.0,8.49,17.34,7.12,89.1,30.4176
06/07/23 04:30:00.0,8.35,17.34,7.00,87.6,30.4240
06/07/23 04:40:00.0,8.20,17.34,6.87,86.0,30.4565
06/07/23 04:50:00.0,7.90,17.34,6.62,82.9,30.4399
06/07/23 05:00:00.0,7.28,17.36,6.10,76.4,30.3995
06/07/23 05:10:00.0,6.71,17.36,5.62,70.4,30.4297
06/07/23 05:20:00.0,6.60,17.34,5.53,69.2,30.4206
06/07/23 05:30:00.0,7.19,17.36,6.03,75.4,30.4196
06/07/23 05:40:00.0,7.54,17.34,6.32,79.1,30.4186
06/07/23 05:50:00.0,8.12,17.32,6.81,85.1,30.3755
06/07/23 06:00:00.0,7.78,17.30,6.52,81.5,30.3643
06/07/23 06:10:00.0,7.50,17.28,6.29,78.5,30.3564
06/07/23 06:20:00.0,7.22,17.30,6.05,75.6,30.3474
06/07/23 06:30:00.0,7.48,17.28,6.27,78.3,30.3145
06/07/23 06:40:00.0,7.49,17.28,6.28,78.4,30.2912
06/07/23 06:50:00.0,6.93,17.28,5.81,72.6,30.3235
06/07/23 07:00:00.0,7.20,17.28,6.04,75.4,30.3143
06/07/23 07:10:00.0,7.26,17.30,6.09,76.0,30.2728
06/07/23 07:20:00.0,7.53,17.30,6.31,78.9,30.2969
06/07/23 07:30:00.0,6.96,17.30,5.83,72.9,30.2932
06/07/23 07:40:00.0,7.34,17.30,6.15,76.9,30.2302
06/07/23 07:50:00.0,8.04,17.30,6.74,84.2,30.2831
06/07/23 08:00:00.0,7.88,17.32,6.61,82.6,30.2606
06/07/23 08:10:00.0,8.33,17.28,6.98,87.2,30.2557
06/07/23 08:20:00.0,8.66,17.22,7.26,90.5,30.2885
06/07/23 08:30:00.0,8.30,17.20,6.96,86.7,30.2950
06/07/23 08:40:00.0,7.46,17.22,6.25,78.0,30.2871
06/07/23 08:50:00.0,7.09,17.24,5.94,74.2,30.2949
06/07/23 09:00:00.0,7.11,17.28,5.96,74.4,30.2447
06/07/23 09:10:00.0,7.07,17.30,5.92,74.0,30.3017
06/07/23 09:20:00.0,6.74,17.32,5.65,70.6,30.2622
06/07/23 09:30:00.0,6.24,17.32,5.23,65.4,30.2450
06/07/23 09:40:00.0,6.67,17.30,5.59,69.8,30.2637
06/07/23 09:50:00.0,6.79,17.30,5.69,71.1,30.2661
06/07/23 10:00:00.0,6.83,17.30,5.72,71.5,30.2563
06/07/23 10:10:00.0,6.73,17.28,5.64,70.4,30.2688
06/07/23 10:20:00.0,7.39,17.28,6.19,77.3,30.2672
06/07/23 10:30:00.0,6.92,17.24,5.80,72.4,30.3515
06/07/23 10:40:00.0,6.27,17.24,5.25,65.6,30.3241
06/07/23 10:50:00.0,6.05,17.24,5.07,63.3,30.3393
06/07/23 11:00:00.0,6.33,17.24,5.30,66.2,30.3059
06/07/23 11:10:00.0,6.42,17.24,5.38,67.1,30.3536
06/07/23 11:20:00.0,6.04,17.26,5.06,63.2,30.3290
06/07/23 11:30:00.0,5.90,17.26,4.94,61.7,30.3037
06/07/23 11:40:00.0,5.88,17.26,4.92,61.5,30.3190
06/07/23 11:50:00.0,5.82,17.26,4.87,60.9,30.3268
06/07/23 12:00:00.0,5.69,17.26,4.76,59.5,30.3258
06/07/23 12:10:00.0,5.48,17.28,4.59,57.3,30.2910
06/07/23 12:20:00.0,5.38,17.28,4.51,56.3,30.3090
06/07/23 12:30:00.0,5.51,17.28,4.61,57.6,30.2890
06/07/23 12:40:00.0,5.52,17.28,4.62,57.7,30.2908
06/07/23 12:50:00.0,5.54,17.28,4.64,58.0,30.2715
06/07/23 13:00:00.0,5.67,17.28,4.75,59.3,30.2780
06/07/23 13:10:00.0,5.71,17.28,4.78,59.7,30.2959
06/07/23 13:20:00.0,5.79,17.28,4.85,60.6,30.2760
06/07/23 13:30:00.0,5.93,17.28,4.97,62.0,30.2750
06/07/23 13:40:00.0,6.00,17.28,5.02,62.8,30.2694
06/07/23 13:50:00.0,5.95,17.28,4.98,62.2,30.2766
06/07/23 14:00:00.0,5.72,17.28,4.79,59.8,30.2668
06/07/23 14:10:00.0,5.89,17.28,4.93,61.6,30.2746
06/07/23 14:20:00.0,5.80,17.28,4.86,60.7,30.2332
06/07/23 14:30:00.0,5.73,17.28,4.80,59.9,30.2322
06/07/23 14:40:00.0,5.60,17.28,4.69,58.6,30.2635
06/07/23 14:50:00.0,5.45,17.28,4.56,57.0,30.2626
06/07/23 15:00:00.0,5.51,17.30,4.61,57.6,30.2514
06/07/23 15:10:00.0,5.62,17.30,4.71,58.8,30.2424
06/07/23 15:20:00.0,5.88,17.30,4.93,61.5,30.1883
06/07/23 15:30:00.0,9.10,17.30,7.62,95.2,30.2249
06/07/23 15:40:00.0,8.87,17.32,7.43,92.8,30.2118
06/07/23 15:50:00.0,8.25,17.34,6.91,86.4,30.2338
06/07/23 16:00:00.0,7.71,17.32,6.46,80.7,30.2159
06/07/23 16:10:00.0,7.65,17.32,6.41,80.0,30.1928
06/07/23 16:20:00.0,7.74,17.32,6.48,81.0,30.2161
06/07/23 16:30:00.0,7.49,17.32,6.27,78.4,30.1962
06/07/23 16:40:00.0,7.75,17.32,6.49,81.1,30.1630
06/07/23 16:50:00.0,8.33,17.30,6.98,87.1,30.1654
06/07/23 17:00:00.0,8.36,17.30,7.00,87.4,30.1543
06/07/23 17:10:00.0,8.75,17.32,7.33,91.5,30.1923
06/07/23 17:20:00.0,8.77,17.32,7.34,91.7,30.1779
06/07/23 17:30:00.0,8.69,17.32,7.28,90.9,30.1830
06/07/23 17:40:00.0,8.68,17.32,7.27,90.8,30.1767
06/07/23 17:50:00.0,8.55,17.32,7.16,89.4,30.1750
06/07/23 18:00:00.0,8.46,17.32,7.08,88.5,30.1828
06/07/23 18:10:00.0,8.18,17.32,6.85,85.6,30.1657
06/07/23 18:20:00.0,7.80,17.32,6.53,81.6,30.1318
06/07/23 18:30:00.0,7.61,17.32,6.37,79.6,30.1604
06/07/23 18:40:00.0,7.37,17.34,6.17,77.1,30.1627
06/07/23 18:50:00.0,7.12,17.34,5.96,74.5,30.1618
06/07/23 19:00:00.0,6.90,17.34,5.78,72.2,30.1501
06/07/23 19:10:00.0,6.64,17.34,5.56,69.5,30.1733
06/07/23 19:20:00.0,6.43,17.34,5.38,67.3,30.1428
06/07/23 19:30:00.0,6.33,17.34,5.30,66.2,30.1586
06/07/23 19:40:00.0,6.42,17.34,5.37,67.2,30.1657
06/07/23 19:50:00.0,7.61,17.34,6.37,79.6,30.1513
06/07/23 20:00:00.0,8.18,17.34,6.85,85.6,30.1772
06/07/23 20:10:00.0,8.18,17.36,6.85,85.6,30.1527
06/07/23 20:20:00.0,7.81,17.36,6.54,81.7,30.1383
06/07/23 20:30:00.0,7.25,17.34,6.07,75.8,30.1743
06/07/23 20:40:00.0,7.16,17.34,5.99,74.9,30.1740
06/07/23 20:50:00.0,7.55,17.36,6.32,79.0,30.1973
06/07/23 21:00:00.0,8.28,17.36,6.93,86.6,30.1681
06/07/23 21:10:00.0,8.13,17.36,6.80,85.1,30.1872
06/07/23 21:20:00.0,8.35,17.36,6.99,87.4,30.1634
06/07/23 21:30:00.0,7.52,17.36,6.29,78.7,30.2014
06/07/23 21:40:00.0,7.22,17.36,6.04,75.5,30.2086
06/07/23 21:50:00.0,7.21,17.38,6.03,75.5,30.2097
06/07/23 22:00:00.0,6.81,17.38,5.70,71.3,30.1837
06/07/23 22:10:00.0,6.50,17.38,5.44,68.0,30.1761
06/07/23 22:20:00.0,6.66,17.40,5.57,69.7,30.2156
06/07/23 22:30:00.0,6.95,17.40,5.81,72.8,30.2146
06/07/23 22:40:00.0,6.92,17.40,5.79,72.4,30.2129
06/07/23 22:50:00.0,6.94,17.40,5.81,72.7,30.2039
06/07/23 23:00:00.0,6.79,17.38,5.68,71.0,30.2029
06/07/23 23:10:00.0,6.44,17.38,5.39,67.4,30.2235
06/07/23 23:20:00.0,6.53,17.38,5.46,68.3,30.2542
06/07/23 23:30:00.0,6.68,17.38,5.59,69.9,30.2790
06/07/23 23:40:00.0,6.79,17.36,5.68,71.0,30.2212
06/07/23 23:50:00.0,6.74,17.36,5.64,70.5,30.2411
06/08/23 00:00:00.0,6.66,17.34,5.57,69.6,30.2746
06/08/23 00:10:00.0,6.51,17.34,5.44,68.0,30.2486
06/08/23 00:20:00.0,6.45,17.32,5.39,67.4,30.2625
06/08/23 00:30:00.0,6.39,17.32,5.34,66.8,30.2636
06/08/23 00:40:00.0,6.42,17.30,5.37,67.0,30.3100
06/08/23 00:50:00.0,6.80,17.28,5.68,71.0,30.2981
06/08/23 01:00:00.0,7.00,17.28,5.85,73.1,30.3039
06/08/23 01:10:00.0,7.28,17.28,6.08,76.0,30.2920
06/08/23 01:20:00.0,8.90,17.26,7.44,92.9,30.3101
06/08/23 01:30:00.0,9.02,17.26,7.54,94.1,30.3172
06/08/23 01:40:00.0,9.00,17.26,7.52,93.9,30.3345
06/08/23 01:50:00.0,8.84,17.24,7.38,92.2,30.3736
06/08/23 02:00:00.0,8.65,17.24,7.23,90.2,30.3292
06/08/23 02:10:00.0,8.61,17.24,7.19,89.8,30.3791
06/08/23 02:20:00.0,8.48,17.22,7.08,88.4,30.3591
06/08/23 02:30:00.0,8.41,17.22,7.02,87.7,30.3730
06/08/23 02:40:00.0,8.30,17.22,6.93,86.5,30.3720
06/08/23 02:50:00.0,8.20,17.22,6.85,85.5,30.3711
06/08/23 03:00:00.0,7.88,17.20,6.58,82.1,30.3857
06/08/23 03:10:00.0,7.92,17.20,6.61,82.5,30.3956
06/08/23 03:20:00.0,7.92,17.20,6.61,82.5,30.3722
06/08/23 03:30:00.0,8.22,17.20,6.86,85.6,30.4066
06/08/23 03:40:00.0,8.31,17.18,6.94,86.5,30.3920
06/08/23 03:50:00.0,8.35,17.18,6.97,86.9,30.4257
06/08/23 04:00:00.0,8.09,17.16,6.75,84.2,30.3588
06/08/23 04:10:00.0,7.60,17.16,6.63,79.1,23.1030
06/08/23 04:20:00.0,7.75,17.16,6.76,80.7,23.1360
06/08/23 04:30:00.0,7.57,17.16,6.54,78.8,24.6943
06/08/23 04:40:00.0,7.96,17.14,6.78,82.8,27.1255
06/08/23 04:50:00.0,7.49,17.14,6.37,77.9,27.1962
06/08/23 05:00:00.0,6.86,17.14,5.93,71.4,24.6585
06/08/23 05:10:00.0,7.15,17.12,6.09,74.3,27.1161
06/08/23 05:20:00.0,7.42,17.12,6.33,77.1,26.6168
06/08/23 05:30:00.0,7.54,17.12,6.29,78.4,30.4751
06/08/23 05:40:00.0,7.91,17.12,6.60,82.2,30.4244
06/08/23 05:50:00.0,7.95,17.12,6.64,82.6,30.2798
06/08/23 06:00:00.0,8.04,17.10,6.72,83.5,30.1900
06/08/23 06:10:00.0,7.98,17.10,6.66,82.9,30.3170
06/08/23 06:20:00.0,8.09,17.10,6.75,84.1,30.3668
06/08/23 06:30:00.0,8.03,17.10,6.70,83.4,30.2712
06/08/23 06:40:00.0,7.94,17.08,6.63,82.5,30.1359
06/08/23 06:50:00.0,8.09,17.08,6.76,84.0,30.1697
06/08/23 07:00:00.0,8.13,17.08,6.80,84.4,30.0539
06/08/23 07:10:00.0,8.03,17.08,6.71,83.4,30.0956
06/08/23 07:20:00.0,8.11,17.08,6.77,84.2,30.2798
06/08/23 07:30:00.0,8.00,17.08,6.67,83.1,30.4524
06/08/23 07:40:00.0,8.06,17.08,6.72,83.7,30.5005
06/08/23 07:50:00.0,7.81,17.10,6.51,81.1,30.4702
06/08/23 08:00:00.0,7.89,17.10,6.58,82.0,30.4693
06/08/23 08:10:00.0,7.92,17.10,6.60,82.3,30.4519
06/08/23 08:20:00.0,8.09,17.10,6.74,84.0,30.4673
06/08/23 08:30:00.0,8.02,17.10,6.69,83.3,30.4595
06/08/23 08:40:00.0,7.96,17.12,6.63,82.7,30.4749
06/08/23 08:50:00.0,8.00,17.12,6.67,83.1,30.4747
06/08/23 09:00:00.0,7.89,17.12,6.58,82.0,30.4572
06/08/23 09:10:00.0,7.84,17.12,6.54,81.5,30.4317
06/08/23 09:20:00.0,7.74,17.12,6.45,80.4,30.4717
06/08/23 09:30:00.0,7.84,17.12,6.53,81.4,30.4482
06/08/23 09:40:00.0,7.90,17.12,6.58,82.1,30.4533
06/08/23 09:50:00.0,7.92,17.14,6.60,82.3,30.4858
06/08/23 10:00:00.0,7.84,17.14,6.53,81.5,30.4692
06/08/23 10:10:00.0,7.86,17.16,6.55,81.7,30.4682
06/08/23 10:20:00.0,7.79,17.18,6.49,81.0,30.4549
06/08/23 10:30:00.0,7.65,17.18,6.37,79.6,30.4758
06/08/23 10:40:00.0,7.46,17.18,6.22,77.6,30.4421
06/08/23 10:50:00.0,7.22,17.18,6.02,75.1,30.4493
06/08/23 11:00:00.0,6.97,17.18,5.81,72.5,30.4714
06/08/23 11:10:00.0,7.28,17.18,6.07,75.7,30.4644
06/08/23 11:20:00.0,7.54,17.18,6.28,78.4,30.4163
06/08/23 11:30:00.0,7.86,17.20,6.55,81.8,30.4652
06/08/23 11:40:00.0,7.78,17.20,6.48,80.9,30.4567
06/08/23 11:50:00.0,7.81,17.20,6.51,81.2,30.4366
06/08/23 12:00:00.0,7.49,17.22,6.24,77.9,30.4281
06/08/23 12:10:00.0,7.53,17.22,6.27,78.4,30.4361
06/08/23 12:20:00.0,7.54,17.22,6.28,78.5,30.4201
06/08/23 12:30:00.0,7.61,17.22,6.34,79.2,30.4192
06/08/23 12:40:00.0,7.90,17.22,6.58,82.2,30.4455
06/08/23 12:50:00.0,7.88,17.22,6.57,82.0,30.4396
06/08/23 13:00:00.0,7.72,17.22,6.43,80.3,30.4312
06/08/23 13:10:00.0,7.72,17.24,6.43,80.3,30.4152
06/08/23 13:20:00.0,7.68,17.22,6.40,79.9,30.4292
06/08/23 13:30:00.0,7.77,17.24,6.47,80.9,30.4378
06/08/23 13:40:00.0,7.65,17.24,6.37,79.6,30.4314
06/08/23 13:50:00.0,7.53,17.24,6.27,78.4,30.4277
06/08/23 14:00:00.0,7.55,17.24,6.29,78.6,30.3954
06/08/23 14:10:00.0,7.53,17.26,6.27,78.4,30.4108
06/08/23 14:20:00.0,8.04,17.26,6.70,83.7,30.4016
06/08/23 14:30:00.0,8.06,17.28,6.72,83.9,30.4000
06/08/23 14:40:00.0,8.27,17.28,6.89,86.1,30.3691
06/08/23 14:50:00.0,8.18,17.28,6.82,85.2,30.3845
06/08/23 15:00:00.0,8.20,17.28,6.83,85.4,30.3850
06/08/23 15:10:00.0,8.06,17.30,6.72,84.0,30.3698
06/08/23 15:20:00.0,7.85,17.34,6.54,81.8,30.3676
06/08/23 15:30:00.0,7.22,17.36,6.02,75.3,30.3587
06/08/23 15:40:00.0,7.05,17.38,5.87,73.6,30.3760
06/08/23 15:50:00.0,7.92,17.36,6.60,82.6,30.3919
06/08/23 16:00:00.0,7.51,17.36,6.26,78.3,30.3726
06/08/23 16:10:00.0,7.37,17.36,6.14,76.9,30.3771
06/08/23 16:20:00.0,7.93,17.36,6.61,82.7,30.3592
06/08/23 16:30:00.0,7.91,17.38,6.59,82.5,30.3828
06/08/23 16:40:00.0,7.46,17.40,6.21,77.9,30.3962
06/08/23 16:50:00.0,7.64,17.40,6.37,79.7,30.3796
06/08/23 17:00:00.0,7.71,17.40,6.42,80.5,30.3806
06/08/23 17:10:00.0,8.27,17.40,6.89,86.3,30.3605
06/08/23 17:20:00.0,8.73,17.38,7.27,91.1,30.4025
06/08/23 17:30:00.0,8.48,17.38,7.06,88.4,30.3934
06/08/23 17:40:00.0,8.53,17.40,7.11,89.0,30.3705
06/08/23 17:50:00.0,8.52,17.40,7.10,88.9,30.3840
06/08/23 18:00:00.0,8.40,17.40,7.00,87.6,30.3993
06/08/23 18:10:00.0,8.17,17.40,6.80,85.2,30.3956
06/08/23 18:20:00.0,8.07,17.40,6.72,84.2,30.3810
06/08/23 18:30:00.0,8.38,17.40,6.98,87.4,30.3527
06/08/23 18:40:00.0,8.47,17.40,7.06,88.4,30.3626
06/08/23 18:50:00.0,8.49,17.40,7.07,88.6,30.3835
06/08/23 19:00:00.0,8.58,17.40,7.15,89.5,30.3852
06/08/23 19:10:00.0,8.31,17.40,6.92,86.7,30.3850
06/08/23 19:20:00.0,7.64,17.40,6.36,79.7,30.3758
06/08/23 19:30:00.0,7.28,17.42,6.06,76.0,30.4002
06/08/23 19:40:00.0,8.21,17.42,6.84,85.7,30.3828
06/08/23 19:50:00.0,8.12,17.42,6.76,84.7,30.3866
06/08/23 20:00:00.0,8.03,17.42,6.69,83.8,30.3638
06/08/23 20:10:00.0,8.13,17.42,6.77,84.8,30.3546
06/08/23 20:20:00.0,8.08,17.42,6.73,84.3,30.3863
06/08/23 20:30:00.0,7.74,17.40,6.45,80.7,30.3409
06/08/23 20:40:00.0,7.86,17.40,6.54,82.0,30.3918
06/08/23 20:50:00.0,7.70,17.40,6.41,80.3,30.3717
06/08/23 21:00:00.0,7.38,17.40,6.14,77.0,30.3707
06/08/23 21:10:00.0,8.05,17.40,6.70,83.9,30.3561
06/08/23 21:20:00.0,8.17,17.40,6.80,85.2,30.3613
06/08/23 21:30:00.0,8.09,17.40,6.73,84.4,30.3705
06/08/23 21:40:00.0,8.28,17.40,6.89,86.3,30.3777
06/08/23 21:50:00.0,8.13,17.40,6.77,84.8,30.3823
06/08/23 22:00:00.0,8.13,17.40,6.77,84.8,30.3731
06/08/23 22:10:00.0,7.79,17.40,6.48,81.2,30.3830
06/08/23 22:20:00.0,7.43,17.40,6.19,77.5,30.3500
06/08/23 22:30:00.0,7.00,17.42,5.83,73.0,30.3545
06/08/23 22:40:00.0,6.65,17.42,5.54,69.4,30.3481
06/08/23 22:50:00.0,6.69,17.42,5.57,69.8,30.3716
06/08/23 23:00:00.0,7.36,17.42,6.13,76.8,30.3468
06/08/23 23:10:00.0,7.11,17.42,5.92,74.1,30.3752
06/08/23 23:20:00.0,6.66,17.42,5.54,69.5,30.3687
06/08/23 23:30:00.0,6.41,17.42,5.33,66.8,30.3595
06/08/23 23:40:00.0,6.51,17.44,5.42,67.9,30.3402
06/08/23 23:50:00.0,6.49,17.44,5.40,67.7,30.3434
06/09/23 00:00:00.0,6.13,17.44,5.10,63.9,30.3316
06/09/23 00:10:00.0,5.61,17.44,4.67,58.5,30.3224
06/09/23 00:20:00.0,5.07,17.44,4.22,52.9,30.3487
06/09/23 00:30:00.0,5.09,17.44,4.24,53.1,30.3462
06/09/23 00:40:00.0,5.38,17.42,4.48,56.1,30.3746
06/09/23 00:50:00.0,5.72,17.42,4.76,59.6,30.3797
06/09/23 01:00:00.0,5.96,17.42,4.96,62.1,30.3671
06/09/23 01:10:00.0,6.25,17.42,5.20,65.2,30.3334
06/09/23 01:20:00.0,6.54,17.42,5.44,68.2,30.3569
06/09/23 01:30:00.0,7.82,17.42,6.51,81.5,30.3477
06/09/23 01:40:00.0,7.64,17.42,6.36,79.6,30.3597
06/09/23 01:50:00.0,7.25,17.42,6.03,75.6,30.3341
06/09/23 02:00:00.0,6.69,17.42,5.57,69.7,30.3195
06/09/23 02:10:00.0,6.72,17.40,5.59,70.0,30.3478
06/09/23 02:20:00.0,6.40,17.40,5.32,66.7,30.3577
06/09/23 02:30:00.0,6.16,17.40,5.12,64.2,30.3575
06/09/23 02:40:00.0,5.77,17.40,4.80,60.1,30.3546
06/09/23 02:50:00.0,5.11,17.40,4.25,53.2,30.3637
06/09/23 03:00:00.0,4.96,17.40,4.13,51.7,30.3600
06/09/23 03:10:00.0,5.12,17.40,4.26,53.3,30.3535
06/09/23 03:20:00.0,4.70,17.40,3.91,49.0,30.3581
06/09/23 03:30:00.0,4.95,17.40,4.12,51.6,30.3434
06/09/23 03:40:00.0,5.33,17.40,4.43,55.5,30.3179
06/09/23 03:50:00.0,6.66,17.40,5.54,69.4,30.3586
06/09/23 04:00:00.0,6.51,17.40,5.41,67.8,30.3486
06/09/23 04:10:00.0,6.10,17.40,5.07,63.5,30.3312
06/09/23 04:20:00.0,6.42,17.40,5.34,66.9,30.3350
06/09/23 04:30:00.0,6.85,17.40,5.70,71.3,30.3778
06/09/23 04:40:00.0,6.58,17.40,5.47,68.5,30.3330
06/09/23 04:50:00.0,6.84,17.40,5.69,71.2,30.3083
06/09/23 05:00:00.0,7.12,17.40,5.92,74.1,30.3345
06/09/23 05:10:00.0,7.14,17.40,5.94,74.4,30.3301
06/09/23 05:20:00.0,7.23,17.40,6.01,75.3,30.3046
06/09/23 05:30:00.0,7.25,17.40,6.03,75.5,30.3044
06/09/23 05:40:00.0,7.51,17.42,6.25,78.2,30.3069
06/09/23 05:50:00.0,7.34,17.40,6.10,76.4,30.3113
06/09/23 06:00:00.0,6.78,17.40,5.64,70.6,30.3212
06/09/23 06:10:00.0,5.70,17.44,4.74,59.4,30.3144
06/09/23 06:20:00.0,5.95,17.46,4.95,62.0,30.3180
06/09/23 06:30:00.0,6.53,17.50,5.43,68.1,30.2714
06/09/23 06:40:00.0,7.63,17.50,6.34,79.6,30.3170
06/09/23 06:50:00.0,7.51,17.52,6.25,78.4,30.3058
06/09/23 07:00:00.0,6.66,17.52,5.54,69.5,30.3478
06/09/23 07:10:00.0,6.44,17.52,5.35,67.2,30.3277
06/09/23 07:20:00.0,6.51,17.52,5.41,67.9,30.3512
06/09/23 07:30:00.0,7.09,17.52,5.89,74.0,30.3511
06/09/23 07:40:00.0,7.14,17.52,5.94,74.5,30.3365
06/09/23 07:50:00.0,7.47,17.54,6.21,78.0,30.3355
06/09/23 08:00:00.0,7.58,17.54,6.30,79.1,30.3497
06/09/23 08:10:00.0,7.34,17.54,6.10,76.6,30.3187
06/09/23 08:20:00.0,7.01,17.54,5.83,73.2,30.3240
06/09/23 08:30:00.0,8.03,17.56,6.68,83.9,30.3312
06/09/23 08:40:00.0,8.09,17.56,6.72,84.5,30.3392
06/09/23 08:50:00.0,7.99,17.56,6.64,83.4,30.3046
06/09/23 09:00:00.0,7.86,17.56,6.53,82.1,30.2998
06/09/23 09:10:00.0,8.10,17.58,6.73,84.6,30.3069
06/09/23 09:20:00.0,8.08,17.58,6.72,84.4,30.2966
06/09/23 09:30:00.0,8.13,17.58,6.76,84.9,30.3047
06/09/23 09:40:00.0,8.23,17.60,6.84,86.0,30.2954
06/09/23 09:50:00.0,8.32,17.60,6.92,86.9,30.2899
06/09/23 10:00:00.0,8.45,17.62,7.02,88.3,30.2970
06/09/23 10:10:00.0,8.33,17.62,6.93,87.1,30.2660
06/09/23 10:20:00.0,8.20,17.62,6.82,85.7,30.2678
06/09/23 10:30:00.0,8.22,17.62,6.83,85.9,30.3078
06/09/23 10:40:00.0,8.22,17.62,6.84,85.9,30.2292
06/09/23 10:50:00.0,8.09,17.64,6.72,84.6,30.2902
06/09/23 11:00:00.0,7.94,17.64,6.60,83.0,30.2573
06/09/23 11:10:00.0,7.84,17.64,6.52,82.0,30.2661
06/09/23 11:20:00.0,7.77,17.66,6.46,81.3,30.2487
06/09/23 11:30:00.0,7.70,17.66,6.40,80.5,30.2751
06/09/23 11:40:00.0,7.57,17.66,6.29,79.2,30.2741
06/09/23 11:50:00.0,7.38,17.66,6.13,77.2,30.2731
06/09/23 12:00:00.0,7.88,17.66,6.55,82.4,30.2569
06/09/23 12:10:00.0,7.88,17.66,6.55,82.4,30.2602
06/09/23 12:20:00.0,7.54,17.66,6.27,78.8,30.2740
06/09/23 12:30:00.0,7.15,17.66,5.94,74.8,30.2427
06/09/23 12:40:00.0,9.12,18.10,7.62,96.2,29.4923
