Plot Title: BBC26_21958393,,,
#,"Date Time, GMT-04:00","High Range, μS/cm (LGR S/N: 21958393, SEN S/N: 21958393)","Temp, °C (LGR S/N: 21958393, SEN S/N: 21958393)"
1,05/07/24 09:00:00AM,0,20.84
2,05/07/24 09:10:00AM,0,21.3
3,05/07/24 09:20:00AM,0,21.81
4,05/07/24 09:30:00AM,0,21.86
5,05/07/24 09:40:00AM,0,21.86
6,05/07/24 09:50:00AM,0,22.15
7,05/07/24 10:00:00AM,0,22.77
8,05/07/24 10:10:00AM,0,23.51
9,05/07/24 10:20:00AM,0,24.25
10,05/07/24 10:30:00AM,0,25
11,05/07/24 10:40:00AM,0,25.74
12,05/07/24 10:50:00AM,0,26.51
13,05/07/24 11:00:00AM,0,27.27
14,05/07/24 11:10:00AM,0,27.88
15,05/07/24 11:20:00AM,0,27.96
16,05/07/24 11:30:00AM,36212.8,16.19
17,05/07/24 11:40:00AM,36464.7,16.3
18,05/07/24 11:50:00AM,37009.2,17.43
19,05/07/24 12:00:00PM,36599.5,17.07
20,05/07/24 12:10:00PM,36559.6,17.22
21,05/07/24 12:20:00PM,214.6,23.69
22,05/07/24 12:30:00PM,0,26.92
23,05/07/24 12:40:00PM,0,27.52
24,05/07/24 12:50:00PM,0,26.39
25,05/07/24 01:00:00PM,0,25.58
26,05/07/24 01:10:00PM,0,26.38
27,05/07/24 01:20:00PM,0,25.81
28,05/07/24 01:30:00PM,0,26.12
29,05/07/24 01:40:00PM,0,26.81
30,05/07/24 01:50:00PM,0,32.15
31,05/07/24 02:00:00PM,0,31.51
32,05/07/24 02:10:00PM,30617.1,19.13
33,05/07/24 02:20:00PM,29748.4,18.61
34,05/07/24 02:30:00PM,29366.7,18.74
35,05/07/24 02:40:00PM,29154.7,19.01
36,05/07/24 02:50:00PM,28988.5,19.01
37,05/07/24 03:00:00PM,28668.7,19.05
38,05/07/24 03:10:00PM,28452.4,19.17
39,05/07/24 03:20:00PM,27661.3,18.98
40,05/07/24 03:30:00PM,26859.3,18.88
41,05/07/24 03:40:00PM,26780,18.95
42,05/07/24 03:50:00PM,26544,19.03
43,05/07/24 04:00:00PM,26484.1,19.02
44,05/07/24 04:10:00PM,26334.2,18.94
45,05/07/24 04:20:00PM,26126.6,19.18
46,05/07/24 04:30:00PM,25914.1,19.13
47,05/07/24 04:40:00PM,25308.7,18.82
48,05/07/24 04:50:00PM,24981.4,18.74
49,05/07/24 05:00:00PM,24780.6,18.7
50,05/07/24 05:10:00PM,24611.3,18.42
51,05/07/24 05:20:00PM,24573.3,18.01
52,05/07/24 05:30:00PM,24415.6,17.67
53,05/07/24 05:40:00PM,24241.1,17.43
54,05/07/24 05:50:00PM,24063.2,17.08
55,05/07/24 06:00:00PM,23864.4,16.92
56,05/07/24 06:10:00PM,23776.8,16.43
57,05/07/24 06:20:00PM,23778.4,15.99
58,05/07/24 06:30:00PM,23772.1,15.57
59,05/07/24 06:40:00PM,23894.8,15.29
60,05/07/24 06:50:00PM,24050.3,15.06
61,05/07/24 07:00:00PM,23928.4,14.73
62,05/07/24 07:10:00PM,24320.8,14.33
63,05/07/24 07:20:00PM,24631.2,14.37
64,05/07/24 07:30:00PM,24840.6,14.23
65,05/07/24 07:40:00PM,25057.3,14.12
66,05/07/24 07:50:00PM,25298.4,14.07
67,05/07/24 08:00:00PM,25542.4,13.88
68,05/07/24 08:10:00PM,25824.5,13.67
69,05/07/24 08:20:00PM,26055.5,13.25
70,05/07/24 08:30:00PM,26397.3,13.09
71,05/07/24 08:40:00PM,26686.4,13.03
72,05/07/24 08:50:00PM,26985.4,13.02
73,05/07/24 09:00:00PM,27277.8,12.99
74,05/07/24 09:10:00PM,27698,13.09
75,05/07/24 09:20:00PM,28029.1,13.26
76,05/07/24 09:30:00PM,28254.5,13.33
77,05/07/24 09:40:00PM,28472.5,13.5
78,05/07/24 09:50:00PM,28630.1,13.54
79,05/07/24 10:00:00PM,28797.2,13.56
80,05/07/24 10:10:00PM,28895.7,13.44
81,05/07/24 10:20:00PM,29104.7,13.41
82,05/07/24 10:30:00PM,29209.1,13.39
83,05/07/24 10:40:00PM,29487.4,13.47
84,05/07/24 10:50:00PM,29604.6,13.51
85,05/07/24 11:00:00PM,29965,14.19
86,05/07/24 11:10:00PM,30660.1,15.08
87,05/07/24 11:20:00PM,31155.3,16.02
88,05/07/24 11:30:00PM,30968,14.61
89,05/07/24 11:40:00PM,31533.2,15.98
90,05/07/24 11:50:00PM,31521.3,15.3
91,05/08/24 12:00:00AM,31805.4,16.11
92,05/08/24 12:10:00AM,31853.6,16.09
93,05/08/24 12:20:00AM,31829.5,16.39
94,05/08/24 12:30:00AM,31974.6,16.84
95,05/08/24 12:40:00AM,32042.6,16.86
96,05/08/24 12:50:00AM,32157.5,16.8
97,05/08/24 01:00:00AM,32221.3,16.78
98,05/08/24 01:10:00AM,32243.5,16.76
99,05/08/24 01:20:00AM,32204.1,16.74
100,05/08/24 01:30:00AM,32184.5,16.75
101,05/08/24 01:40:00AM,32115.9,16.66
102,05/08/24 01:50:00AM,32255.8,16.18
103,05/08/24 02:00:00AM,32282.9,16.14
104,05/08/24 02:10:00AM,32287.8,16.15
105,05/08/24 02:20:00AM,32164.8,16.38
106,05/08/24 02:30:00AM,32243.5,16.34
107,05/08/24 02:40:00AM,32196.8,16.55
108,05/08/24 02:50:00AM,32120.8,16.62
109,05/08/24 03:00:00AM,32106.1,16.63
110,05/08/24 03:10:00AM,32025.6,16.63
111,05/08/24 03:20:00AM,31882.5,16.56
112,05/08/24 03:30:00AM,31877.7,16.1
113,05/08/24 03:40:00AM,31747.8,15.95
114,05/08/24 03:50:00AM,31793.4,15.99
115,05/08/24 04:00:00AM,32157.5,16.43
116,05/08/24 04:10:00AM,32035.3,16.42
117,05/08/24 04:20:00AM,31625.9,16.51
118,05/08/24 04:30:00AM,31218.1,16.46
119,05/08/24 04:40:00AM,31166.9,16.35
120,05/08/24 04:50:00AM,31197.2,16.26
121,05/08/24 05:00:00AM,31306.9,16.23
122,05/08/24 05:10:00AM,31783.8,16.01
123,05/08/24 05:20:00AM,31088,15.82
124,05/08/24 05:30:00AM,31528.4,15.77
125,05/08/24 05:40:00AM,31637.8,15.46
126,05/08/24 05:50:00AM,32337.3,15.33
127,05/08/24 06:00:00AM,32538.8,15.28
128,05/08/24 06:10:00AM,32907.5,15.22
129,05/08/24 06:20:00AM,33112.6,15.04
130,05/08/24 06:30:00AM,33071.4,14.8
131,05/08/24 06:40:00AM,33020,14.59
132,05/08/24 06:50:00AM,32935.5,14.19
133,05/08/24 07:00:00AM,32981.6,14.21
134,05/08/24 07:10:00AM,33102.3,14.29
135,05/08/24 07:20:00AM,33061.1,13.92
136,05/08/24 07:30:00AM,33099.7,13.82
137,05/08/24 07:40:00AM,33159,13.76
138,05/08/24 07:50:00AM,33159,13.46
139,05/08/24 08:00:00AM,33172,13.35
140,05/08/24 08:10:00AM,33179.7,13.26
141,05/08/24 08:20:00AM,33288.7,13.27
142,05/08/24 08:30:00AM,33301.7,13.18
143,05/08/24 08:40:00AM,33356.4,13.15
144,05/08/24 08:50:00AM,33377.3,13.13
145,05/08/24 09:00:00AM,33398.2,13.1
146,05/08/24 09:10:00AM,33413.9,13.05
147,05/08/24 09:20:00AM,33453.2,13.02
148,05/08/24 09:30:00AM,33511.1,13.09
149,05/08/24 09:40:00AM,33505.8,13.11
150,05/08/24 09:50:00AM,33550.6,13.13
151,05/08/24 10:00:00AM,33558.5,13.15
152,05/08/24 10:10:00AM,33614,13.21
153,05/08/24 10:20:00AM,33627.2,13.3
154,05/08/24 10:30:00AM,33669.6,13.5
155,05/08/24 10:40:00AM,33714.8,13.66
156,05/08/24 10:50:00AM,33635.1,13.26
157,05/08/24 11:00:00AM,33611.3,13.23
158,05/08/24 11:10:00AM,33611.3,13.23
159,05/08/24 11:20:00AM,33624.6,13.27
160,05/08/24 11:30:00AM,33587.5,13.43
161,05/08/24 11:40:00AM,33587.5,13.98
162,05/08/24 11:50:00AM,33600.7,14.55
163,05/08/24 12:00:00PM,33521.6,14.6
164,05/08/24 12:10:00PM,33353.8,14.75
165,05/08/24 12:20:00PM,33275.7,14.59
166,05/08/24 12:30:00PM,33450.6,14.73
167,05/08/24 12:40:00PM,33469,14.71
168,05/08/24 12:50:00PM,33395.6,14.71
169,05/08/24 01:00:00PM,33385.2,14.77
170,05/08/24 01:10:00PM,33372.1,14.8
171,05/08/24 01:20:00PM,33299.1,14.85
172,05/08/24 01:30:00PM,33283.5,14.85
173,05/08/24 01:40:00PM,33221.1,14.88
174,05/08/24 01:50:00PM,33221.1,14.89
175,05/08/24 02:00:00PM,33218.5,14.96
176,05/08/24 02:10:00PM,33133.2,15
177,05/08/24 02:20:00PM,32930.4,15.04
178,05/08/24 02:30:00PM,32971.3,15.06
179,05/08/24 02:40:00PM,33226.3,14.92
180,05/08/24 02:50:00PM,33074,14.91
181,05/08/24 03:00:00PM,33107.4,14.98
182,05/08/24 03:10:00PM,33283.5,14.97
183,05/08/24 03:20:00PM,33027.7,14.92
184,05/08/24 03:30:00PM,33076.5,14.89
185,05/08/24 03:40:00PM,33172,14.83
186,05/08/24 03:50:00PM,33184.9,14.79
187,05/08/24 04:00:00PM,33141,14.68
188,05/08/24 04:10:00PM,33159,14.68
189,05/08/24 04:20:00PM,33177.1,14.67
190,05/08/24 04:30:00PM,33226.3,14.65
191,05/08/24 04:40:00PM,33265.3,14.71
192,05/08/24 04:50:00PM,33288.7,14.71
193,05/08/24 05:00:00PM,33296.5,14.72
194,05/08/24 05:10:00PM,33291.3,14.69
195,05/08/24 05:20:00PM,33200.4,14.75
196,05/08/24 05:30:00PM,33317.3,14.73
197,05/08/24 05:40:00PM,33275.7,14.73
198,05/08/24 05:50:00PM,33369.5,14.77
199,05/08/24 06:00:00PM,33379.9,14.72
200,05/08/24 06:10:00PM,33448,14.65
201,05/08/24 06:20:00PM,33490,14.59
202,05/08/24 06:30:00PM,33582.2,14.4
203,05/08/24 06:40:00PM,33643.1,14.19
204,05/08/24 06:50:00PM,33653.7,14.1
205,05/08/24 07:00:00PM,33558.5,13.99
206,05/08/24 07:10:00PM,33611.3,13.66
207,05/08/24 07:20:00PM,33566.4,13.54
208,05/08/24 07:30:00PM,33500.5,13.39
209,05/08/24 07:40:00PM,33500.5,13.3
210,05/08/24 07:50:00PM,33479.5,13.25
211,05/08/24 08:00:00PM,33400.8,13.14
212,05/08/24 08:10:00PM,33359,12.98
213,05/08/24 08:20:00PM,33296.5,12.89
214,05/08/24 08:30:00PM,33301.7,12.86
215,05/08/24 08:40:00PM,33312.1,12.94
216,05/08/24 08:50:00PM,33216,12.75
217,05/08/24 09:00:00PM,33203,12.66
218,05/08/24 09:10:00PM,33208.2,12.66
219,05/08/24 09:20:00PM,33092,12.44
220,05/08/24 09:30:00PM,33107.4,12.34
221,05/08/24 09:40:00PM,33032.8,12.22
222,05/08/24 09:50:00PM,33076.5,12.28
223,05/08/24 10:00:00PM,33079.1,12.3
224,05/08/24 10:10:00PM,33115.2,12.37
225,05/08/24 10:20:00PM,33146.1,12.41
226,05/08/24 10:30:00PM,33122.9,12.41
227,05/08/24 10:40:00PM,33141,12.46
228,05/08/24 10:50:00PM,33135.8,12.48
229,05/08/24 11:00:00PM,33141,12.46
230,05/08/24 11:10:00PM,33141,12.45
231,05/08/24 11:20:00PM,33161.6,12.46
232,05/08/24 11:30:00PM,33223.7,12.71
233,05/08/24 11:40:00PM,33260.1,13.51
234,05/08/24 11:50:00PM,33205.6,12.66
235,05/09/24 12:00:00AM,33179.7,13.29
236,05/09/24 12:10:00AM,33228.9,12.97
237,05/09/24 12:20:00AM,33179.7,13.19
238,05/09/24 12:30:00AM,32762.7,13.91
239,05/09/24 12:40:00AM,32899.8,13.75
240,05/09/24 12:50:00AM,33187.5,13.29
241,05/09/24 01:00:00AM,32950.9,13.63
242,05/09/24 01:10:00AM,32727.3,13.71
243,05/09/24 01:20:00AM,32887.1,13.68
244,05/09/24 01:30:00AM,32646.6,13.72
245,05/09/24 01:40:00AM,32699.5,13.71
246,05/09/24 01:50:00AM,32624,13.71
247,05/09/24 02:00:00AM,32032.9,14.02
248,05/09/24 02:10:00AM,32130.6,14
249,05/09/24 02:20:00AM,32093.9,13.94
250,05/09/24 02:30:00AM,32624,13.59
251,05/09/24 02:40:00AM,32263.2,13.78
252,05/09/24 02:50:00AM,32071.9,13.91
253,05/09/24 03:00:00AM,31918.8,13.98
254,05/09/24 03:10:00AM,32018.3,13.88
255,05/09/24 03:20:00AM,31962.4,13.87
256,05/09/24 03:30:00AM,32120.8,13.83
257,05/09/24 03:40:00AM,32315,13.67
258,05/09/24 03:50:00AM,32389.3,13.66
259,05/09/24 04:00:00AM,31911.6,13.88
260,05/09/24 04:10:00AM,31360.9,13.86
261,05/09/24 04:20:00AM,31248.5,13.8
262,05/09/24 04:30:00AM,30737.1,13.68
263,05/09/24 04:40:00AM,30800.9,13.68
264,05/09/24 04:50:00AM,31311.6,13.68
265,05/09/24 05:00:00AM,31185.5,13.66
266,05/09/24 05:10:00AM,31431.5,13.56
267,05/09/24 05:20:00AM,31894.6,13.56
268,05/09/24 05:30:00AM,32103.6,13.59
269,05/09/24 05:40:00AM,32221.3,13.6
270,05/09/24 05:50:00AM,32566.3,13.6
271,05/09/24 06:00:00AM,32697,13.54
272,05/09/24 06:10:00AM,32777.9,13.48
273,05/09/24 06:20:00AM,32714.7,13.47
274,05/09/24 06:30:00AM,32795.6,13.46
275,05/09/24 06:40:00AM,32745,13.42
276,05/09/24 06:50:00AM,32956,13.39
277,05/09/24 07:00:00AM,32910,13.31
278,05/09/24 07:10:00AM,33030.3,13.26
279,05/09/24 07:20:00AM,33058.5,13.19
280,05/09/24 07:30:00AM,32922.8,12.9
281,05/09/24 07:40:00AM,32899.8,12.91
282,05/09/24 07:50:00AM,32871.8,12.94
283,05/09/24 08:00:00AM,32887.1,12.93
284,05/09/24 08:10:00AM,32815.9,12.78
285,05/09/24 08:20:00AM,32894.7,12.78
286,05/09/24 08:30:00AM,32971.3,12.78
287,05/09/24 08:40:00AM,33017.4,12.71
288,05/09/24 08:50:00AM,32734.9,12.64
289,05/09/24 09:00:00AM,33074,12.57
290,05/09/24 09:10:00AM,33079.1,12.58
291,05/09/24 09:20:00AM,33092,12.6
292,05/09/24 09:30:00AM,33081.7,12.62
293,05/09/24 09:40:00AM,33115.2,12.62
294,05/09/24 09:50:00AM,33130.6,12.53
295,05/09/24 10:00:00AM,33179.7,12.6
296,05/09/24 10:10:00AM,33210.8,12.65
297,05/09/24 10:20:00AM,33249.7,12.7
298,05/09/24 10:30:00AM,33182.3,12.71
299,05/09/24 10:40:00AM,33283.5,12.78
300,05/09/24 10:50:00AM,33306.9,12.81
301,05/09/24 11:00:00AM,33382.5,12.91
302,05/09/24 11:10:00AM,33445.4,12.98
303,05/09/24 11:20:00AM,33463.7,13.03
304,05/09/24 11:30:00AM,33455.9,13.06
305,05/09/24 11:40:00AM,33429.6,13.13
306,05/09/24 11:50:00AM,33611.3,13.26
307,05/09/24 12:00:00PM,33685.5,13.41
308,05/09/24 12:10:00PM,33717.4,13.48
309,05/09/24 12:20:00PM,33749.4,13.52
310,05/09/24 12:30:00PM,33861.6,13.78
311,05/09/24 12:40:00PM,33800.1,13.86
312,05/09/24 12:50:00PM,33797.4,14.18
313,05/09/24 01:00:00PM,33511.1,14.91
314,05/09/24 01:10:00PM,33569,15.04
315,05/09/24 01:20:00PM,33614,15.16
316,05/09/24 01:30:00PM,33667,15.25
317,05/09/24 01:40:00PM,33784,15.29
318,05/09/24 01:50:00PM,33736.1,15.4
319,05/09/24 02:00:00PM,33730.7,15.45
320,05/09/24 02:10:00PM,33714.8,15.56
321,05/09/24 02:20:00PM,33722.7,15.61
322,05/09/24 02:30:00PM,33720.1,15.68
323,05/09/24 02:40:00PM,33821.4,15.73
324,05/09/24 02:50:00PM,33993.4,15.74
325,05/09/24 03:00:00PM,33800.1,15.91
326,05/09/24 03:10:00PM,33784,15.98
327,05/09/24 03:20:00PM,33768,16.01
328,05/09/24 03:30:00PM,33789.4,15.95
329,05/09/24 03:40:00PM,33869.6,15.9
330,05/09/24 03:50:00PM,34452,15.5
331,05/09/24 04:00:00PM,34441,15.36
332,05/09/24 04:10:00PM,34576.7,15
333,05/09/24 04:20:00PM,34610.1,15.04
334,05/09/24 04:30:00PM,34660.3,15.12
335,05/09/24 04:40:00PM,34471.4,15.32
336,05/09/24 04:50:00PM,34474.1,15.46
337,05/09/24 05:00:00PM,34416.1,15.4
338,05/09/24 05:10:00PM,34465.8,15.33
339,05/09/24 05:20:00PM,34399.6,15.25
340,05/09/24 05:30:00PM,34396.8,15.25
341,05/09/24 05:40:00PM,34361.1,15.17
342,05/09/24 05:50:00PM,34460.3,15.74
343,05/09/24 06:00:00PM,34396.8,15.7
344,05/09/24 06:10:00PM,34396.8,15.66
345,05/09/24 06:20:00PM,34405.1,15.54
346,05/09/24 06:30:00PM,34328.1,15.16
347,05/09/24 06:40:00PM,34325.3,14.92
348,05/09/24 06:50:00PM,34287,14.84
349,05/09/24 07:00:00PM,34240.5,14.83
350,05/09/24 07:10:00PM,34240.5,14.81
351,05/09/24 07:20:00PM,34254.1,14.81
352,05/09/24 07:30:00PM,34248.7,14.85
353,05/09/24 07:40:00PM,34175,14.98
354,05/09/24 07:50:00PM,34232.3,15.04
355,05/09/24 08:00:00PM,34166.8,14.28
356,05/09/24 08:10:00PM,34031.2,14.03
357,05/09/24 08:20:00PM,34033.9,14.02
358,05/09/24 08:30:00PM,33920.6,13.87
359,05/09/24 08:40:00PM,33741.4,13.68
360,05/09/24 08:50:00PM,33728.1,13.52
361,05/09/24 09:00:00PM,33653.7,13.42
362,05/09/24 09:10:00PM,33667,13.46
363,05/09/24 09:20:00PM,33619.3,13.25
364,05/09/24 09:30:00PM,33587.5,13.19
365,05/09/24 09:40:00PM,33624.6,13.21
366,05/09/24 09:50:00PM,33569,13.07
367,05/09/24 10:00:00PM,33592.8,13.09
368,05/09/24 10:10:00PM,33606,13.11
369,05/09/24 10:20:00PM,33606,13.1
370,05/09/24 10:30:00PM,33595.5,13.1
371,05/09/24 10:40:00PM,33521.6,13.09
372,05/09/24 10:50:00PM,33603.4,13.09
373,05/09/24 11:00:00PM,33590.2,13.1
374,05/09/24 11:10:00PM,33640.4,13.21
375,05/09/24 11:20:00PM,33667,13.22
376,05/09/24 11:30:00PM,33619.3,13.15
377,05/09/24 11:40:00PM,33621.9,13.14
378,05/09/24 11:50:00PM,33611.3,13.15
379,05/10/24 12:00:00AM,33619.3,13.21
380,05/10/24 12:10:00AM,33632.5,13.29
381,05/10/24 12:20:00AM,33640.4,13.26
382,05/10/24 12:30:00AM,33643.1,13.56
383,05/10/24 12:40:00AM,33696.2,13.91
384,05/10/24 12:50:00AM,33632.5,13.95
385,05/10/24 01:00:00AM,33645.7,13.51
386,05/10/24 01:10:00AM,33545.3,13.88
387,05/10/24 01:20:00AM,33545.3,13.72
388,05/10/24 01:30:00AM,33516.3,13.64
389,05/10/24 01:40:00AM,33288.7,13.94
390,05/10/24 01:50:00AM,33203,13.9
391,05/10/24 02:00:00AM,33330.3,13.75
392,05/10/24 02:10:00AM,33141,13.88
393,05/10/24 02:20:00AM,33094.5,14.03
394,05/10/24 02:30:00AM,33071.4,13.98
395,05/10/24 02:40:00AM,33048.2,13.95
396,05/10/24 02:50:00AM,33058.5,13.94
397,05/10/24 03:00:00AM,32971.3,13.84
398,05/10/24 03:10:00AM,32945.8,13.84
399,05/10/24 03:20:00AM,32770.3,13.8
400,05/10/24 03:30:00AM,32861.6,13.76
401,05/10/24 03:40:00AM,32882,13.66
402,05/10/24 03:50:00AM,32841.3,13.59
403,05/10/24 04:00:00AM,32803.2,13.58
404,05/10/24 04:10:00AM,32815.9,13.6
405,05/10/24 04:20:00AM,32729.8,13.55
406,05/10/24 04:30:00AM,32679.4,13.59
407,05/10/24 04:40:00AM,32598.9,13.56
408,05/10/24 04:50:00AM,32551.3,13.52
409,05/10/24 05:00:00AM,32551.3,13.47
410,05/10/24 05:10:00AM,32631.5,13.48
411,05/10/24 05:20:00AM,32591.4,13.42
412,05/10/24 05:30:00AM,32573.8,13.37
413,05/10/24 05:40:00AM,32528.8,13.38
414,05/10/24 05:50:00AM,32371.9,13.51
415,05/10/24 06:00:00AM,32174.7,13.39
416,05/10/24 06:10:00AM,32086.5,13.38
417,05/10/24 06:20:00AM,31945.5,13.37
418,05/10/24 06:30:00AM,31719,13.25
419,05/10/24 06:40:00AM,31994,13.3
420,05/10/24 06:50:00AM,32409.2,13.27
421,05/10/24 07:00:00AM,32441.5,13.15
422,05/10/24 07:10:00AM,32498.8,13.17
423,05/10/24 07:20:00AM,32543.8,13.07
424,05/10/24 07:30:00AM,32598.9,12.91
425,05/10/24 07:40:00AM,32568.8,12.83
426,05/10/24 07:50:00AM,32699.5,12.81
427,05/10/24 08:00:00AM,32747.5,12.86
428,05/10/24 08:10:00AM,32800.7,12.87
429,05/10/24 08:20:00AM,32961.1,12.91
430,05/10/24 08:30:00AM,32963.7,12.78
431,05/10/24 08:40:00AM,33020,12.81
432,05/10/24 08:50:00AM,33056,12.86
433,05/10/24 09:00:00AM,33099.7,12.87
434,05/10/24 09:10:00AM,33104.8,12.9
435,05/10/24 09:20:00AM,33128,12.93
436,05/10/24 09:30:00AM,33159,12.97
437,05/10/24 09:40:00AM,33197.8,12.85
438,05/10/24 09:50:00AM,33203,12.87
439,05/10/24 10:00:00AM,33208.2,12.9
440,05/10/24 10:10:00AM,33239.3,12.94
441,05/10/24 10:20:00AM,33260.1,12.97
442,05/10/24 10:30:00AM,33247.1,12.97
443,05/10/24 10:40:00AM,33327.7,12.75
444,05/10/24 10:50:00AM,33278.3,12.7
445,05/10/24 11:00:00AM,33293.9,12.78
446,05/10/24 11:10:00AM,33338.1,12.85
447,05/10/24 11:20:00AM,33390.4,12.9
448,05/10/24 11:30:00AM,33419.2,12.94
449,05/10/24 11:40:00AM,33419.2,13.01
450,05/10/24 11:50:00AM,33524.2,13.1
451,05/10/24 12:00:00PM,33521.6,13.25
452,05/10/24 12:10:00PM,33558.5,13.3
453,05/10/24 12:20:00PM,33529.5,13.35
454,05/10/24 12:30:00PM,33643.1,13.55
455,05/10/24 12:40:00PM,33598.1,13.72
456,05/10/24 12:50:00PM,33637.8,13.87
457,05/10/24 01:00:00PM,33669.6,13.92
458,05/10/24 01:10:00PM,33635.1,14.03
459,05/10/24 01:20:00PM,33770.7,14.16
460,05/10/24 01:30:00PM,33725.4,14.2
461,05/10/24 01:40:00PM,33805.4,14.39
462,05/10/24 01:50:00PM,33757.4,14.47
463,05/10/24 02:00:00PM,33955.6,14.68
464,05/10/24 02:10:00PM,33768,14.76
465,05/10/24 02:20:00PM,33805.4,14.91
466,05/10/24 02:30:00PM,33909.9,15.04
467,05/10/24 02:40:00PM,33869.6,15.17
468,05/10/24 02:50:00PM,33899.2,15.29
469,05/10/24 03:00:00PM,33899.2,15.38
470,05/10/24 03:10:00PM,34004.2,15.52
471,05/10/24 03:20:00PM,33904.5,15.49
472,05/10/24 03:30:00PM,34009.6,15.49
473,05/10/24 03:40:00PM,33985.3,15.48
474,05/10/24 03:50:00PM,34055.5,15.45
475,05/10/24 04:00:00PM,33904.5,15.42
476,05/10/24 04:10:00PM,33923.3,15.45
477,05/10/24 04:20:00PM,33912.6,15.36
478,05/10/24 04:30:00PM,33947.5,15.26
479,05/10/24 04:40:00PM,34060.9,15.21
480,05/10/24 04:50:00PM,34199.5,15.08
481,05/10/24 05:00:00PM,34240.5,14.92
482,05/10/24 05:10:00PM,34333.6,14.91
483,05/10/24 05:20:00PM,34380.3,14.85
484,05/10/24 05:30:00PM,34372.1,14.8
485,05/10/24 05:40:00PM,34501.8,14.68
486,05/10/24 05:50:00PM,34278.7,14.39
487,05/10/24 06:00:00PM,34136.9,14.23
488,05/10/24 06:10:00PM,34147.8,14.24
489,05/10/24 06:20:00PM,34109.7,14.23
490,05/10/24 06:30:00PM,34074.5,14.19
491,05/10/24 06:40:00PM,34131.5,14.4
492,05/10/24 06:50:00PM,34169.5,14.63
493,05/10/24 07:00:00PM,34096.2,14.61
494,05/10/24 07:10:00PM,34009.6,14.37
495,05/10/24 07:20:00PM,34006.9,14.2
496,05/10/24 07:30:00PM,33904.5,14.03
497,05/10/24 07:40:00PM,33936.8,14.15
498,05/10/24 07:50:00PM,33915.3,14.2
499,05/10/24 08:00:00PM,33915.3,14.27
500,05/10/24 08:10:00PM,33939.5,14.25
501,05/10/24 08:20:00PM,33926,14
502,05/10/24 08:30:00PM,33891.1,13.83
503,05/10/24 08:40:00PM,33776,13.56
504,05/10/24 08:50:00PM,33794.7,13.6
505,05/10/24 09:00:00PM,33816.1,13.47
506,05/10/24 09:10:00PM,33730.7,13.37
507,05/10/24 09:20:00PM,33698.8,13.33
508,05/10/24 09:30:00PM,33717.4,13.33
509,05/10/24 09:40:00PM,33693.5,13.31
510,05/10/24 09:50:00PM,33690.8,13.3
511,05/10/24 10:00:00PM,33661.6,13.3
512,05/10/24 10:10:00PM,33682.9,13.38
513,05/10/24 10:20:00PM,33677.6,13.41
514,05/10/24 10:30:00PM,33738.7,13.39
515,05/10/24 10:40:00PM,33542.7,12.99
516,05/10/24 10:50:00PM,33534.8,12.89
517,05/10/24 11:00:00PM,33547.9,12.9
518,05/10/24 11:10:00PM,33458.5,12.53
519,05/10/24 11:20:00PM,33413.9,12.5
520,05/10/24 11:30:00PM,33275.7,12.53
521,05/10/24 11:40:00PM,33445.4,12.57
522,05/10/24 11:50:00PM,33424.4,12.64
523,05/11/24 12:00:00AM,33440.1,12.64
524,05/11/24 12:10:00AM,33304.3,12.65
525,05/11/24 12:20:00AM,33482.1,12.78
526,05/11/24 12:30:00AM,33377.3,12.71
527,05/11/24 12:40:00AM,33448,12.64
528,05/11/24 12:50:00AM,33466.4,12.64
529,05/11/24 01:00:00AM,33346,12.65
530,05/11/24 01:10:00AM,33437.5,12.65
531,05/11/24 01:20:00AM,33288.7,12.81
532,05/11/24 01:30:00AM,33463.7,12.78
533,05/11/24 01:40:00AM,33332.9,13.35
534,05/11/24 01:50:00AM,33393,13.07
535,05/11/24 02:00:00AM,33387.8,12.79
536,05/11/24 02:10:00AM,33213.4,13.33
537,05/11/24 02:20:00AM,33325.1,12.99
538,05/11/24 02:30:00AM,33223.7,13.07
539,05/11/24 02:40:00AM,33283.5,13.02
540,05/11/24 02:50:00AM,33241.9,13.02
541,05/11/24 03:00:00AM,33195.2,13.05
542,05/11/24 03:10:00AM,33014.9,13.17
543,05/11/24 03:20:00AM,32922.8,13.23
544,05/11/24 03:30:00AM,32902.4,13.23
545,05/11/24 03:40:00AM,32933,13.18
546,05/11/24 03:50:00AM,32798.1,13.17
547,05/11/24 04:00:00AM,32694.5,13.15
548,05/11/24 04:10:00AM,32904.9,13.07
549,05/11/24 04:20:00AM,32961.1,12.99
550,05/11/24 04:30:00AM,32777.9,13.05
551,05/11/24 04:40:00AM,33017.4,12.98
552,05/11/24 04:50:00AM,32933,12.94
553,05/11/24 05:00:00AM,32727.3,13.05
554,05/11/24 05:10:00AM,32466.4,13.02
555,05/11/24 05:20:00AM,32164.8,12.97
556,05/11/24 05:30:00AM,32704.6,12.91
557,05/11/24 05:40:00AM,32808.3,12.93
558,05/11/24 05:50:00AM,32702,12.9
559,05/11/24 06:00:00AM,32714.7,12.85
560,05/11/24 06:10:00AM,32656.7,12.81
561,05/11/24 06:20:00AM,32702,12.78
562,05/11/24 06:30:00AM,32196.8,12.75
563,05/11/24 06:40:00AM,32037.8,12.78
564,05/11/24 06:50:00AM,31759.8,12.64
565,05/11/24 07:00:00AM,31745.4,12.65
566,05/11/24 07:10:00AM,31714.2,12.67
567,05/11/24 07:20:00AM,31750.2,12.7
568,05/11/24 07:30:00AM,32018.3,12.73
569,05/11/24 07:40:00AM,32384.3,12.78
570,05/11/24 07:50:00AM,32374.4,12.75
571,05/11/24 08:00:00AM,32419.1,12.7
572,05/11/24 08:10:00AM,32558.8,12.66
573,05/11/24 08:20:00AM,32541.3,12.64
574,05/11/24 08:30:00AM,32616.5,12.69
575,05/11/24 08:40:00AM,32634.1,12.7
576,05/11/24 08:50:00AM,32666.8,12.75
577,05/11/24 09:00:00AM,32694.5,12.75
578,05/11/24 09:10:00AM,32808.3,12.78
579,05/11/24 09:20:00AM,32917.7,12.78
580,05/11/24 09:30:00AM,32912.6,12.75
581,05/11/24 09:40:00AM,33017.4,12.6
582,05/11/24 09:50:00AM,33048.2,12.54
583,05/11/24 10:00:00AM,33138.4,12.62
584,05/11/24 10:10:00AM,33143.5,12.65
585,05/11/24 10:20:00AM,33115.2,12.6
586,05/11/24 10:30:00AM,33061.1,12.58
587,05/11/24 10:40:00AM,33252.3,12.62
588,05/11/24 10:50:00AM,33273.1,12.57
589,05/11/24 11:00:00AM,33293.9,12.52
590,05/11/24 11:10:00AM,33288.7,12.53
591,05/11/24 11:20:00AM,33314.7,12.56
592,05/11/24 11:30:00AM,33348.6,12.61
593,05/11/24 11:40:00AM,33393,12.67
594,05/11/24 11:50:00AM,33400.8,12.67
595,05/11/24 12:00:00PM,33490,12.7
596,05/11/24 12:10:00PM,33482.1,12.73
597,05/11/24 12:20:00PM,33566.4,12.83
598,05/11/24 12:30:00PM,33540,12.93
599,05/11/24 12:40:00PM,33621.9,13.15
600,05/11/24 12:50:00PM,33659,13.26
601,05/11/24 01:00:00PM,33669.6,13.41
602,05/11/24 01:10:00PM,33784,13.51
603,05/11/24 01:20:00PM,33768,13.62
604,05/11/24 01:30:00PM,33816.1,13.68
605,05/11/24 01:40:00PM,33762.7,13.78
606,05/11/24 01:50:00PM,33958.3,13.72
607,05/11/24 02:00:00PM,34004.2,13.6
608,05/11/24 02:10:00PM,33998.8,13.78
609,05/11/24 02:20:00PM,33829.5,14.02
610,05/11/24 02:30:00PM,33848.2,14.18
611,05/11/24 02:40:00PM,33725.4,14.18
612,05/11/24 02:50:00PM,33893.8,14.32
613,05/11/24 03:00:00PM,33926,14.44
614,05/11/24 03:10:00PM,33856.2,14.49
615,05/11/24 03:20:00PM,34117.9,14.52
616,05/11/24 03:30:00PM,34060.9,14.61
617,05/11/24 03:40:00PM,34063.6,14.67
618,05/11/24 03:50:00PM,34052.8,14.72
619,05/11/24 04:00:00PM,34109.7,14.81
620,05/11/24 04:10:00PM,34093.5,14.83
621,05/11/24 04:20:00PM,34077.2,14.89
622,05/11/24 04:30:00PM,34131.5,14.95
623,05/11/24 04:40:00PM,34107,14.92
624,05/11/24 04:50:00PM,34055.5,14.96
625,05/11/24 05:00:00PM,34117.9,15
626,05/11/24 05:10:00PM,34123.3,14.96
627,05/11/24 05:20:00PM,34134.2,14.96
628,05/11/24 05:30:00PM,34147.8,14.97
629,05/11/24 05:40:00PM,34058.2,14.96
630,05/11/24 05:50:00PM,34088,14.95
631,05/11/24 06:00:00PM,34161.4,14.89
632,05/11/24 06:10:00PM,34691,14.88
633,05/11/24 06:20:00PM,34579.5,14.72
634,05/11/24 06:30:00PM,34435.4,14.57
635,05/11/24 06:40:00PM,34391.3,14.49
636,05/11/24 06:50:00PM,34363.8,14.43
637,05/11/24 07:00:00PM,34358.3,14.4
638,05/11/24 07:10:00PM,34369.3,14.39
639,05/11/24 07:20:00PM,34311.6,14.33
640,05/11/24 07:30:00PM,34278.7,14.28
641,05/11/24 07:40:00PM,34259.6,14.23
642,05/11/24 07:50:00PM,34235,14.18
643,05/11/24 08:00:00PM,34126,14.16
644,05/11/24 08:10:00PM,34205,14.12
645,05/11/24 08:20:00PM,34205,14
646,05/11/24 08:30:00PM,34169.5,13.94
647,05/11/24 08:40:00PM,34139.6,13.96
648,05/11/24 08:50:00PM,34107,13.91
649,05/11/24 09:00:00PM,34117.9,13.9
650,05/11/24 09:10:00PM,34088,13.95
651,05/11/24 09:20:00PM,34112.4,13.98
652,05/11/24 09:30:00PM,34047.4,13.98
653,05/11/24 09:40:00PM,34077.2,13.96
654,05/11/24 09:50:00PM,34058.2,13.88
655,05/11/24 10:00:00PM,34036.6,13.76
656,05/11/24 10:10:00PM,34004.2,13.63
657,05/11/24 10:20:00PM,33990.7,13.6
658,05/11/24 10:30:00PM,34001.5,13.58
659,05/11/24 10:40:00PM,33971.8,13.54
660,05/11/24 10:50:00PM,33864.3,13.34
661,05/11/24 11:00:00PM,33709.4,13.23
662,05/11/24 11:10:00PM,33834.8,13.22
663,05/11/24 11:20:00PM,33760,13.15
664,05/11/24 11:30:00PM,33754.7,13.01
665,05/11/24 11:40:00PM,33682.9,12.93
666,05/11/24 11:50:00PM,33521.6,12.89
667,05/12/24 12:00:00AM,33725.4,12.91
668,05/12/24 12:10:00AM,33590.2,12.9
669,05/12/24 12:20:00AM,33696.2,12.83
670,05/12/24 12:30:00AM,33680.2,12.78
671,05/12/24 12:40:00AM,33672.3,12.79
672,05/12/24 12:50:00AM,33643.1,12.81
673,05/12/24 01:00:00AM,33659,12.93
674,05/12/24 01:10:00AM,33645.7,12.9
675,05/12/24 01:20:00AM,33701.5,12.86
676,05/12/24 01:30:00AM,33706.8,12.86
677,05/12/24 01:40:00AM,33688.2,12.99
678,05/12/24 01:50:00AM,33667,12.95
679,05/12/24 02:00:00AM,33667,12.97
680,05/12/24 02:10:00AM,33511.1,13.34
681,05/12/24 02:20:00AM,33653.7,12.9
682,05/12/24 02:30:00AM,33532.1,12.91
683,05/12/24 02:40:00AM,33455.9,13.09
684,05/12/24 02:50:00AM,33413.9,12.86
685,05/12/24 03:00:00AM,33273.1,13.09
686,05/12/24 03:10:00AM,33239.3,13.19
687,05/12/24 03:20:00AM,33079.1,13.03
688,05/12/24 03:30:00AM,33164.2,13.07
689,05/12/24 03:40:00AM,33348.6,13.03
690,05/12/24 03:50:00AM,33081.7,13.09
691,05/12/24 04:00:00AM,33223.7,13.06
692,05/12/24 04:10:00AM,33110,13.03
693,05/12/24 04:20:00AM,33056,13.06
694,05/12/24 04:30:00AM,33107.4,13.06
695,05/12/24 04:40:00AM,33299.1,13.02
696,05/12/24 04:50:00AM,33330.3,13.02
697,05/12/24 05:00:00AM,33161.6,13.03
698,05/12/24 05:10:00AM,33424.4,13.03
699,05/12/24 05:20:00AM,33482.1,12.98
700,05/12/24 05:30:00AM,33508.4,12.99
701,05/12/24 05:40:00AM,33540,12.99
702,05/12/24 05:50:00AM,33497.9,12.99
703,05/12/24 06:00:00AM,33372.1,13.05
704,05/12/24 06:10:00AM,33382.5,13.05
705,05/12/24 06:20:00AM,33427,13.02
706,05/12/24 06:30:00AM,33340.8,12.99
707,05/12/24 06:40:00AM,33218.5,12.97
708,05/12/24 06:50:00AM,32996.9,12.95
709,05/12/24 07:00:00AM,32864.2,12.97
710,05/12/24 07:10:00AM,32608.9,12.94
711,05/12/24 07:20:00AM,33429.6,13.17
712,05/12/24 07:30:00AM,33416.6,13.1
713,05/12/24 07:40:00AM,33369.5,13.13
714,05/12/24 07:50:00AM,33661.6,13.27
715,05/12/24 08:00:00AM,33442.8,13.15
716,05/12/24 08:10:00AM,33474.2,13.26
717,05/12/24 08:20:00AM,33643.1,13.34
718,05/12/24 08:30:00AM,33590.2,13.35
719,05/12/24 08:40:00AM,33577,13.41
720,05/12/24 08:50:00AM,33332.9,13.27
721,05/12/24 09:00:00AM,33746.7,13.51
722,05/12/24 09:10:00AM,33875,13.59
723,05/12/24 09:20:00AM,33880.4,13.62
724,05/12/24 09:30:00AM,33888.4,13.66
725,05/12/24 09:40:00AM,33982.6,13.75
726,05/12/24 09:50:00AM,34082.6,13.84
727,05/12/24 10:00:00AM,34066.3,13.82
728,05/12/24 10:10:00AM,34060.9,13.8
729,05/12/24 10:20:00AM,33942.2,13.72
730,05/12/24 10:30:00AM,33813.4,13.62
731,05/12/24 10:40:00AM,33891.1,13.62
732,05/12/24 10:50:00AM,33858.9,13.5
733,05/12/24 11:00:00AM,33834.8,13.46
734,05/12/24 11:10:00AM,33896.5,13.51
735,05/12/24 11:20:00AM,33971.8,13.58
736,05/12/24 11:30:00AM,34004.2,13.55
737,05/12/24 11:40:00AM,33934.1,13.58
738,05/12/24 11:50:00AM,34023.1,13.59
739,05/12/24 12:00:00PM,34155.9,13.62
740,05/12/24 12:10:00PM,34117.9,13.66
741,05/12/24 12:20:00PM,34224.1,13.71
742,05/12/24 12:30:00PM,34240.5,13.74
743,05/12/24 12:40:00PM,34278.7,13.82
744,05/12/24 12:50:00PM,34322.6,13.83
745,05/12/24 01:00:00PM,34224.1,13.86
746,05/12/24 01:10:00PM,34308.9,13.88
747,05/12/24 01:20:00PM,34427.2,13.95
748,05/12/24 01:30:00PM,34325.3,13.94
749,05/12/24 01:40:00PM,34396.8,13.99
750,05/12/24 01:50:00PM,34471.4,14.08
751,05/12/24 02:00:00PM,34546.1,14.15
752,05/12/24 02:10:00PM,34490.7,14.27
753,05/12/24 02:20:00PM,34571.1,14.32
754,05/12/24 02:30:00PM,34610.1,14.36
755,05/12/24 02:40:00PM,34685.4,14.51
756,05/12/24 02:50:00PM,34624,14.48
757,05/12/24 03:00:00PM,34738.6,14.56
758,05/12/24 03:10:00PM,34791.9,14.71
759,05/12/24 03:20:00PM,34851,14.77
760,05/12/24 03:30:00PM,34789.1,15.21
761,05/12/24 03:40:00PM,34806,15.24
762,05/12/24 03:50:00PM,34879.2,15.52
763,05/12/24 04:00:00PM,34777.9,15.53
764,05/12/24 04:10:00PM,34935.8,15.54
765,05/12/24 04:20:00PM,34800.4,15.65
766,05/12/24 04:30:00PM,34817.2,15.76
767,05/12/24 04:40:00PM,34868,15.83
768,05/12/24 04:50:00PM,34870.8,15.93
769,05/12/24 05:00:00PM,34806,15.97
770,05/12/24 05:10:00PM,34873.6,15.99
771,05/12/24 05:20:00PM,34839.8,15.98
772,05/12/24 05:30:00PM,34851,15.99
773,05/12/24 05:40:00PM,34839.8,15.95
774,05/12/24 05:50:00PM,35018,16.05
775,05/12/24 06:00:00PM,35057.9,16.01
776,05/12/24 06:10:00PM,34930.1,15.93
777,05/12/24 06:20:00PM,34938.6,15.93
778,05/12/24 06:30:00PM,34907.5,15.93
779,05/12/24 06:40:00PM,34786.3,15.87
780,05/12/24 06:50:00PM,34876.4,15.87
781,05/12/24 07:00:00PM,34839.8,15.82
782,05/12/24 07:10:00PM,34845.4,15.76
783,05/12/24 07:20:00PM,34766.6,15.7
784,05/12/24 07:30:00PM,35100.7,15.81
785,05/12/24 07:40:00PM,35075,15.61
786,05/12/24 07:50:00PM,34789.1,15.2
787,05/12/24 08:00:00PM,34738.6,15.2
788,05/12/24 08:10:00PM,34789.1,15.22
789,05/12/24 08:20:00PM,34803.2,15.18
790,05/12/24 08:30:00PM,34825.7,15.22
791,05/12/24 08:40:00PM,34727.4,15.13
792,05/12/24 08:50:00PM,34735.8,15.1
793,05/12/24 09:00:00PM,34755.4,15.13
794,05/12/24 09:10:00PM,34716.2,15.1
795,05/12/24 09:20:00PM,34702.2,15.09
796,05/12/24 09:30:00PM,34688.2,15.02
797,05/12/24 09:40:00PM,34649.1,15.01
798,05/12/24 09:50:00PM,34604.5,14.97
799,05/12/24 10:00:00PM,34660.3,14.97
800,05/12/24 10:10:00PM,34624,14.95
801,05/12/24 10:20:00PM,34735.8,15.01
802,05/12/24 10:30:00PM,34831.3,15.01
803,05/12/24 10:40:00PM,34873.6,14.87
804,05/12/24 10:50:00PM,34679.8,14.76
805,05/12/24 11:00:00PM,34716.2,14.6
806,05/12/24 11:10:00PM,34682.6,14.45
807,05/12/24 11:20:00PM,34621.2,14.31
808,05/12/24 11:30:00PM,34596.2,14.25
809,05/12/24 11:40:00PM,34510.1,14.18
810,05/12/24 11:50:00PM,34565.6,14.15
811,05/13/24 12:00:00AM,34501.8,14.03
812,05/13/24 12:10:00AM,34194.1,13.7
813,05/13/24 12:20:00AM,34224.1,13.56
814,05/13/24 12:30:00AM,34297.9,13.5
815,05/13/24 12:40:00AM,34139.6,13.41
816,05/13/24 12:50:00AM,34180.4,13.38
817,05/13/24 01:00:00AM,34237.7,13.33
818,05/13/24 01:10:00AM,34115.2,13.31
819,05/13/24 01:20:00AM,34207.7,13.31
820,05/13/24 01:30:00AM,34224.1,13.31
821,05/13/24 01:40:00AM,34047.4,13.31
822,05/13/24 01:50:00AM,34183.2,13.33
823,05/13/24 02:00:00AM,34139.6,13.33
824,05/13/24 02:10:00AM,34210.4,13.46
825,05/13/24 02:20:00AM,34194.1,13.56
826,05/13/24 02:30:00AM,34096.2,13.47
827,05/13/24 02:40:00AM,34139.6,13.37
828,05/13/24 02:50:00AM,34117.9,13.37
829,05/13/24 03:00:00AM,34243.2,13.37
830,05/13/24 03:10:00AM,34218.6,13.37
831,05/13/24 03:20:00AM,34112.4,13.37
832,05/13/24 03:30:00AM,34259.6,13.38
833,05/13/24 03:40:00AM,34232.3,13.39
834,05/13/24 03:50:00AM,34213.1,13.48
835,05/13/24 04:00:00AM,34120.6,13.43
836,05/13/24 04:10:00AM,34205,13.42
837,05/13/24 04:20:00AM,34047.4,13.64
838,05/13/24 04:30:00AM,34063.6,13.64
839,05/13/24 04:40:00AM,33939.5,13.7
840,05/13/24 04:50:00AM,34166.8,13.47
841,05/13/24 05:00:00AM,34215.9,13.43
842,05/13/24 05:10:00AM,34088,13.63
843,05/13/24 05:20:00AM,34033.9,13.62
844,05/13/24 05:30:00AM,34082.6,13.7
845,05/13/24 05:40:00AM,34096.2,13.68
846,05/13/24 05:50:00AM,34058.2,13.72
847,05/13/24 06:00:00AM,34071.8,13.76
848,05/13/24 06:10:00AM,34079.9,13.76
849,05/13/24 06:20:00AM,34031.2,13.75
850,05/13/24 06:30:00AM,33971.8,13.9
851,05/13/24 06:40:00AM,34050.1,13.87
852,05/13/24 06:50:00AM,33939.5,13.98
853,05/13/24 07:00:00AM,33901.8,14.04
854,05/13/24 07:10:00AM,33781.4,14.08
855,05/13/24 07:20:00AM,33867,14.06
856,05/13/24 07:30:00AM,33942.2,14.07
857,05/13/24 07:40:00AM,33821.4,14.1
858,05/13/24 07:50:00AM,33826.8,14.14
859,05/13/24 08:00:00AM,33858.9,14.25
860,05/13/24 08:10:00AM,34104.3,14.1
861,05/13/24 08:20:00AM,33931.4,14.14
862,05/13/24 08:30:00AM,34383.1,14.16
863,05/13/24 08:40:00AM,34557.3,14.31
864,05/13/24 08:50:00AM,34649.1,14.31
865,05/13/24 09:00:00AM,34629.6,14.29
866,05/13/24 09:10:00AM,34546.1,14.39
867,05/13/24 09:20:00AM,34632.4,14.43
868,05/13/24 09:30:00AM,34800.4,14.59
869,05/13/24 09:40:00AM,34952.8,14.72
870,05/13/24 09:50:00AM,34955.6,14.8
871,05/13/24 10:00:00AM,34975.5,14.79
872,05/13/24 10:10:00AM,34969.8,14.81
873,05/13/24 10:20:00AM,34935.8,14.76
874,05/13/24 10:30:00AM,34879.2,14.75
875,05/13/24 10:40:00AM,35097.8,14.95
876,05/13/24 10:50:00AM,35258.3,15.06
877,05/13/24 11:00:00AM,35155,15
878,05/13/24 11:10:00AM,35120.6,14.95
879,05/13/24 11:20:00AM,35209.4,15.05
880,05/13/24 11:30:00AM,35243.9,15.09
881,05/13/24 11:40:00AM,35295.7,15.16
882,05/13/24 11:50:00AM,35094.9,14.95
883,05/13/24 12:00:00PM,35137.8,14.97
884,05/13/24 12:10:00PM,35083.5,14.96
885,05/13/24 12:20:00PM,35086.4,15.01
886,05/13/24 12:30:00PM,34947.1,15.09
887,05/13/24 12:40:00PM,35018,15.13
888,05/13/24 12:50:00PM,35057.9,15.1
889,05/13/24 01:00:00PM,35117.8,15.22
890,05/13/24 01:10:00PM,35126.4,15.16
891,05/13/24 01:20:00PM,35203.7,15.24
892,05/13/24 01:30:00PM,35339,15.37
893,05/13/24 01:40:00PM,35241,15.37
894,05/13/24 01:50:00PM,35241,15.37
895,05/13/24 02:00:00PM,35411.4,15.45
896,05/13/24 02:10:00PM,35344.8,15.45
897,05/13/24 02:20:00PM,35307.3,15.33
898,05/13/24 02:30:00PM,35339,15.42
899,05/13/24 02:40:00PM,35373.7,15.52
900,05/13/24 02:50:00PM,35518.9,15.76
901,05/13/24 03:00:00PM,35650.5,16.01
902,05/13/24 03:10:00PM,35700.5,15.86
903,05/13/24 03:20:00PM,35721.1,15.89
904,05/13/24 03:30:00PM,35765.3,15.99
905,05/13/24 03:40:00PM,35827.3,16.02
906,05/13/24 03:50:00PM,35946.1,16.25
907,05/13/24 04:00:00PM,36137.5,16.63
908,05/13/24 04:10:00PM,36143.5,17.06
909,05/13/24 04:20:00PM,36026.6,17.15
910,05/13/24 04:30:00PM,36014.7,17.11
911,05/13/24 04:40:00PM,36059.5,17.36
912,05/13/24 04:50:00PM,36149.5,17.65
913,05/13/24 05:00:00PM,36209.8,17.71
914,05/13/24 05:10:00PM,36252,17.76
915,05/13/24 05:20:00PM,36279.2,17.8
916,05/13/24 05:30:00PM,36297.4,17.81
917,05/13/24 05:40:00PM,36279.2,17.92
918,05/13/24 05:50:00PM,36224.8,18.04
919,05/13/24 06:00:00PM,36246,18.01
920,05/13/24 06:10:00PM,36227.9,17.79
921,05/13/24 06:20:00PM,36279.2,17.76
922,05/13/24 06:30:00PM,36243,17.75
923,05/13/24 06:40:00PM,36221.8,17.72
924,05/13/24 06:50:00PM,36167.6,17.69
925,05/13/24 07:00:00PM,36146.5,17.71
926,05/13/24 07:10:00PM,36122.5,17.65
927,05/13/24 07:20:00PM,36134.5,17.6
928,05/13/24 07:30:00PM,36074.5,17.56
929,05/13/24 07:40:00PM,36074.5,17.55
930,05/13/24 07:50:00PM,36074.5,17.48
931,05/13/24 08:00:00PM,36041.6,17.33
932,05/13/24 08:10:00PM,35952,17.16
933,05/13/24 08:20:00PM,36011.7,17.16
934,05/13/24 08:30:00PM,35821.4,17.08
935,05/13/24 08:40:00PM,35827.3,16.82
936,05/13/24 08:50:00PM,35815.5,16.83
937,05/13/24 09:00:00PM,35910.4,16.92
938,05/13/24 09:10:00PM,35854,16.83
939,05/13/24 09:20:00PM,35674,16.94
940,05/13/24 09:30:00PM,35647.6,17.02
941,05/13/24 09:40:00PM,35747.6,17.12
942,05/13/24 09:50:00PM,35545.2,16.74
943,05/13/24 10:00:00PM,35562.7,16.7
944,05/13/24 10:10:00PM,35644.6,16.71
945,05/13/24 10:20:00PM,35449.1,16.74
946,05/13/24 10:30:00PM,35644.6,16.8
947,05/13/24 10:40:00PM,35679.9,16.84
948,05/13/24 10:50:00PM,35665.2,16.83
949,05/13/24 11:00:00PM,35359.2,16.43
950,05/13/24 11:10:00PM,35278.4,16.26
951,05/13/24 11:20:00PM,35295.7,16.27
952,05/13/24 11:30:00PM,35350.6,16.23
953,05/13/24 11:40:00PM,35423,16.11
954,05/13/24 11:50:00PM,35486.9,16.03
955,05/14/24 12:00:00AM,35481.1,16.03
956,05/14/24 12:10:00AM,35449.1,16.06
957,05/14/24 12:20:00AM,35417.2,16.07
958,05/14/24 12:30:00AM,35466.5,15.94
959,05/14/24 12:40:00AM,35120.6,15.05
960,05/14/24 12:50:00AM,35134.9,14.76
961,05/14/24 01:00:00AM,35112.1,14.73
962,05/14/24 01:10:00AM,35020.9,14.72
963,05/14/24 01:20:00AM,34955.6,14.71
964,05/14/24 01:30:00AM,35080.7,14.72
965,05/14/24 01:40:00AM,35043.6,14.68
966,05/14/24 01:50:00AM,35055,14.68
967,05/14/24 02:00:00AM,34868,14.65
968,05/14/24 02:10:00AM,35043.6,14.67
969,05/14/24 02:20:00AM,35020.9,14.61
970,05/14/24 02:30:00AM,35009.5,14.57
971,05/14/24 02:40:00AM,35009.5,14.53
972,05/14/24 02:50:00AM,34964.1,14.53
973,05/14/24 03:00:00AM,34975.5,14.48
974,05/14/24 03:10:00AM,34910.3,14.4
975,05/14/24 03:20:00AM,34941.4,14.39
976,05/14/24 03:30:00AM,34896.2,14.39
977,05/14/24 03:40:00AM,34941.4,14.4
978,05/14/24 03:50:00AM,34921.6,14.4
979,05/14/24 04:00:00AM,34791.9,14.37
980,05/14/24 04:10:00AM,34921.6,14.4
981,05/14/24 04:20:00AM,34834.1,14.41
982,05/14/24 04:30:00AM,34845.4,14.43
983,05/14/24 04:40:00AM,34998.2,14.53
984,05/14/24 04:50:00AM,34955.6,14.77
985,05/14/24 05:00:00AM,34932.9,14.47
986,05/14/24 05:10:00AM,34992.5,14.81
987,05/14/24 05:20:00AM,34998.2,14.83
988,05/14/24 05:30:00AM,34842.6,14.97
989,05/14/24 05:40:00AM,34907.5,14.91
990,05/14/24 05:50:00AM,34887.7,15.18
991,05/14/24 06:00:00AM,34856.7,15.32
992,05/14/24 06:10:00AM,34876.4,15.18
993,05/14/24 06:20:00AM,34930.1,15.09
994,05/14/24 06:30:00AM,34797.5,15.28
995,05/14/24 06:40:00AM,34730.2,15.17
996,05/14/24 06:50:00AM,34679.8,15.3
997,05/14/24 07:00:00AM,34576.7,15.49
998,05/14/24 07:10:00AM,34618.4,15.21
999,05/14/24 07:20:00AM,34501.8,15.5
1000,05/14/24 07:30:00AM,34587.8,15.57
1001,05/14/24 07:40:00AM,34612.9,15.68
1002,05/14/24 07:50:00AM,34612.9,15.68
1003,05/14/24 08:00:00AM,34560,15.49
1004,05/14/24 08:10:00AM,34590.6,15.45
1005,05/14/24 08:20:00AM,34635.2,15.33
1006,05/14/24 08:30:00AM,34601.7,15.41
1007,05/14/24 08:40:00AM,34632.4,15.42
1008,05/14/24 08:50:00AM,34615.7,15.34
1009,05/14/24 09:00:00AM,34579.5,15.44
1010,05/14/24 09:10:00AM,34571.1,15.61
1011,05/14/24 09:20:00AM,34596.2,15.56
1012,05/14/24 09:30:00AM,34635.2,15.58
1013,05/14/24 09:40:00AM,34696.6,15.77
1014,05/14/24 09:50:00AM,34749.8,15.87
1015,05/14/24 10:00:00AM,34741.4,15.91
1016,05/14/24 10:10:00AM,34693.8,15.9
1017,05/14/24 10:20:00AM,34733,15.94
1018,05/14/24 10:30:00AM,34590.6,16.07
1019,05/14/24 10:40:00AM,34663.1,16.11
1020,05/14/24 10:50:00AM,34744.2,16.17
1021,05/14/24 11:00:00AM,34893.4,16.19
1022,05/14/24 11:10:00AM,34924.5,16.13
1023,05/14/24 11:20:00AM,34964.1,16.06
1024,05/14/24 11:30:00AM,35032.3,15.95
1025,05/14/24 11:40:00AM,34972.6,15.93
1026,05/14/24 11:50:00AM,35086.4,16.11
1027,05/14/24 12:00:00PM,35206.6,16.22
1028,05/14/24 12:10:00PM,35206.6,16.22
1029,05/14/24 12:20:00PM,35281.3,16.19
1030,05/14/24 12:30:00PM,35542.2,16.27
1031,05/14/24 12:40:00PM,35589,16.23
1032,05/14/24 12:50:00PM,35635.9,16.27
1033,05/14/24 01:00:00PM,35706.3,16.38
1034,05/14/24 01:10:00PM,35591.9,16.45
1035,05/14/24 01:20:00PM,35744.6,16.53
1036,05/14/24 01:30:00PM,35806.6,16.56
1037,05/14/24 01:40:00PM,35868.8,16.59
1038,05/14/24 01:50:00PM,35815.5,16.02
1039,05/14/24 02:00:00PM,35774.1,15.74
1040,05/14/24 02:10:00PM,35806.6,15.77
1041,05/14/24 02:20:00PM,35856.9,15.79
1042,05/14/24 02:30:00PM,35794.8,15.72
1043,05/14/24 02:40:00PM,35877.7,15.83
1044,05/14/24 02:50:00PM,35919.3,15.93
1045,05/14/24 03:00:00PM,36011.7,16.05
1046,05/14/24 03:10:00PM,36008.7,16.11
1047,05/14/24 03:20:00PM,36050.5,16.13
1048,05/14/24 03:30:00PM,36086.5,16.25
1049,05/14/24 03:40:00PM,36200.7,16.49
1050,05/14/24 03:50:00PM,36218.8,16.58
1051,05/14/24 04:00:00PM,36239.9,16.63
1052,05/14/24 04:10:00PM,36239.9,16.71
1053,05/14/24 04:20:00PM,36294.4,16.72
1054,05/14/24 04:30:00PM,36236.9,16.64
1055,05/14/24 04:40:00PM,36285.3,16.64
1056,05/14/24 04:50:00PM,36188.7,16.7
1057,05/14/24 05:00:00PM,36321.7,16.74
1058,05/14/24 05:10:00PM,36361.1,16.8
1059,05/14/24 05:20:00PM,36437.2,17.16
1060,05/14/24 05:30:00PM,36415.9,17.44
1061,05/14/24 05:40:00PM,36437.2,17.45
1062,05/14/24 05:50:00PM,36437.2,17.68
1063,05/14/24 06:00:00PM,36443.3,18.18
1064,05/14/24 06:10:00PM,36443.3,18.54
1065,05/14/24 06:20:00PM,36516.7,18.65
1066,05/14/24 06:30:00PM,36525.8,18.65
1067,05/14/24 06:40:00PM,36504.4,18.66
1068,05/14/24 06:50:00PM,36504.4,18.57
1069,05/14/24 07:00:00PM,36538.1,18.46
1070,05/14/24 07:10:00PM,36446.4,18.54
1071,05/14/24 07:20:00PM,36480,18.45
1072,05/14/24 07:30:00PM,36418.9,18.49
1073,05/14/24 07:40:00PM,36434.2,18.46
1074,05/14/24 07:50:00PM,36385.4,18.33
1075,05/14/24 08:00:00PM,36352,18.24
1076,05/14/24 08:10:00PM,36270.2,18.33
1077,05/14/24 08:20:00PM,36315.6,17.97
1078,05/14/24 08:30:00PM,36221.8,18.03
1079,05/14/24 08:40:00PM,36182.6,18.04
1080,05/14/24 08:50:00PM,36044.6,17.95
1081,05/14/24 09:00:00PM,36116.5,17.76
1082,05/14/24 09:10:00PM,36167.6,17.57
1083,05/14/24 09:20:00PM,36176.6,17.48
1084,05/14/24 09:30:00PM,36092.5,17.48
1085,05/14/24 09:40:00PM,36140.5,17.43
1086,05/14/24 09:50:00PM,36158.6,17.32
1087,05/14/24 10:00:00PM,35981.8,17.14
1088,05/14/24 10:10:00PM,35987.8,17.19
1089,05/14/24 10:20:00PM,35842.1,16.94
1090,05/14/24 10:30:00PM,35854,16.76
1091,05/14/24 10:40:00PM,35871.8,16.72
1092,05/14/24 10:50:00PM,35830.3,16.71
1093,05/14/24 11:00:00PM,35854,16.71
1094,05/14/24 11:10:00PM,35836.2,16.74
1095,05/14/24 11:20:00PM,35812.5,16.75
1096,05/14/24 11:30:00PM,35827.3,16.83
1097,05/14/24 11:40:00PM,35848.1,16.98
1098,05/14/24 11:50:00PM,35791.8,16.98
1099,05/15/24 12:00:00AM,35818.5,16.91
1100,05/15/24 12:10:00AM,35803.7,16.82
1101,05/15/24 12:20:00AM,35694.6,16.71
1102,05/15/24 12:30:00AM,35513.1,16.59
1103,05/15/24 12:40:00AM,35521.8,16.56
1104,05/15/24 12:50:00AM,35501.4,16.51
1105,05/15/24 01:00:00AM,35446.2,16.53
1106,05/15/24 01:10:00AM,35630,16.6
1107,05/15/24 01:20:00AM,35871.8,16.49
1108,05/15/24 01:30:00AM,35851,16.33
1109,05/15/24 01:40:00AM,35759.4,16.22
1110,05/15/24 01:50:00AM,35712.2,16.21
1111,05/15/24 02:00:00AM,35830.3,16.3
1112,05/15/24 02:10:00AM,35949,16.42
1113,05/15/24 02:20:00AM,36008.7,16.43
1114,05/15/24 02:30:00AM,35877.7,16.33
1115,05/15/24 02:40:00AM,35785.9,16.19
1116,05/15/24 02:50:00AM,35744.6,16.15
1117,05/15/24 03:00:00AM,35691.6,15.87
1118,05/15/24 03:10:00AM,35600.7,15.57
1119,05/15/24 03:20:00AM,35510.2,15.38
1120,05/15/24 03:30:00AM,35373.7,15.34
1121,05/15/24 03:40:00AM,35495.6,15.36
1122,05/15/24 03:50:00AM,35495.6,15.34
1123,05/15/24 04:00:00AM,35463.6,15.37
1124,05/15/24 04:10:00AM,35498.5,15.42
1125,05/15/24 04:20:00AM,35495.6,15.4
1126,05/15/24 04:30:00AM,35478.1,15.38
1127,05/15/24 04:40:00AM,35489.8,15.37
1128,05/15/24 04:50:00AM,35463.6,15.36
1129,05/15/24 05:00:00AM,35315.9,15.36
1130,05/15/24 05:10:00AM,35423,15.34
1131,05/15/24 05:20:00AM,35350.6,15.36
1132,05/15/24 05:30:00AM,35457.8,15.53
1133,05/15/24 05:40:00AM,35495.6,15.38
1134,05/15/24 05:50:00AM,35489.8,15.38
1135,05/15/24 06:00:00AM,35469.4,15.42
1136,05/15/24 06:10:00AM,35489.8,15.41
1137,05/15/24 06:20:00AM,35457.8,15.42
1138,05/15/24 06:30:00AM,35460.7,15.44
1139,05/15/24 06:40:00AM,35486.9,15.45
1140,05/15/24 06:50:00AM,35466.5,15.45
1141,05/15/24 07:00:00AM,35454.9,15.49
1142,05/15/24 07:10:00AM,35591.9,15.7
1143,05/15/24 07:20:00AM,35600.7,15.82
1144,05/15/24 07:30:00AM,35603.6,15.86
1145,05/15/24 07:40:00AM,35624.1,16.22
1146,05/15/24 07:50:00AM,35521.8,16.02
1147,05/15/24 08:00:00AM,35568.5,15.9
1148,05/15/24 08:10:00AM,35577.3,16.1
1149,05/15/24 08:20:00AM,35518.9,16.25
1150,05/15/24 08:30:00AM,35553.9,16.41
1151,05/15/24 08:40:00AM,35665.2,16.56
1152,05/15/24 08:50:00AM,35428.8,17.08
1153,05/15/24 09:00:00AM,35630,17.02
1154,05/15/24 09:10:00AM,35824.4,16.6
1155,05/15/24 09:20:00AM,35718.1,16.45
1156,05/15/24 09:30:00AM,35771.2,16.66
1157,05/15/24 09:40:00AM,35768.2,16.91
1158,05/15/24 09:50:00AM,35919.3,16.86
1159,05/15/24 10:00:00AM,35791.8,16.9
1160,05/15/24 10:10:00AM,35741.7,17.07
1161,05/15/24 10:20:00AM,35571.5,17.16
1162,05/15/24 10:30:00AM,35621.2,17.15
1163,05/15/24 10:40:00AM,35650.5,17.18
1164,05/15/24 10:50:00AM,35732.8,17.18
1165,05/15/24 11:00:00AM,35815.5,17.18
1166,05/15/24 11:10:00AM,35978.8,17.12
1167,05/15/24 11:20:00AM,35993.8,17.3
1168,05/15/24 11:30:00AM,35842.1,17.39
1169,05/15/24 11:40:00AM,35922.3,17.23
1170,05/15/24 11:50:00AM,35886.6,17.15
1171,05/15/24 12:00:00PM,35946.1,17.16
1172,05/15/24 12:10:00PM,35934.2,17.16
1173,05/15/24 12:20:00PM,35859.9,17.14
1174,05/15/24 12:30:00PM,35880.7,17.16
1175,05/15/24 12:40:00PM,35978.8,17.18
1176,05/15/24 12:50:00PM,36128.5,17.23
1177,05/15/24 01:00:00PM,36324.7,17.26
1178,05/15/24 01:10:00PM,36367.2,17.15
1179,05/15/24 01:20:00PM,36385.4,17.08
1180,05/15/24 01:30:00PM,36385.4,17.03
1181,05/15/24 01:40:00PM,36312.6,16.95
1182,05/15/24 01:50:00PM,36376.3,16.91
1183,05/15/24 02:00:00PM,36297.4,16.87
1184,05/15/24 02:10:00PM,36318.6,16.82