Plot Title: BBC_22_21984864,,,
#,"Date Time, GMT-04:00","DO conc, mg/L (LGR S/N: 21984864, SEN S/N: 21984864)","Temp, °C (LGR S/N: 21984864, SEN S/N: 21984864)"
1,05/07/24 09:00:00AM,9.12,19.3
2,05/07/24 09:10:00AM,9.13,19.18
3,05/07/24 09:20:00AM,9.11,19.48
4,05/07/24 09:30:00AM,9.06,19.64
5,05/07/24 09:40:00AM,9,19.78
6,05/07/24 09:50:00AM,8.89,20.22
7,05/07/24 10:00:00AM,8.82,20.74
8,05/07/24 10:10:00AM,8.75,21.34
9,05/07/24 10:20:00AM,8.65,22.14
10,05/07/24 10:30:00AM,8.52,23.04
11,05/07/24 10:40:00AM,8.36,24.08
12,05/07/24 10:50:00AM,8.12,25.4
13,05/07/24 11:00:00AM,7.86,26.82
14,05/07/24 11:10:00AM,7.64,28.24
15,05/07/24 11:20:00AM,7.59,28.68
16,05/07/24 11:30:00AM,8.57,20.58
17,05/07/24 11:40:00AM,10.39,16.12
18,05/07/24 11:50:00AM,10.46,15.9
19,05/07/24 12:00:00PM,10.55,16.04
20,05/07/24 12:10:00PM,10.4,16.32
21,05/07/24 12:20:00PM,10.49,17.82
22,05/07/24 12:30:00PM,10.19,20.58
23,05/07/24 12:40:00PM,9.72,22.5
24,05/07/24 12:50:00PM,9.42,22.4
25,05/07/24 01:00:00PM,9.14,23.54
26,05/07/24 01:10:00PM,9.06,24.82
27,05/07/24 01:20:00PM,8.62,24.96
28,05/07/24 01:30:00PM,8.69,25.5
29,05/07/24 01:40:00PM,8.47,26.48
30,05/07/24 01:50:00PM,8.46,27.64
31,05/07/24 02:00:00PM,8.18,27.62
32,05/07/24 02:10:00PM,8.53,23.64
33,05/07/24 02:20:00PM,9.99,19.32
34,05/07/24 02:30:00PM,10.13,19.06
35,05/07/24 02:40:00PM,10.02,19.26
36,05/07/24 02:50:00PM,10.02,19.36
37,05/07/24 03:00:00PM,10.32,19.28
38,05/07/24 03:10:00PM,10.62,19.32
39,05/07/24 03:20:00PM,10.92,19.2
40,05/07/24 03:30:00PM,10.33,19.06
41,05/07/24 03:40:00PM,10.43,19.08
42,05/07/24 03:50:00PM,10.44,19.18
43,05/07/24 04:00:00PM,10.47,19.22
44,05/07/24 04:10:00PM,10.69,19.12
45,05/07/24 04:20:00PM,10.63,19.2
46,05/07/24 04:30:00PM,10.63,19.3
47,05/07/24 04:40:00PM,11.02,19
48,05/07/24 04:50:00PM,11.03,18.84
49,05/07/24 05:00:00PM,11.03,18.8
50,05/07/24 05:10:00PM,11.02,18.6
51,05/07/24 05:20:00PM,11.27,18.24
52,05/07/24 05:30:00PM,11.42,17.86
53,05/07/24 05:40:00PM,11.35,17.6
54,05/07/24 05:50:00PM,11.07,17.3
55,05/07/24 06:00:00PM,11.02,17.02
56,05/07/24 06:10:00PM,10.92,16.74
57,05/07/24 06:20:00PM,11,16.14
58,05/07/24 06:30:00PM,10.94,15.8
59,05/07/24 06:40:00PM,10.97,15.42
60,05/07/24 06:50:00PM,10.97,15.2
61,05/07/24 07:00:00PM,10.95,14.92
62,05/07/24 07:10:00PM,10.95,14.56
63,05/07/24 07:20:00PM,11.02,14.46
64,05/07/24 07:30:00PM,10.99,14.34
65,05/07/24 07:40:00PM,11.03,14.22
66,05/07/24 07:50:00PM,11.06,14.16
67,05/07/24 08:00:00PM,11.05,14.02
68,05/07/24 08:10:00PM,11.06,13.82
69,05/07/24 08:20:00PM,11.04,13.46
70,05/07/24 08:30:00PM,11.12,13.22
71,05/07/24 08:40:00PM,11.11,13.14
72,05/07/24 08:50:00PM,11.12,13.12
73,05/07/24 09:00:00PM,11.2,13.1
74,05/07/24 09:10:00PM,11.18,13.14
75,05/07/24 09:20:00PM,11.08,13.28
76,05/07/24 09:30:00PM,11.06,13.38
77,05/07/24 09:40:00PM,11.09,13.54
78,05/07/24 09:50:00PM,11.02,13.62
79,05/07/24 10:00:00PM,10.97,13.68
80,05/07/24 10:10:00PM,10.77,13.58
81,05/07/24 10:20:00PM,10.75,13.5
82,05/07/24 10:30:00PM,10.77,13.48
83,05/07/24 10:40:00PM,10.72,13.54
84,05/07/24 10:50:00PM,10.68,13.62
85,05/07/24 11:00:00PM,10.95,14.1
86,05/07/24 11:10:00PM,10.67,14.68
87,05/07/24 11:20:00PM,10.16,15.94
88,05/07/24 11:30:00PM,10.23,14.88
89,05/07/24 11:40:00PM,9.94,15.98
90,05/07/24 11:50:00PM,9.81,15.44
91,05/08/24 12:00:00AM,9.63,16.1
92,05/08/24 12:10:00AM,9.5,16
93,05/08/24 12:20:00AM,9.18,16.46
94,05/08/24 12:30:00AM,8.8,16.84
95,05/08/24 12:40:00AM,8.74,16.92
96,05/08/24 12:50:00AM,8.76,16.88
97,05/08/24 01:00:00AM,8.8,16.88
98,05/08/24 01:10:00AM,8.73,16.84
99,05/08/24 01:20:00AM,8.65,16.84
100,05/08/24 01:30:00AM,8.51,16.82
101,05/08/24 01:40:00AM,8.39,16.88
102,05/08/24 01:50:00AM,8.9,16.42
103,05/08/24 02:00:00AM,8.98,16.26
104,05/08/24 02:10:00AM,8.74,16.36
105,05/08/24 02:20:00AM,8.33,16.52
106,05/08/24 02:30:00AM,8.3,16.62
107,05/08/24 02:40:00AM,8.22,16.66
108,05/08/24 02:50:00AM,8.11,16.72
109,05/08/24 03:00:00AM,8.04,16.72
110,05/08/24 03:10:00AM,7.87,16.74
111,05/08/24 03:20:00AM,7.76,16.68
112,05/08/24 03:30:00AM,8.05,16.34
113,05/08/24 03:40:00AM,7.92,16.12
114,05/08/24 03:50:00AM,7.63,16.1
115,05/08/24 04:00:00AM,7.76,16.5
116,05/08/24 04:10:00AM,7.44,16.58
117,05/08/24 04:20:00AM,7.35,16.58
118,05/08/24 04:30:00AM,7.08,16.54
119,05/08/24 04:40:00AM,6.95,16.46
120,05/08/24 04:50:00AM,6.96,16.36
121,05/08/24 05:00:00AM,6.92,16.32
122,05/08/24 05:10:00AM,7.39,16.18
123,05/08/24 05:20:00AM,7.29,15.94
124,05/08/24 05:30:00AM,7.49,15.84
125,05/08/24 05:40:00AM,7.96,15.68
126,05/08/24 05:50:00AM,8.14,15.46
127,05/08/24 06:00:00AM,8.39,15.38
128,05/08/24 06:10:00AM,8.69,15.36
129,05/08/24 06:20:00AM,8.81,15.22
130,05/08/24 06:30:00AM,8.74,14.98
131,05/08/24 06:40:00AM,8.57,14.74
132,05/08/24 06:50:00AM,8.92,14.4
133,05/08/24 07:00:00AM,9.21,14.32
134,05/08/24 07:10:00AM,9.28,14.4
135,05/08/24 07:20:00AM,9.56,14.26
136,05/08/24 07:30:00AM,9.81,13.96
137,05/08/24 07:40:00AM,10.11,13.9
138,05/08/24 07:50:00AM,10.27,13.72
139,05/08/24 08:00:00AM,10.35,13.48
140,05/08/24 08:10:00AM,10.35,13.44
141,05/08/24 08:20:00AM,10.37,13.38
142,05/08/24 08:30:00AM,10.4,13.34
143,05/08/24 08:40:00AM,10.44,13.26
144,05/08/24 08:50:00AM,10.44,13.24
145,05/08/24 09:00:00AM,10.43,13.22
146,05/08/24 09:10:00AM,10.42,13.16
147,05/08/24 09:20:00AM,10.44,13.12
148,05/08/24 09:30:00AM,10.48,13.16
149,05/08/24 09:40:00AM,10.41,13.22
150,05/08/24 09:50:00AM,10.4,13.22
151,05/08/24 10:00:00AM,10.36,13.26
152,05/08/24 10:10:00AM,10.34,13.3
153,05/08/24 10:20:00AM,10.28,13.38
154,05/08/24 10:30:00AM,10.18,13.56
155,05/08/24 10:40:00AM,10.08,13.7
156,05/08/24 10:50:00AM,10.06,13.48
157,05/08/24 11:00:00AM,10.18,13.36
158,05/08/24 11:10:00AM,10.15,13.34
159,05/08/24 11:20:00AM,10.14,13.38
160,05/08/24 11:30:00AM,10.11,13.48
161,05/08/24 11:40:00AM,9.82,13.94
162,05/08/24 11:50:00AM,9.02,14.5
163,05/08/24 12:00:00PM,8.95,14.7
164,05/08/24 12:10:00PM,8.79,14.8
165,05/08/24 12:20:00PM,9.06,14.74
166,05/08/24 12:30:00PM,8.92,14.8
167,05/08/24 12:40:00PM,8.97,14.82
168,05/08/24 12:50:00PM,8.97,14.84
169,05/08/24 01:00:00PM,8.88,14.88
170,05/08/24 01:10:00PM,8.85,14.94
171,05/08/24 01:20:00PM,8.86,14.94
172,05/08/24 01:30:00PM,8.85,14.96
173,05/08/24 01:40:00PM,8.83,15.02
174,05/08/24 01:50:00PM,8.78,15.02
175,05/08/24 02:00:00PM,8.81,15.06
176,05/08/24 02:10:00PM,8.71,15.14
177,05/08/24 02:20:00PM,8.68,15.18
178,05/08/24 02:30:00PM,8.71,15.24
179,05/08/24 02:40:00PM,9.06,15.14
180,05/08/24 02:50:00PM,8.94,15.12
181,05/08/24 03:00:00PM,8.92,15.14
182,05/08/24 03:10:00PM,9.01,15.12
183,05/08/24 03:20:00PM,9.07,15.04
184,05/08/24 03:30:00PM,9.04,15.02
185,05/08/24 03:40:00PM,9.14,14.94
186,05/08/24 03:50:00PM,9.17,14.92
187,05/08/24 04:00:00PM,9.27,14.82
188,05/08/24 04:10:00PM,9.36,14.78
189,05/08/24 04:20:00PM,9.38,14.78
190,05/08/24 04:30:00PM,9.41,14.78
191,05/08/24 04:40:00PM,9.4,14.82
192,05/08/24 04:50:00PM,9.41,14.82
193,05/08/24 05:00:00PM,9.42,14.84
194,05/08/24 05:10:00PM,9.45,14.82
195,05/08/24 05:20:00PM,9.4,14.84
196,05/08/24 05:30:00PM,9.35,14.84
197,05/08/24 05:40:00PM,9.34,14.84
198,05/08/24 05:50:00PM,9.28,14.88
199,05/08/24 06:00:00PM,9.42,14.84
200,05/08/24 06:10:00PM,9.46,14.78
201,05/08/24 06:20:00PM,9.52,14.7
202,05/08/24 06:30:00PM,9.54,14.58
203,05/08/24 06:40:00PM,9.7,14.36
204,05/08/24 06:50:00PM,9.73,14.22
205,05/08/24 07:00:00PM,9.94,14.12
206,05/08/24 07:10:00PM,10.06,13.92
207,05/08/24 07:20:00PM,10.1,13.68
208,05/08/24 07:30:00PM,10.1,13.52
209,05/08/24 07:40:00PM,10.12,13.44
210,05/08/24 07:50:00PM,10.18,13.34
211,05/08/24 08:00:00PM,10.15,13.28
212,05/08/24 08:10:00PM,10.23,13.14
213,05/08/24 08:20:00PM,10.27,13.02
214,05/08/24 08:30:00PM,10.27,12.96
215,05/08/24 08:40:00PM,10.25,13.02
216,05/08/24 08:50:00PM,10.32,12.88
217,05/08/24 09:00:00PM,10.36,12.78
218,05/08/24 09:10:00PM,10.37,12.76
219,05/08/24 09:20:00PM,10.44,12.62
220,05/08/24 09:30:00PM,10.47,12.5
221,05/08/24 09:40:00PM,10.49,12.38
222,05/08/24 09:50:00PM,10.5,12.36
223,05/08/24 10:00:00PM,10.48,12.4
224,05/08/24 10:10:00PM,10.42,12.46
225,05/08/24 10:20:00PM,10.38,12.5
226,05/08/24 10:30:00PM,10.35,12.52
227,05/08/24 10:40:00PM,10.3,12.54
228,05/08/24 10:50:00PM,10.25,12.6
229,05/08/24 11:00:00PM,10.25,12.58
230,05/08/24 11:10:00PM,10.25,12.58
231,05/08/24 11:20:00PM,10.22,12.56
232,05/08/24 11:30:00PM,10.25,12.74
233,05/08/24 11:40:00PM,9.68,13.44
234,05/08/24 11:50:00PM,9.9,13.06
235,05/09/24 12:00:00AM,9.43,13.46
236,05/09/24 12:10:00AM,10.04,12.84
237,05/09/24 12:20:00AM,9.68,13.26
238,05/09/24 12:30:00AM,8.87,13.88
239,05/09/24 12:40:00AM,8.94,13.94
240,05/09/24 12:50:00AM,9.32,13.4
241,05/09/24 01:00:00AM,9.1,13.68
242,05/09/24 01:10:00AM,8.64,13.84
243,05/09/24 01:20:00AM,8.84,13.8
244,05/09/24 01:30:00AM,8.64,13.82
245,05/09/24 01:40:00AM,8.42,13.88
246,05/09/24 01:50:00AM,8.48,13.96
247,05/09/24 02:00:00AM,8.03,13.96
248,05/09/24 02:10:00AM,8.01,14.1
249,05/09/24 02:20:00AM,7.91,14.1
250,05/09/24 02:30:00AM,8.43,13.8
251,05/09/24 02:40:00AM,8.12,13.88
252,05/09/24 02:50:00AM,7.84,14.02
253,05/09/24 03:00:00AM,7.72,14.08
254,05/09/24 03:10:00AM,7.68,14.08
255,05/09/24 03:20:00AM,7.64,14.04
256,05/09/24 03:30:00AM,7.63,14.04
257,05/09/24 03:40:00AM,7.78,13.9
258,05/09/24 03:50:00AM,7.87,13.82
259,05/09/24 04:00:00AM,7.45,13.94
260,05/09/24 04:10:00AM,7.31,13.96
261,05/09/24 04:20:00AM,7.2,13.94
262,05/09/24 04:30:00AM,7.08,13.82
263,05/09/24 04:40:00AM,7.05,13.8
264,05/09/24 04:50:00AM,7.12,13.78
265,05/09/24 05:00:00AM,7.04,13.76
266,05/09/24 05:10:00AM,7.35,13.7
267,05/09/24 05:20:00AM,7.77,13.68
268,05/09/24 05:30:00AM,7.85,13.7
269,05/09/24 05:40:00AM,7.77,13.72
270,05/09/24 05:50:00AM,7.99,13.74
271,05/09/24 06:00:00AM,8.16,13.7
272,05/09/24 06:10:00AM,7.94,13.64
273,05/09/24 06:20:00AM,7.91,13.6
274,05/09/24 06:30:00AM,8,13.58
275,05/09/24 06:40:00AM,8.14,13.56
276,05/09/24 06:50:00AM,8.26,13.52
277,05/09/24 07:00:00AM,8.13,13.48
278,05/09/24 07:10:00AM,8.09,13.42
279,05/09/24 07:20:00AM,8.26,13.38
280,05/09/24 07:30:00AM,8.81,13.14
281,05/09/24 07:40:00AM,8.97,13.08
282,05/09/24 07:50:00AM,9,13.1
283,05/09/24 08:00:00AM,9.06,13.12
284,05/09/24 08:10:00AM,9.31,13
285,05/09/24 08:20:00AM,9.46,12.98
286,05/09/24 08:30:00AM,9.51,12.96
287,05/09/24 08:40:00AM,9.63,12.92
288,05/09/24 08:50:00AM,9.74,12.84
289,05/09/24 09:00:00AM,9.85,12.76
290,05/09/24 09:10:00AM,9.85,12.76
291,05/09/24 09:20:00AM,9.86,12.78
292,05/09/24 09:30:00AM,9.84,12.82
293,05/09/24 09:40:00AM,9.92,12.86
294,05/09/24 09:50:00AM,10.04,12.76
295,05/09/24 10:00:00AM,10.04,12.86
296,05/09/24 10:10:00AM,9.99,12.94
297,05/09/24 10:20:00AM,10.08,13
298,05/09/24 10:30:00AM,10.1,13.02
299,05/09/24 10:40:00AM,10.05,13.22
300,05/09/24 10:50:00AM,10.06,13.22
301,05/09/24 11:00:00AM,10.13,13.2
302,05/09/24 11:10:00AM,10.13,13.28
303,05/09/24 11:20:00AM,10.12,13.34
304,05/09/24 11:30:00AM,10.14,13.28
305,05/09/24 11:40:00AM,10.18,13.3
306,05/09/24 11:50:00AM,10.18,13.46
307,05/09/24 12:00:00PM,10.18,13.58
308,05/09/24 12:10:00PM,10.2,13.64
309,05/09/24 12:20:00PM,10.14,13.72
310,05/09/24 12:30:00PM,10.16,14
311,05/09/24 12:40:00PM,10.06,14.2
312,05/09/24 12:50:00PM,9.91,14.4
313,05/09/24 01:00:00PM,9.34,15
314,05/09/24 01:10:00PM,9.35,15.18
315,05/09/24 01:20:00PM,9.4,15.3
316,05/09/24 01:30:00PM,9.4,15.4
317,05/09/24 01:40:00PM,9.6,15.46
318,05/09/24 01:50:00PM,9.42,15.56
319,05/09/24 02:00:00PM,9.5,15.6
320,05/09/24 02:10:00PM,9.48,15.7
321,05/09/24 02:20:00PM,9.48,15.78
322,05/09/24 02:30:00PM,9.48,15.86
323,05/09/24 02:40:00PM,9.55,15.92
324,05/09/24 02:50:00PM,9.73,15.94
325,05/09/24 03:00:00PM,9.66,16.04
326,05/09/24 03:10:00PM,9.65,16.14
327,05/09/24 03:20:00PM,9.65,16.22
328,05/09/24 03:30:00PM,9.65,16.2
329,05/09/24 03:40:00PM,9.74,16.14
330,05/09/24 03:50:00PM,10.32,15.9
331,05/09/24 04:00:00PM,10.41,15.6
332,05/09/24 04:10:00PM,10.55,15.3
333,05/09/24 04:20:00PM,10.69,15.24
334,05/09/24 04:30:00PM,10.69,15.36
335,05/09/24 04:40:00PM,10.86,15.48
336,05/09/24 04:50:00PM,10.82,15.6
337,05/09/24 05:00:00PM,10.9,15.56
338,05/09/24 05:10:00PM,10.9,15.5
339,05/09/24 05:20:00PM,10.96,15.44
340,05/09/24 05:30:00PM,10.97,15.42
341,05/09/24 05:40:00PM,11.02,15.28
342,05/09/24 05:50:00PM,10.62,15.7
343,05/09/24 06:00:00PM,10.56,15.82
344,05/09/24 06:10:00PM,10.53,15.82
345,05/09/24 06:20:00PM,10.55,15.72
346,05/09/24 06:30:00PM,10.77,15.42
347,05/09/24 06:40:00PM,10.62,15.14
348,05/09/24 06:50:00PM,10.6,15
349,05/09/24 07:00:00PM,10.56,14.96
350,05/09/24 07:10:00PM,10.56,14.94
351,05/09/24 07:20:00PM,10.7,14.94
352,05/09/24 07:30:00PM,10.89,14.94
353,05/09/24 07:40:00PM,10.7,15.06
354,05/09/24 07:50:00PM,10.6,15.16
355,05/09/24 08:00:00PM,10.25,14.58
356,05/09/24 08:10:00PM,10.28,14.24
357,05/09/24 08:20:00PM,10.29,14.16
358,05/09/24 08:30:00PM,10.22,14.06
359,05/09/24 08:40:00PM,10.22,13.84
360,05/09/24 08:50:00PM,10.24,13.68
361,05/09/24 09:00:00PM,10.27,13.58
362,05/09/24 09:10:00PM,10.28,13.56
363,05/09/24 09:20:00PM,10.36,13.42
364,05/09/24 09:30:00PM,10.4,13.32
365,05/09/24 09:40:00PM,10.41,13.32
366,05/09/24 09:50:00PM,10.46,13.26
367,05/09/24 10:00:00PM,10.43,13.2
368,05/09/24 10:10:00PM,10.39,13.22
369,05/09/24 10:20:00PM,10.35,13.22
370,05/09/24 10:30:00PM,10.35,13.22
371,05/09/24 10:40:00PM,10.36,13.2
372,05/09/24 10:50:00PM,10.36,13.2
373,05/09/24 11:00:00PM,10.32,13.22
374,05/09/24 11:10:00PM,10.36,13.28
375,05/09/24 11:20:00PM,10.23,13.3
376,05/09/24 11:30:00PM,10.14,13.32
377,05/09/24 11:40:00PM,10.09,13.26
378,05/09/24 11:50:00PM,10.21,13.26
379,05/10/24 12:00:00AM,10.24,13.3
380,05/10/24 12:10:00AM,10.14,13.4
381,05/10/24 12:20:00AM,10.04,13.4
382,05/10/24 12:30:00AM,9.99,13.5
383,05/10/24 12:40:00AM,9.81,13.96
384,05/10/24 12:50:00AM,9.67,14.02
385,05/10/24 01:00:00AM,9.65,13.8
386,05/10/24 01:10:00AM,9.52,13.9
387,05/10/24 01:20:00AM,9.6,13.82
388,05/10/24 01:30:00AM,9.59,13.82
389,05/10/24 01:40:00AM,9.15,13.94
390,05/10/24 01:50:00AM,9.08,14.02
391,05/10/24 02:00:00AM,9.29,13.88
392,05/10/24 02:10:00AM,8.89,14
393,05/10/24 02:20:00AM,8.86,14.12
394,05/10/24 02:30:00AM,8.83,14.1
395,05/10/24 02:40:00AM,8.82,14.08
396,05/10/24 02:50:00AM,8.81,14.04
397,05/10/24 03:00:00AM,8.71,14
398,05/10/24 03:10:00AM,8.75,13.96
399,05/10/24 03:20:00AM,8.7,13.92
400,05/10/24 03:30:00AM,8.67,13.88
401,05/10/24 03:40:00AM,8.66,13.82
402,05/10/24 03:50:00AM,8.72,13.74
403,05/10/24 04:00:00AM,8.7,13.7
404,05/10/24 04:10:00AM,8.71,13.7
405,05/10/24 04:20:00AM,8.61,13.68
406,05/10/24 04:30:00AM,8.58,13.7
407,05/10/24 04:40:00AM,8.45,13.72
408,05/10/24 04:50:00AM,8.39,13.66
409,05/10/24 05:00:00AM,8.42,13.6
410,05/10/24 05:10:00AM,8.38,13.58
411,05/10/24 05:20:00AM,8.48,13.56
412,05/10/24 05:30:00AM,8.51,13.5
413,05/10/24 05:40:00AM,8.34,13.44
414,05/10/24 05:50:00AM,8.14,13.54
415,05/10/24 06:00:00AM,8.1,13.56
416,05/10/24 06:10:00AM,8,13.46
417,05/10/24 06:20:00AM,7.75,13.48
418,05/10/24 06:30:00AM,7.72,13.38
419,05/10/24 06:40:00AM,7.8,13.42
420,05/10/24 06:50:00AM,8.2,13.4
421,05/10/24 07:00:00AM,8.53,13.3
422,05/10/24 07:10:00AM,8.54,13.28
423,05/10/24 07:20:00AM,8.61,13.26
424,05/10/24 07:30:00AM,8.71,13.12
425,05/10/24 07:40:00AM,8.78,13
426,05/10/24 07:50:00AM,8.8,12.94
427,05/10/24 08:00:00AM,8.78,12.96
428,05/10/24 08:10:00AM,8.78,13
429,05/10/24 08:20:00AM,9.04,13.04
430,05/10/24 08:30:00AM,9.24,12.98
431,05/10/24 08:40:00AM,9.36,13
432,05/10/24 08:50:00AM,9.41,13.04
433,05/10/24 09:00:00AM,9.48,13.08
434,05/10/24 09:10:00AM,9.51,13.1
435,05/10/24 09:20:00AM,9.54,13.1
436,05/10/24 09:30:00AM,9.6,13.14
437,05/10/24 09:40:00AM,9.69,13.06
438,05/10/24 09:50:00AM,9.67,13.1
439,05/10/24 10:00:00AM,9.69,13.1
440,05/10/24 10:10:00AM,9.62,13.24
441,05/10/24 10:20:00AM,9.63,13.24
442,05/10/24 10:30:00AM,9.7,13.18
443,05/10/24 10:40:00AM,10.1,13
444,05/10/24 10:50:00AM,10.1,12.9
445,05/10/24 11:00:00AM,10.04,12.94
446,05/10/24 11:10:00AM,10.02,13.02
447,05/10/24 11:20:00AM,9.97,13.16
448,05/10/24 11:30:00AM,9.97,13.24
449,05/10/24 11:40:00AM,9.96,13.32
450,05/10/24 11:50:00AM,10.06,13.36
451,05/10/24 12:00:00PM,10.01,13.5
452,05/10/24 12:10:00PM,9.94,13.62
453,05/10/24 12:20:00PM,9.98,13.66
454,05/10/24 12:30:00PM,10.04,13.82
455,05/10/24 12:40:00PM,9.91,13.94
456,05/10/24 12:50:00PM,9.85,14.1
457,05/10/24 01:00:00PM,9.78,14.16
458,05/10/24 01:10:00PM,9.68,14.24
459,05/10/24 01:20:00PM,9.79,14.4
460,05/10/24 01:30:00PM,9.68,14.5
461,05/10/24 01:40:00PM,9.81,14.64
462,05/10/24 01:50:00PM,9.68,14.7
463,05/10/24 02:00:00PM,9.85,14.86
464,05/10/24 02:10:00PM,9.66,14.94
465,05/10/24 02:20:00PM,9.59,15.12
466,05/10/24 02:30:00PM,9.71,15.18
467,05/10/24 02:40:00PM,9.65,15.36
468,05/10/24 02:50:00PM,9.71,15.48
469,05/10/24 03:00:00PM,9.69,15.6
470,05/10/24 03:10:00PM,9.74,15.78
471,05/10/24 03:20:00PM,9.71,15.72
472,05/10/24 03:30:00PM,9.81,15.68
473,05/10/24 03:40:00PM,9.84,15.68
474,05/10/24 03:50:00PM,9.88,15.64
475,05/10/24 04:00:00PM,9.84,15.6
476,05/10/24 04:10:00PM,9.83,15.6
477,05/10/24 04:20:00PM,9.86,15.56
478,05/10/24 04:30:00PM,9.9,15.44
479,05/10/24 04:40:00PM,10,15.36
480,05/10/24 04:50:00PM,10.06,15.32
481,05/10/24 05:00:00PM,10.21,15.12
482,05/10/24 05:10:00PM,10.35,15.06
483,05/10/24 05:20:00PM,10.34,15.06
484,05/10/24 05:30:00PM,10.38,15
485,05/10/24 05:40:00PM,10.76,14.92
486,05/10/24 05:50:00PM,10.56,14.6
487,05/10/24 06:00:00PM,10.5,14.44
488,05/10/24 06:10:00PM,10.51,14.4
489,05/10/24 06:20:00PM,10.48,14.4
490,05/10/24 06:30:00PM,10.47,14.34
491,05/10/24 06:40:00PM,10.48,14.44
492,05/10/24 06:50:00PM,10.37,14.68
493,05/10/24 07:00:00PM,10.27,14.78
494,05/10/24 07:10:00PM,10.27,14.56
495,05/10/24 07:20:00PM,10.34,14.4
496,05/10/24 07:30:00PM,10.4,14.16
497,05/10/24 07:40:00PM,10.39,14.24
498,05/10/24 07:50:00PM,10.37,14.32
499,05/10/24 08:00:00PM,10.37,14.38
500,05/10/24 08:10:00PM,10.3,14.38
501,05/10/24 08:20:00PM,10.25,14.2
502,05/10/24 08:30:00PM,10.22,14.04
503,05/10/24 08:40:00PM,10.35,13.76
504,05/10/24 08:50:00PM,10.34,13.72
505,05/10/24 09:00:00PM,10.32,13.64
506,05/10/24 09:10:00PM,10.32,13.5
507,05/10/24 09:20:00PM,10.32,13.48
508,05/10/24 09:30:00PM,10.3,13.46
509,05/10/24 09:40:00PM,10.28,13.42
510,05/10/24 09:50:00PM,10.27,13.42
511,05/10/24 10:00:00PM,10.25,13.42
512,05/10/24 10:10:00PM,10.28,13.46
513,05/10/24 10:20:00PM,10.23,13.52
514,05/10/24 10:30:00PM,10.18,13.52
515,05/10/24 10:40:00PM,10.35,13.18
516,05/10/24 10:50:00PM,10.43,13.04
517,05/10/24 11:00:00PM,10.42,13.02
518,05/10/24 11:10:00PM,10.51,12.84
519,05/10/24 11:20:00PM,10.58,12.66
520,05/10/24 11:30:00PM,10.53,12.64
521,05/10/24 11:40:00PM,10.52,12.68
522,05/10/24 11:50:00PM,10.51,12.74
523,05/11/24 12:00:00AM,10.47,12.76
524,05/11/24 12:10:00AM,10.41,12.76
525,05/11/24 12:20:00AM,10.33,12.88
526,05/11/24 12:30:00AM,10.25,12.86
527,05/11/24 12:40:00AM,10.38,12.78
528,05/11/24 12:50:00AM,10.34,12.76
529,05/11/24 01:00:00AM,10.3,12.76
530,05/11/24 01:10:00AM,10.32,12.76
531,05/11/24 01:20:00AM,10.27,12.88
532,05/11/24 01:30:00AM,10.02,13.02
533,05/11/24 01:40:00AM,9.86,13.18
534,05/11/24 01:50:00AM,9.77,13.34
535,05/11/24 02:00:00AM,9.95,12.98
536,05/11/24 02:10:00AM,9.55,13.28
537,05/11/24 02:20:00AM,9.59,13.2
538,05/11/24 02:30:00AM,9.53,13.18
539,05/11/24 02:40:00AM,9.53,13.18
540,05/11/24 02:50:00AM,9.57,13.16
541,05/11/24 03:00:00AM,9.44,13.2
542,05/11/24 03:10:00AM,9.17,13.26
543,05/11/24 03:20:00AM,9.04,13.36
544,05/11/24 03:30:00AM,8.94,13.38
545,05/11/24 03:40:00AM,8.94,13.4
546,05/11/24 03:50:00AM,8.92,13.34
547,05/11/24 04:00:00AM,8.9,13.32
548,05/11/24 04:10:00AM,9.1,13.24
549,05/11/24 04:20:00AM,9.08,13.18
550,05/11/24 04:30:00AM,8.99,13.18
551,05/11/24 04:40:00AM,8.7,13.14
552,05/11/24 04:50:00AM,9.09,13.06
553,05/11/24 05:00:00AM,8.84,13.14
554,05/11/24 05:10:00AM,8.67,13.16
555,05/11/24 05:20:00AM,8.58,13.1
556,05/11/24 05:30:00AM,8.72,13.06
557,05/11/24 05:40:00AM,8.83,13.02
558,05/11/24 05:50:00AM,8.78,13.02
559,05/11/24 06:00:00AM,8.81,12.98
560,05/11/24 06:10:00AM,8.76,13
561,05/11/24 06:20:00AM,8.7,12.9
562,05/11/24 06:30:00AM,8.52,12.92
563,05/11/24 06:40:00AM,8.37,12.94
564,05/11/24 06:50:00AM,8.3,12.82
565,05/11/24 07:00:00AM,8.23,12.8
566,05/11/24 07:10:00AM,8.23,12.8
567,05/11/24 07:20:00AM,8.19,12.86
568,05/11/24 07:30:00AM,8.37,12.88
569,05/11/24 07:40:00AM,8.53,12.9
570,05/11/24 07:50:00AM,8.64,12.9
571,05/11/24 08:00:00AM,8.74,12.84
572,05/11/24 08:10:00AM,8.96,12.82
573,05/11/24 08:20:00AM,9.14,12.82
574,05/11/24 08:30:00AM,9.17,12.9
575,05/11/24 08:40:00AM,9.2,12.88
576,05/11/24 08:50:00AM,9.2,12.9
577,05/11/24 09:00:00AM,9.18,12.92
578,05/11/24 09:10:00AM,9.04,12.96
579,05/11/24 09:20:00AM,9.29,13.02
580,05/11/24 09:30:00AM,9.49,12.94
581,05/11/24 09:40:00AM,9.77,12.84
582,05/11/24 09:50:00AM,9.88,12.76
583,05/11/24 10:00:00AM,9.93,12.86
584,05/11/24 10:10:00AM,9.96,12.86
585,05/11/24 10:20:00AM,9.93,12.78
586,05/11/24 10:30:00AM,9.93,12.76
587,05/11/24 10:40:00AM,9.96,12.84
588,05/11/24 10:50:00AM,10.19,12.82
589,05/11/24 11:00:00AM,10.26,12.74
590,05/11/24 11:10:00AM,10.29,12.76
591,05/11/24 11:20:00AM,10.26,12.82
592,05/11/24 11:30:00AM,10.25,12.92
593,05/11/24 11:40:00AM,10.27,13
594,05/11/24 11:50:00AM,10.34,13.02
595,05/11/24 12:00:00PM,10.39,13.04
596,05/11/24 12:10:00PM,10.38,13.06
597,05/11/24 12:20:00PM,10.37,13.18
598,05/11/24 12:30:00PM,10.38,13.3
599,05/11/24 12:40:00PM,10.36,13.42
600,05/11/24 12:50:00PM,10.29,13.6
601,05/11/24 01:00:00PM,10.26,13.7
602,05/11/24 01:10:00PM,10.27,13.78
603,05/11/24 01:20:00PM,10.27,13.88
604,05/11/24 01:30:00PM,10.18,13.98
605,05/11/24 01:40:00PM,10.23,13.94
606,05/11/24 01:50:00PM,10.22,14
607,05/11/24 02:00:00PM,10.4,13.86
608,05/11/24 02:10:00PM,10.48,13.96
609,05/11/24 02:20:00PM,10.22,14.16
610,05/11/24 02:30:00PM,10.14,14.36
611,05/11/24 02:40:00PM,10.04,14.42
612,05/11/24 02:50:00PM,10.13,14.52
613,05/11/24 03:00:00PM,10.15,14.68
614,05/11/24 03:10:00PM,10,14.74
615,05/11/24 03:20:00PM,10.15,14.92
616,05/11/24 03:30:00PM,10.09,15
617,05/11/24 03:40:00PM,10.14,14.88
618,05/11/24 03:50:00PM,10.16,14.94
619,05/11/24 04:00:00PM,10.18,15.02
620,05/11/24 04:10:00PM,10.14,15.02
621,05/11/24 04:20:00PM,10.15,15.1
622,05/11/24 04:30:00PM,10.22,15.14
623,05/11/24 04:40:00PM,10.2,15.14
624,05/11/24 04:50:00PM,10.14,15.14
625,05/11/24 05:00:00PM,10.16,15.22
626,05/11/24 05:10:00PM,10.2,15.16
627,05/11/24 05:20:00PM,10.25,15.14
628,05/11/24 05:30:00PM,10.22,15.14
629,05/11/24 05:40:00PM,10.21,15.16
630,05/11/24 05:50:00PM,10.2,15.16
631,05/11/24 06:00:00PM,10.23,15.1
632,05/11/24 06:10:00PM,10.72,15.1
633,05/11/24 06:20:00PM,10.62,14.92
634,05/11/24 06:30:00PM,10.58,14.8
635,05/11/24 06:40:00PM,10.58,14.68
636,05/11/24 06:50:00PM,10.62,14.6
637,05/11/24 07:00:00PM,10.64,14.56
638,05/11/24 07:10:00PM,10.67,14.54
639,05/11/24 07:20:00PM,10.63,14.5
640,05/11/24 07:30:00PM,10.61,14.44
641,05/11/24 07:40:00PM,10.6,14.38
642,05/11/24 07:50:00PM,10.57,14.32
643,05/11/24 08:00:00PM,10.57,14.3
644,05/11/24 08:10:00PM,10.57,14.26
645,05/11/24 08:20:00PM,10.48,14.18
646,05/11/24 08:30:00PM,10.61,14.08
647,05/11/24 08:40:00PM,10.67,14.12
648,05/11/24 08:50:00PM,10.68,14.06
649,05/11/24 09:00:00PM,10.62,14.04
650,05/11/24 09:10:00PM,10.65,14.06
651,05/11/24 09:20:00PM,10.53,14.12
652,05/11/24 09:30:00PM,10.48,14.12
653,05/11/24 09:40:00PM,10.38,14.1
654,05/11/24 09:50:00PM,10.27,14.06
655,05/11/24 10:00:00PM,10.27,13.94
656,05/11/24 10:10:00PM,10.38,13.82
657,05/11/24 10:20:00PM,10.35,13.76
658,05/11/24 10:30:00PM,10.4,13.72
659,05/11/24 10:40:00PM,10.39,13.7
660,05/11/24 10:50:00PM,10.38,13.54
661,05/11/24 11:00:00PM,10.43,13.42
662,05/11/24 11:10:00PM,10.44,13.38
663,05/11/24 11:20:00PM,10.46,13.3
664,05/11/24 11:30:00PM,10.53,13.16
665,05/11/24 11:40:00PM,10.56,13.08
666,05/11/24 11:50:00PM,10.61,13.04
667,05/12/24 12:00:00AM,10.61,13.04
668,05/12/24 12:10:00AM,10.58,13.04
669,05/12/24 12:20:00AM,10.58,13
670,05/12/24 12:30:00AM,10.62,12.94
671,05/12/24 12:40:00AM,10.6,12.94
672,05/12/24 12:50:00AM,10.58,12.96
673,05/12/24 01:00:00AM,10.5,13.04
674,05/12/24 01:10:00AM,10.41,13.04
675,05/12/24 01:20:00AM,10.42,13
676,05/12/24 01:30:00AM,10.37,13
677,05/12/24 01:40:00AM,10.34,13.06
678,05/12/24 01:50:00AM,10.15,13.26
679,05/12/24 02:00:00AM,10.33,13.08
680,05/12/24 02:10:00AM,10.05,13.32
681,05/12/24 02:20:00AM,10.22,13.16
682,05/12/24 02:30:00AM,10.09,13.06
683,05/12/24 02:40:00AM,9.82,13.2
684,05/12/24 02:50:00AM,9.8,13.06
685,05/12/24 03:00:00AM,9.7,13.2
686,05/12/24 03:10:00AM,9.57,13.28
687,05/12/24 03:20:00AM,9.29,13.28
688,05/12/24 03:30:00AM,9.3,13.22
689,05/12/24 03:40:00AM,9.38,13.2
690,05/12/24 03:50:00AM,9.34,13.22
691,05/12/24 04:00:00AM,9.28,13.22
692,05/12/24 04:10:00AM,9.38,13.18
693,05/12/24 04:20:00AM,9.23,13.18
694,05/12/24 04:30:00AM,9.18,13.2
695,05/12/24 04:40:00AM,9.65,13.16
696,05/12/24 04:50:00AM,9.63,13.16
697,05/12/24 05:00:00AM,9.79,13.16
698,05/12/24 05:10:00AM,9.83,13.16
699,05/12/24 05:20:00AM,9.71,13.12
700,05/12/24 05:30:00AM,9.69,13.14
701,05/12/24 05:40:00AM,9.31,13.12
702,05/12/24 05:50:00AM,9.34,13.14
703,05/12/24 06:00:00AM,9.72,13.18
704,05/12/24 06:10:00AM,9.69,13.22
705,05/12/24 06:20:00AM,9.46,13.2
706,05/12/24 06:30:00AM,8.85,13.2
707,05/12/24 06:40:00AM,9.18,13.16
708,05/12/24 06:50:00AM,8.98,13.16
709,05/12/24 07:00:00AM,8.87,13.16
710,05/12/24 07:10:00AM,8.79,13.14
711,05/12/24 07:20:00AM,8.73,13.2
712,05/12/24 07:30:00AM,9.27,13.26
713,05/12/24 07:40:00AM,9.24,13.34
714,05/12/24 07:50:00AM,9.2,13.34
715,05/12/24 08:00:00AM,8.74,13.42
716,05/12/24 08:10:00AM,8.96,13.56
717,05/12/24 08:20:00AM,8.86,13.64
718,05/12/24 08:30:00AM,9.01,13.62
719,05/12/24 08:40:00AM,9.14,13.78
720,05/12/24 08:50:00AM,9.09,13.64
721,05/12/24 09:00:00AM,9.23,13.76
722,05/12/24 09:10:00AM,9.56,13.78
723,05/12/24 09:20:00AM,9.57,13.88
724,05/12/24 09:30:00AM,10.22,13.92
725,05/12/24 09:40:00AM,10.13,13.94
726,05/12/24 09:50:00AM,10.21,14.1
727,05/12/24 10:00:00AM,9.92,14.08
728,05/12/24 10:10:00AM,9.94,14.12
729,05/12/24 10:20:00AM,9.97,14.04
730,05/12/24 10:30:00AM,9.94,13.96
731,05/12/24 10:40:00AM,10.13,13.88
732,05/12/24 10:50:00AM,10.21,13.86
733,05/12/24 11:00:00AM,10.29,13.74
734,05/12/24 11:10:00AM,10.41,13.8
735,05/12/24 11:20:00AM,10.43,13.86
736,05/12/24 11:30:00AM,10.42,13.86
737,05/12/24 11:40:00AM,10.36,13.86
738,05/12/24 11:50:00AM,10.47,13.92
739,05/12/24 12:00:00PM,10.44,13.94
740,05/12/24 12:10:00PM,10.51,13.98
741,05/12/24 12:20:00PM,10.52,14.04
742,05/12/24 12:30:00PM,10.53,14.1
743,05/12/24 12:40:00PM,10.52,14.18
744,05/12/24 12:50:00PM,10.53,14.06
745,05/12/24 01:00:00PM,10.54,14.04
746,05/12/24 01:10:00PM,10.62,14.22
747,05/12/24 01:20:00PM,10.66,14.26
748,05/12/24 01:30:00PM,10.63,14.14
749,05/12/24 01:40:00PM,10.64,14.18
750,05/12/24 01:50:00PM,10.67,14.32
751,05/12/24 02:00:00PM,10.66,14.46
752,05/12/24 02:10:00PM,10.65,14.58
753,05/12/24 02:20:00PM,10.67,14.6
754,05/12/24 02:30:00PM,10.66,14.68
755,05/12/24 02:40:00PM,10.77,14.9
756,05/12/24 02:50:00PM,10.78,14.82
757,05/12/24 03:00:00PM,10.71,14.88
758,05/12/24 03:10:00PM,10.7,15.08
759,05/12/24 03:20:00PM,10.71,15.18
760,05/12/24 03:30:00PM,10.67,15.52
761,05/12/24 03:40:00PM,10.55,15.46
762,05/12/24 03:50:00PM,10.74,15.58
763,05/12/24 04:00:00PM,10.32,15.7
764,05/12/24 04:10:00PM,10.4,15.76
765,05/12/24 04:20:00PM,10.28,15.9
766,05/12/24 04:30:00PM,10.21,15.98
767,05/12/24 04:40:00PM,10.25,16.06
768,05/12/24 04:50:00PM,10.19,16.14
769,05/12/24 05:00:00PM,10.2,16.2
770,05/12/24 05:10:00PM,10.21,16.18
771,05/12/24 05:20:00PM,10.2,16.16
772,05/12/24 05:30:00PM,10.21,16.16
773,05/12/24 05:40:00PM,10.16,16.18
774,05/12/24 05:50:00PM,10.32,16.28
775,05/12/24 06:00:00PM,10.4,16.24
776,05/12/24 06:10:00PM,10.36,16.12
777,05/12/24 06:20:00PM,10.3,16.14
778,05/12/24 06:30:00PM,10.26,16.1
779,05/12/24 06:40:00PM,10.28,16.08
780,05/12/24 06:50:00PM,10.24,16.04
781,05/12/24 07:00:00PM,10.27,16
782,05/12/24 07:10:00PM,10.3,15.9
783,05/12/24 07:20:00PM,10.33,15.86
784,05/12/24 07:30:00PM,10.56,15.92
785,05/12/24 07:40:00PM,10.65,15.8
786,05/12/24 07:50:00PM,10.8,15.42
787,05/12/24 08:00:00PM,10.89,15.36
788,05/12/24 08:10:00PM,10.78,15.38
789,05/12/24 08:20:00PM,10.94,15.34
790,05/12/24 08:30:00PM,10.84,15.36
791,05/12/24 08:40:00PM,10.79,15.3
792,05/12/24 08:50:00PM,10.79,15.26
793,05/12/24 09:00:00PM,10.62,15.28
794,05/12/24 09:10:00PM,10.52,15.26
795,05/12/24 09:20:00PM,10.39,15.24
796,05/12/24 09:30:00PM,10.39,15.18
797,05/12/24 09:40:00PM,10.36,15.14
798,05/12/24 09:50:00PM,10.44,15.12
799,05/12/24 10:00:00PM,10.43,15.1
800,05/12/24 10:10:00PM,10.4,15.08
801,05/12/24 10:20:00PM,10.35,15.12
802,05/12/24 10:30:00PM,10.4,15.16
803,05/12/24 10:40:00PM,10.53,15.06
804,05/12/24 10:50:00PM,10.56,14.94
805,05/12/24 11:00:00PM,10.22,14.82
806,05/12/24 11:10:00PM,9.65,14.66
807,05/12/24 11:20:00PM,9.76,14.5
808,05/12/24 11:30:00PM,9.72,14.42
809,05/12/24 11:40:00PM,10.06,14.34
810,05/12/24 11:50:00PM,10.16,14.3
811,05/13/24 12:00:00AM,10.39,14.26
812,05/13/24 12:10:00AM,10.58,13.94
813,05/13/24 12:20:00AM,10.63,13.74
814,05/13/24 12:30:00AM,10.56,13.66
815,05/13/24 12:40:00AM,10.55,13.58
816,05/13/24 12:50:00AM,10.55,13.52
817,05/13/24 01:00:00AM,10.56,13.48
818,05/13/24 01:10:00AM,10.53,13.44
819,05/13/24 01:20:00AM,10.49,13.44
820,05/13/24 01:30:00AM,10.4,13.44
821,05/13/24 01:40:00AM,10.43,13.44
822,05/13/24 01:50:00AM,10.38,13.46
823,05/13/24 02:00:00AM,10.43,13.46
824,05/13/24 02:10:00AM,10.41,13.52
825,05/13/24 02:20:00AM,10.26,13.66
826,05/13/24 02:30:00AM,10.15,13.68
827,05/13/24 02:40:00AM,10.25,13.52
828,05/13/24 02:50:00AM,10.28,13.5
829,05/13/24 03:00:00AM,10.24,13.5
830,05/13/24 03:10:00AM,10.27,13.5
831,05/13/24 03:20:00AM,10.21,13.5
832,05/13/24 03:30:00AM,10.14,13.5
833,05/13/24 03:40:00AM,10.16,13.58
834,05/13/24 03:50:00AM,10.05,13.68
835,05/13/24 04:00:00AM,9.85,13.84
836,05/13/24 04:10:00AM,9.85,13.74
837,05/13/24 04:20:00AM,9.7,13.92
838,05/13/24 04:30:00AM,9.53,13.96
839,05/13/24 04:40:00AM,9.49,13.92
840,05/13/24 04:50:00AM,9.52,13.78
841,05/13/24 05:00:00AM,9.64,13.62
842,05/13/24 05:10:00AM,9.51,13.76
843,05/13/24 05:20:00AM,9.55,13.8
844,05/13/24 05:30:00AM,9.65,13.84
845,05/13/24 05:40:00AM,9.62,13.84
846,05/13/24 05:50:00AM,9.58,13.9
847,05/13/24 06:00:00AM,9.8,13.92
848,05/13/24 06:10:00AM,9.8,13.94
849,05/13/24 06:20:00AM,9.66,13.94
850,05/13/24 06:30:00AM,9.1,14.1
851,05/13/24 06:40:00AM,9.03,14.12
852,05/13/24 06:50:00AM,8.95,14.16
853,05/13/24 07:00:00AM,8.87,14.3
854,05/13/24 07:10:00AM,8.81,14.38
855,05/13/24 07:20:00AM,8.87,14.42
856,05/13/24 07:30:00AM,8.84,14.44
857,05/13/24 07:40:00AM,8.81,14.46
858,05/13/24 07:50:00AM,8.82,14.48
859,05/13/24 08:00:00AM,8.73,14.66
860,05/13/24 08:10:00AM,9.07,14.48
861,05/13/24 08:20:00AM,9.29,14.44
862,05/13/24 08:30:00AM,9.5,14.42
863,05/13/24 08:40:00AM,9.63,14.62
864,05/13/24 08:50:00AM,9.44,14.84
865,05/13/24 09:00:00AM,9.4,14.8
866,05/13/24 09:10:00AM,9.34,14.94
867,05/13/24 09:20:00AM,9.49,14.76
868,05/13/24 09:30:00AM,9.67,14.92
869,05/13/24 09:40:00AM,9.85,15.02
870,05/13/24 09:50:00AM,9.94,15.14
871,05/13/24 10:00:00AM,9.77,15.24
872,05/13/24 10:10:00AM,9.9,15.08
873,05/13/24 10:20:00AM,9.86,15.12
874,05/13/24 10:30:00AM,9.82,15.14
875,05/13/24 10:40:00AM,10.55,15.26
876,05/13/24 10:50:00AM,10.88,15.58
877,05/13/24 11:00:00AM,10.4,15.52
878,05/13/24 11:10:00AM,10.79,15.32
879,05/13/24 11:20:00AM,10.9,15.28
880,05/13/24 11:30:00AM,10.76,15.3
881,05/13/24 11:40:00AM,10.79,15.46
882,05/13/24 11:50:00AM,10.62,15.32
883,05/13/24 12:00:00PM,10.82,15.3
884,05/13/24 12:10:00PM,10.78,15.3
885,05/13/24 12:20:00PM,10.8,15.34
886,05/13/24 12:30:00PM,10.91,15.48
887,05/13/24 12:40:00PM,10.92,15.52
888,05/13/24 12:50:00PM,10.68,15.34
889,05/13/24 01:00:00PM,10.81,15.58
890,05/13/24 01:10:00PM,10.63,15.48
891,05/13/24 01:20:00PM,10.69,15.44
892,05/13/24 01:30:00PM,11.02,15.7
893,05/13/24 01:40:00PM,10.99,15.74
894,05/13/24 01:50:00PM,11.06,15.76
895,05/13/24 02:00:00PM,11.11,15.8
896,05/13/24 02:10:00PM,11.05,15.82
897,05/13/24 02:20:00PM,10.88,15.66
898,05/13/24 02:30:00PM,10.88,15.72
899,05/13/24 02:40:00PM,10.9,15.82
900,05/13/24 02:50:00PM,10.96,15.98
901,05/13/24 03:00:00PM,10.97,16.26
902,05/13/24 03:10:00PM,10.9,16.28
903,05/13/24 03:20:00PM,10.93,16.2
904,05/13/24 03:30:00PM,10.94,16.3
905,05/13/24 03:40:00PM,10.95,16.28
906,05/13/24 03:50:00PM,11.05,16.52
907,05/13/24 04:00:00PM,11.21,16.94
908,05/13/24 04:10:00PM,11.16,17.28
909,05/13/24 04:20:00PM,10.91,17.36
910,05/13/24 04:30:00PM,10.81,17.38
911,05/13/24 04:40:00PM,10.75,17.5
912,05/13/24 04:50:00PM,10.63,17.8
913,05/13/24 05:00:00PM,10.64,17.92
914,05/13/24 05:10:00PM,10.65,17.96
915,05/13/24 05:20:00PM,10.65,17.98
916,05/13/24 05:30:00PM,10.62,18.06
917,05/13/24 05:40:00PM,10.66,18.08
918,05/13/24 05:50:00PM,10.43,18.22
919,05/13/24 06:00:00PM,10.4,18.26
920,05/13/24 06:10:00PM,10.66,18.04
921,05/13/24 06:20:00PM,10.66,17.96
922,05/13/24 06:30:00PM,10.66,17.92
923,05/13/24 06:40:00PM,10.61,17.92
924,05/13/24 06:50:00PM,10.54,17.88
925,05/13/24 07:00:00PM,10.5,17.88
926,05/13/24 07:10:00PM,10.36,17.82
927,05/13/24 07:20:00PM,10.27,17.78
928,05/13/24 07:30:00PM,10.41,17.72
929,05/13/24 07:40:00PM,10.35,17.7
930,05/13/24 07:50:00PM,10.24,17.66
931,05/13/24 08:00:00PM,10.33,17.54
932,05/13/24 08:10:00PM,10.38,17.4
933,05/13/24 08:20:00PM,10.4,17.34
934,05/13/24 08:30:00PM,10.44,17.26
935,05/13/24 08:40:00PM,10.63,17.06
936,05/13/24 08:50:00PM,10.5,16.98
937,05/13/24 09:00:00PM,10.39,17.06
938,05/13/24 09:10:00PM,10.16,16.96
939,05/13/24 09:20:00PM,10.06,17.04
940,05/13/24 09:30:00PM,9.99,17.12
941,05/13/24 09:40:00PM,9.88,17.22
942,05/13/24 09:50:00PM,9.63,17.18
943,05/13/24 10:00:00PM,9.82,16.84
944,05/13/24 10:10:00PM,9.8,16.86
945,05/13/24 10:20:00PM,9.83,16.84
946,05/13/24 10:30:00PM,9.73,16.9
947,05/13/24 10:40:00PM,9.64,16.96
948,05/13/24 10:50:00PM,9.57,16.98
949,05/13/24 11:00:00PM,9.72,16.74
950,05/13/24 11:10:00PM,10.08,16.46
951,05/13/24 11:20:00PM,10.12,16.4
952,05/13/24 11:30:00PM,10.08,16.38
953,05/13/24 11:40:00PM,10.33,16.28
954,05/13/24 11:50:00PM,10.43,16.18
955,05/14/24 12:00:00AM,10.41,16.16
956,05/14/24 12:10:00AM,10.19,16.18
957,05/14/24 12:20:00AM,10.04,16.2
958,05/14/24 12:30:00AM,9.98,16.18
959,05/14/24 12:40:00AM,10.39,15.44
960,05/14/24 12:50:00AM,10.51,14.98
961,05/14/24 01:00:00AM,10.49,14.88
962,05/14/24 01:10:00AM,10.46,14.86
963,05/14/24 01:20:00AM,10.42,14.84
964,05/14/24 01:30:00AM,10.35,14.84
965,05/14/24 01:40:00AM,10.41,14.82
966,05/14/24 01:50:00AM,10.42,14.8
967,05/14/24 02:00:00AM,10.34,14.8
968,05/14/24 02:10:00AM,10.26,14.78
969,05/14/24 02:20:00AM,10.22,14.76
970,05/14/24 02:30:00AM,10.26,14.74
971,05/14/24 02:40:00AM,10.25,14.68
972,05/14/24 02:50:00AM,10.24,14.66
973,05/14/24 03:00:00AM,10.21,14.62
974,05/14/24 03:10:00AM,10.33,14.54
975,05/14/24 03:20:00AM,10.27,14.52
976,05/14/24 03:30:00AM,10.16,14.52
977,05/14/24 03:40:00AM,10.1,14.52
978,05/14/24 03:50:00AM,10.05,14.52
979,05/14/24 04:00:00AM,10.11,14.52
980,05/14/24 04:10:00AM,10.13,14.52
981,05/14/24 04:20:00AM,10.04,14.56
982,05/14/24 04:30:00AM,9.98,14.56
983,05/14/24 04:40:00AM,9.87,14.64
984,05/14/24 04:50:00AM,9.57,15
985,05/14/24 05:00:00AM,9.74,14.82
986,05/14/24 05:10:00AM,9.63,14.82
987,05/14/24 05:20:00AM,9.31,15
988,05/14/24 05:30:00AM,9.45,15.12
989,05/14/24 05:40:00AM,9.34,15.08
990,05/14/24 05:50:00AM,9.18,15.34
991,05/14/24 06:00:00AM,9.11,15.48
992,05/14/24 06:10:00AM,9.13,15.48
993,05/14/24 06:20:00AM,9.04,15.52
994,05/14/24 06:30:00AM,8.84,15.5
995,05/14/24 06:40:00AM,8.75,15.38
996,05/14/24 06:50:00AM,8.79,15.46
997,05/14/24 07:00:00AM,8.78,15.66
998,05/14/24 07:10:00AM,8.75,15.64
999,05/14/24 07:20:00AM,8.83,15.66
1000,05/14/24 07:30:00AM,8.84,15.74
1001,05/14/24 07:40:00AM,8.79,15.82
1002,05/14/24 07:50:00AM,8.83,16
1003,05/14/24 08:00:00AM,8.86,15.76
1004,05/14/24 08:10:00AM,8.87,15.68
1005,05/14/24 08:20:00AM,9.01,15.6
1006,05/14/24 08:30:00AM,9.02,15.58
1007,05/14/24 08:40:00AM,8.93,15.64
1008,05/14/24 08:50:00AM,9.29,15.62
1009,05/14/24 09:00:00AM,9.28,15.76
1010,05/14/24 09:10:00AM,9.2,15.84
1011,05/14/24 09:20:00AM,9.23,15.86
1012,05/14/24 09:30:00AM,9.45,16.02
1013,05/14/24 09:40:00AM,9.31,16.06
1014,05/14/24 09:50:00AM,9.37,16.28
1015,05/14/24 10:00:00AM,9.41,16.34
1016,05/14/24 10:10:00AM,9.4,16.22
1017,05/14/24 10:20:00AM,9.53,16.26
1018,05/14/24 10:30:00AM,9.58,16.42
1019,05/14/24 10:40:00AM,9.65,16.48
1020,05/14/24 10:50:00AM,9.69,16.6
1021,05/14/24 11:00:00AM,9.74,16.74
1022,05/14/24 11:10:00AM,9.73,16.4
1023,05/14/24 11:20:00AM,9.84,16.48
1024,05/14/24 11:30:00AM,9.96,16.42
1025,05/14/24 11:40:00AM,9.94,16.32
1026,05/14/24 11:50:00AM,9.94,16.38
1027,05/14/24 12:00:00PM,9.92,16.52
1028,05/14/24 12:10:00PM,9.98,16.54
1029,05/14/24 12:20:00PM,10.07,16.5
1030,05/14/24 12:30:00PM,10.21,16.56
1031,05/14/24 12:40:00PM,10.39,16.58
1032,05/14/24 12:50:00PM,10.66,16.62
1033,05/14/24 01:00:00PM,11.12,16.82
1034,05/14/24 01:10:00PM,11.32,16.92
1035,05/14/24 01:20:00PM,11.28,16.92
1036,05/14/24 01:30:00PM,10.79,16.92
1037,05/14/24 01:40:00PM,10.83,16.9
1038,05/14/24 01:50:00PM,11.04,16.62
1039,05/14/24 02:00:00PM,11.27,16.14
1040,05/14/24 02:10:00PM,11.34,16.04
1041,05/14/24 02:20:00PM,11.18,16.12
1042,05/14/24 02:30:00PM,11.09,15.98
1043,05/14/24 02:40:00PM,11.17,16.1
1044,05/14/24 02:50:00PM,11.2,16.18
1045,05/14/24 03:00:00PM,11.25,16.3
1046,05/14/24 03:10:00PM,11.32,16.36
1047,05/14/24 03:20:00PM,11.46,16.4
1048,05/14/24 03:30:00PM,11.46,16.46
1049,05/14/24 03:40:00PM,11.39,16.68
1050,05/14/24 03:50:00PM,11.39,16.82
1051,05/14/24 04:00:00PM,11.39,16.92
1052,05/14/24 04:10:00PM,11.4,16.96
1053,05/14/24 04:20:00PM,11.47,17.04
1054,05/14/24 04:30:00PM,11.56,16.94
1055,05/14/24 04:40:00PM,11.42,16.88
1056,05/14/24 04:50:00PM,11.4,16.88
1057,05/14/24 05:00:00PM,11.36,16.96
1058,05/14/24 05:10:00PM,11.37,17
1059,05/14/24 05:20:00PM,11.5,17.16
1060,05/14/24 05:30:00PM,11.34,17.86
1061,05/14/24 05:40:00PM,11.08,17.86
1062,05/14/24 05:50:00PM,11.1,17.9
1063,05/14/24 06:00:00PM,10.97,18.26
1064,05/14/24 06:10:00PM,10.88,18.62
1065,05/14/24 06:20:00PM,10.81,18.78
1066,05/14/24 06:30:00PM,10.78,18.84
1067,05/14/24 06:40:00PM,10.71,18.84
1068,05/14/24 06:50:00PM,10.74,18.8
1069,05/14/24 07:00:00PM,10.71,18.68
1070,05/14/24 07:10:00PM,10.7,18.7
1071,05/14/24 07:20:00PM,10.55,18.74
1072,05/14/24 07:30:00PM,10.56,18.7
1073,05/14/24 07:40:00PM,10.44,18.76
1074,05/14/24 07:50:00PM,10.46,18.7
1075,05/14/24 08:00:00PM,10.34,18.56
1076,05/14/24 08:10:00PM,10.24,18.46
1077,05/14/24 08:20:00PM,10.28,18.36
1078,05/14/24 08:30:00PM,10.41,18.28
1079,05/14/24 08:40:00PM,10.44,18.22
1080,05/14/24 08:50:00PM,10.35,18.16
1081,05/14/24 09:00:00PM,10.36,17.98
1082,05/14/24 09:10:00PM,10.51,17.76
1083,05/14/24 09:20:00PM,10.36,17.66
1084,05/14/24 09:30:00PM,10.41,17.64
1085,05/14/24 09:40:00PM,10.26,17.6
1086,05/14/24 09:50:00PM,9.84,17.52
1087,05/14/24 10:00:00PM,9.94,17.42
1088,05/14/24 10:10:00PM,10.21,17.38
1089,05/14/24 10:20:00PM,10.33,17.32
1090,05/14/24 10:30:00PM,10.24,17
1091,05/14/24 10:40:00PM,10.44,16.9
1092,05/14/24 10:50:00PM,10.56,16.86
1093,05/14/24 11:00:00PM,10.29,16.84
1094,05/14/24 11:10:00PM,10.47,16.86
1095,05/14/24 11:20:00PM,10.39,16.88
1096,05/14/24 11:30:00PM,10.38,16.94
1097,05/14/24 11:40:00PM,9.91,17.18
1098,05/14/24 11:50:00PM,9.91,17.2
1099,05/15/24 12:00:00AM,9.94,17.18
1100,05/15/24 12:10:00AM,10.06,16.98
1101,05/15/24 12:20:00AM,9.98,16.88
1102,05/15/24 12:30:00AM,10.15,16.76
1103,05/15/24 12:40:00AM,10.18,16.7
1104,05/15/24 12:50:00AM,10.14,16.66
1105,05/15/24 01:00:00AM,10.11,16.64
1106,05/15/24 01:10:00AM,9.45,16.68
1107,05/15/24 01:20:00AM,8.33,16.66
1108,05/15/24 01:30:00AM,9.4,16.5
1109,05/15/24 01:40:00AM,9.72,16.38
1110,05/15/24 01:50:00AM,9.73,16.34
1111,05/15/24 02:00:00AM,9.43,16.36
1112,05/15/24 02:10:00AM,8.81,16.52
1113,05/15/24 02:20:00AM,8.56,16.52
1114,05/15/24 02:30:00AM,8.65,16.46
1115,05/15/24 02:40:00AM,9.15,16.34
1116,05/15/24 02:50:00AM,9.4,16.28
1117,05/15/24 03:00:00AM,9.76,16.14
1118,05/15/24 03:10:00AM,9.94,15.78
1119,05/15/24 03:20:00AM,10.18,15.56
1120,05/15/24 03:30:00AM,10.2,15.48
1121,05/15/24 03:40:00AM,10,15.48
1122,05/15/24 03:50:00AM,9.88,15.46
1123,05/15/24 04:00:00AM,9.97,15.5
1124,05/15/24 04:10:00AM,9.9,15.54
1125,05/15/24 04:20:00AM,9.87,15.56
1126,05/15/24 04:30:00AM,9.87,15.52
1127,05/15/24 04:40:00AM,9.82,15.5
1128,05/15/24 04:50:00AM,9.76,15.48
1129,05/15/24 05:00:00AM,9.7,15.48
1130,05/15/24 05:10:00AM,9.78,15.46
1131,05/15/24 05:20:00AM,9.57,15.48
1132,05/15/24 05:30:00AM,9.52,15.62
1133,05/15/24 05:40:00AM,9.6,15.52
1134,05/15/24 05:50:00AM,9.5,15.52
1135,05/15/24 06:00:00AM,9.65,15.66
1136,05/15/24 06:10:00AM,9.73,15.62
1137,05/15/24 06:20:00AM,9.67,15.64
1138,05/15/24 06:30:00AM,9.7,15.6
1139,05/15/24 06:40:00AM,9.73,15.62
1140,05/15/24 06:50:00AM,9.74,15.62
1141,05/15/24 07:00:00AM,9.95,15.68
1142,05/15/24 07:10:00AM,10.08,15.88
1143,05/15/24 07:20:00AM,9.73,16.06
1144,05/15/24 07:30:00AM,9.54,16.1
1145,05/15/24 07:40:00AM,9.42,16.4
1146,05/15/24 07:50:00AM,9.32,16.42
1147,05/15/24 08:00:00AM,9.54,16.42
1148,05/15/24 08:10:00AM,9.26,16.52
1149,05/15/24 08:20:00AM,9.06,16.74
1150,05/15/24 08:30:00AM,8.97,16.8
1151,05/15/24 08:40:00AM,9.02,16.84
1152,05/15/24 08:50:00AM,9.04,17.32
1153,05/15/24 09:00:00AM,9.08,17.66
1154,05/15/24 09:10:00AM,9.16,16.98
1155,05/15/24 09:20:00AM,9.25,16.74
1156,05/15/24 09:30:00AM,9.22,16.88
1157,05/15/24 09:40:00AM,9.43,17.14
1158,05/15/24 09:50:00AM,9.7,17.14
1159,05/15/24 10:00:00AM,9.73,17.2
1160,05/15/24 10:10:00AM,9.54,17.36
1161,05/15/24 10:20:00AM,9.53,17.48
1162,05/15/24 10:30:00AM,9.57,17.48
1163,05/15/24 10:40:00AM,9.41,17.46
1164,05/15/24 10:50:00AM,9.52,17.46
1165,05/15/24 11:00:00AM,9.53,17.38
1166,05/15/24 11:10:00AM,9.95,17.4
1167,05/15/24 11:20:00AM,9.96,17.5
1168,05/15/24 11:30:00AM,10.02,17.66
1169,05/15/24 11:40:00AM,9.85,17.6
1170,05/15/24 11:50:00AM,9.85,17.42
1171,05/15/24 12:00:00PM,10.06,17.34
1172,05/15/24 12:10:00PM,10.16,17.34
1173,05/15/24 12:20:00PM,10.18,17.32
1174,05/15/24 12:30:00PM,10.26,17.36
1175,05/15/24 12:40:00PM,10.4,17.38
1176,05/15/24 12:50:00PM,10.53,17.44
1177,05/15/24 01:00:00PM,10.9,17.44
1178,05/15/24 01:10:00PM,10.74,17.38
1179,05/15/24 01:20:00PM,10.74,17.32
1180,05/15/24 01:30:00PM,10.66,17.26
1181,05/15/24 01:40:00PM,10.9,17.18
1182,05/15/24 01:50:00PM,10.89,17.14
1183,05/15/24 02:00:00PM,11.06,17.06
1184,05/15/24 02:10:00PM,11.12,17.02